index,id
0,4
1,0
2,8
3,2
4,5
5,0
6,8
7,7
8,0
9,8
10,9
11,7
12,6
13,4
14,7
15,8
16,0
17,8
18,5
19,10
20,6
21,10
22,2
23,5
24,5
25,5
26,2
27,5
28,4
29,5
30,7
31,4
32,6
33,7
34,9
35,9
36,6
37,2
38,6
39,7
40,4
41,10
42,6
43,6
44,10
45,2
46,7
47,1
48,5
49,6
50,4
51,8
52,6
53,4
54,9
55,6
56,8
57,3
58,6
59,5
60,5
61,7
62,9
63,4
64,5
65,6
66,6
67,7
68,5
69,2
70,6
71,6
72,10
73,4
74,6
75,4
76,5
77,4
78,5
79,5
80,6
81,3
82,6
83,7
84,4
85,8
86,5
87,6
88,6
89,5
90,6
91,7
92,10
93,5
94,4
95,6
96,6
97,6
98,10
99,4
100,10
101,8
102,5
103,5
104,9
105,5
106,0
107,10
108,6
109,10
110,4
111,10
112,7
113,5
114,2
115,6
116,4
117,8
118,8
119,7
120,7
121,4
122,6
123,2
124,1
125,4
126,1
127,6
128,3
129,4
130,3
131,3
132,6
133,9
134,10
135,6
136,0
137,9
138,4
139,10
140,6
141,7
142,3
143,7
144,6
145,4
146,4
147,4
148,10
149,7
150,6
151,5
152,9
153,8
154,5
155,5
156,10
157,5
158,6
159,6
160,6
161,7
162,6
163,8
164,6
165,6
166,5
167,5
168,8
169,8
170,9
171,5
172,5
173,4
174,8
175,6
176,3
177,7
178,8
179,7
180,7
181,7
182,4
183,5
184,6
185,1
186,1
187,7
188,6
189,10
190,5
191,7
192,4
193,0
194,4
195,2
196,8
197,10
198,8
199,1
200,1
201,9
202,0
203,5
204,6
205,8
206,9
207,6
208,6
209,8
210,8
211,9
212,7
213,4
214,9
215,6
216,4
217,6
218,9
219,4
220,4
221,7
222,5
223,1
224,9
225,4
226,9
227,7
228,4
229,10
230,2
231,1
232,8
233,8
234,8
235,4
236,5
237,7
238,5
239,10
240,8
241,2
242,5
243,8
244,10
245,5
246,5
247,2
248,2
249,6
250,7
251,1
252,4
253,10
254,5
255,10
256,5
257,4
258,8
259,8
260,5
261,8
262,9
263,9
264,1
265,8
266,1
267,4
268,8
269,6
270,6
271,6
272,3
273,5
274,6
275,4
276,10
277,7
278,8
279,6
280,6
281,6
282,4
283,5
284,1
285,7
286,5
287,5
288,0
289,8
290,0
291,6
292,7
293,6
294,5
295,0
296,8
297,6
298,3
299,10
300,7
301,4
302,9
303,6
304,10
305,4
306,5
307,6
308,6
309,2
310,1
311,9
312,7
313,1
314,5
315,7
316,1
317,9
318,7
319,7
320,9
321,0
322,4
323,6
324,6
325,1
326,6
327,9
328,7
329,8
330,4
331,6
332,5
333,1
334,4
335,4
336,6
337,4
338,10
339,6
340,5
341,9
342,5
343,9
344,5
345,10
346,5
347,6
348,6
349,7
350,8
351,5
352,8
353,6
354,6
355,6
356,9
357,10
358,4
359,2
360,10
361,8
362,2
363,8
364,1
365,5
366,2
367,6
368,5
369,1
370,6
371,6
372,3
373,7
374,4
375,6
376,6
377,6
378,1
379,5
380,8
381,6
382,6
383,9
384,1
385,5
386,6
387,6
388,9
389,5
390,4
391,6
392,8
393,7
394,0
395,4
396,8
397,4
398,9
399,7
400,6
401,5
402,8
403,2
404,8
405,1
406,6
407,4
408,6
409,6
410,7
411,4
412,2
413,2
414,6
415,5
416,8
417,7
418,2
419,0
420,2
421,6
422,8
423,5
424,6
425,6
426,6
427,6
428,2
429,1
430,6
431,7
432,10
433,6
434,6
435,7
436,6
437,7
438,6
439,5
440,0
441,8
442,4
443,3
444,7
445,2
446,4
447,8
448,6
449,6
450,4
451,4
452,4
453,9
454,9
455,9
456,2
457,6
458,6
459,8
460,5
461,6
462,10
463,1
464,8
465,8
466,5
467,4
468,10
469,10
470,5
471,8
472,4
473,0
474,6
475,4
476,8
477,5
478,8
479,6
480,4
481,6
482,6
483,6
484,4
485,6
486,1
487,10
488,6
489,7
490,6
491,5
492,7
493,6
494,6
495,6
496,6
497,8
498,5
499,8
500,9
501,4
502,5
503,5
504,6
505,2
506,8
507,4
508,1
509,5
510,9
511,8
512,6
513,8
514,5
515,5
516,6
517,0
518,6
519,10
520,6
521,6
522,4
523,5
524,2
525,5
526,5
527,7
528,9
529,4
530,7
531,2
532,5
533,3
534,6
535,6
536,7
537,2
538,10
539,6
540,3
541,4
542,3
543,5
544,6
545,8
546,8
547,10
548,6
549,8
550,2
551,1
552,6
553,5
554,4
555,8
556,5
557,3
558,6
559,10
560,2
561,8
562,7
563,6
564,9
565,6
566,1
567,6
568,9
569,4
570,9
571,9
572,6
573,5
574,6
575,7
576,4
577,6
578,5
579,5
580,7
581,4
582,6
583,10
584,3
585,3
586,6
587,1
588,9
589,0
590,5
591,7
592,6
593,4
594,4
595,10
596,3
597,6
598,7
599,7
600,5
601,9
602,5
603,4
604,6
605,6
606,5
607,5
608,7
609,6
610,10
611,9
612,4
613,9
614,6
615,7
616,3
617,6
618,5
619,6
620,0
621,6
622,6
623,6
624,6
625,4
626,6
627,6
628,6
629,8
630,10
631,5
632,8
633,8
634,1
635,9
636,6
637,7
638,6
639,6
640,5
641,3
642,7
643,8
644,9
645,4
646,9
647,8
648,4
649,1
650,6
651,5
652,5
653,2
654,7
655,6
656,6
657,8
658,4
659,5
660,6
661,5
662,4
663,9
664,8
665,6
666,5
667,10
668,5
669,4
670,4
671,9
672,1
673,7
674,4
675,5
676,10
677,8
678,7
679,7
680,8
681,2
682,6
683,0
684,6
685,6
686,4
687,2
688,6
689,8
690,8
691,6
692,8
693,10
694,3
695,6
696,8
697,10
698,8
699,5
700,1
701,5
702,5
703,6
704,8
705,2
706,10
707,7
708,5
709,5
710,6
711,6
712,9
713,6
714,8
715,1
716,6
717,4
718,6
719,2
720,7
721,5
722,4
723,1
724,0
725,9
726,4
727,10
728,2
729,10
730,6
731,3
732,7
733,6
734,6
735,4
736,9
737,7
738,6
739,5
740,6
741,8
742,5
743,3
744,2
745,6
746,4
747,6
748,10
749,3
750,10
751,6
752,5
753,6
754,7
755,5
756,2
757,6
758,8
759,5
760,10
761,8
762,0
763,6
764,1
765,4
766,5
767,1
768,3
769,6
770,6
771,1
772,0
773,6
774,5
775,8
776,6
777,5
778,9
779,4
780,8
781,8
782,6
783,5
784,7
785,2
786,6
787,10
788,7
789,6
790,8
791,5
792,9
793,5
794,6
795,4
796,9
797,5
798,6
799,7
800,5
801,3
802,8
803,9
804,6
805,6
806,6
807,8
808,5
809,7
810,9
811,8
812,4
813,4
814,1
815,6
816,5
817,6
818,8
819,8
820,8
821,7
822,6
823,9
824,7
825,9
826,6
827,7
828,6
829,8
830,6
831,3
832,8
833,9
834,6
835,7
836,7
837,6
838,8
839,6
840,7
841,5
842,8
843,3
844,5
845,4
846,5
847,9
848,1
849,6
850,1
851,10
852,5
853,5
854,7
855,0
856,7
857,6
858,8
859,6
860,3
861,4
862,4
863,9
864,1
865,9
866,4
867,8
868,8
869,5
870,2
871,0
872,7
873,1
874,4
875,4
876,5
877,5
878,3
879,0
880,2
881,6
882,10
883,8
884,0
885,6
886,5
887,9
888,5
889,5
890,4
891,7
892,1
893,7
894,2
895,5
896,7
897,5
898,5
899,0
900,5
901,9
902,8
903,6
904,5
905,10
906,6
907,6
908,6
909,6
910,9
911,6
912,9
913,6
914,4
915,6
916,6
917,9
918,6
919,6
920,7
921,2
922,8
923,1
924,2
925,3
926,1
927,1
928,1
929,5
930,4
931,7
932,6
933,5
934,10
935,2
936,10
937,7
938,7
939,6
940,6
941,6
942,10
943,7
944,4
945,7
946,4
947,1
948,4
949,5
950,1
951,9
952,10
953,1
954,6
955,6
956,9
957,9
958,1
959,4
960,1
961,1
962,6
963,1
964,6
965,9
966,3
967,9
968,5
969,6
970,9
971,6
972,5
973,6
974,9
975,6
976,9
977,1
978,6
979,7
980,6
981,6
982,7
983,7
984,6
985,4
986,8
987,5
988,10
989,6
990,5
991,10
992,7
993,5
994,6
995,10
996,4
997,8
998,6
999,4
1000,0
1001,7
1002,7
1003,2
1004,3
1005,10
1006,10
1007,7
1008,6
1009,6
1010,6
1011,7
1012,8
1013,3
1014,5
1015,7
1016,7
1017,10
1018,10
1019,2
1020,6
1021,6
1022,4
1023,6
1024,6
1025,6
1026,10
1027,6
1028,5
1029,8
1030,4
1031,4
1032,8
1033,5
1034,7
1035,6
1036,10
1037,1
1038,8
1039,4
1040,8
1041,6
1042,7
1043,6
1044,8
1045,5
1046,6
1047,1
1048,5
1049,6
1050,5
1051,7
1052,10
1053,4
1054,4
1055,5
1056,4
1057,2
1058,1
1059,5
1060,6
1061,1
1062,6
1063,8
1064,5
1065,4
1066,8
1067,1
1068,8
1069,8
1070,8
1071,5
1072,8
1073,2
1074,4
1075,6
1076,3
1077,9
1078,7
1079,0
1080,1
1081,8
1082,6
1083,6
1084,1
1085,5
1086,2
1087,4
1088,2
1089,9
1090,2
1091,5
1092,6
1093,5
1094,9
1095,7
1096,6
1097,8
1098,4
1099,4
1100,6
1101,10
1102,6
1103,0
1104,7
1105,0
1106,4
1107,8
1108,7
1109,3
1110,6
1111,10
1112,3
1113,5
1114,10
1115,9
1116,3
1117,2
1118,5
1119,4
1120,8
1121,4
1122,8
1123,9
1124,7
1125,6
1126,6
1127,4
1128,5
1129,9
1130,6
1131,0
1132,4
1133,5
1134,8
1135,2
1136,8
1137,7
1138,4
1139,8
1140,0
1141,7
1142,6
1143,9
1144,6
1145,5
1146,9
1147,7
1148,10
1149,5
1150,4
1151,6
1152,4
1153,3
1154,6
1155,2
1156,5
1157,4
1158,0
1159,6
1160,5
1161,4
1162,0
1163,10
1164,7
1165,7
1166,3
1167,4
1168,7
1169,9
1170,0
1171,6
1172,5
1173,6
1174,6
1175,7
1176,8
1177,7
1178,8
1179,6
1180,6
1181,8
1182,6
1183,7
1184,1
1185,5
1186,6
1187,10
1188,10
1189,5
1190,6
1191,6
1192,8
1193,6
1194,7
1195,8
1196,2
1197,7
1198,10
1199,3
1200,10
1201,1
1202,10
1203,0
1204,9
1205,7
1206,9
1207,9
1208,9
1209,2
1210,6
1211,5
1212,6
1213,1
1214,7
1215,10
1216,5
1217,4
1218,7
1219,5
1220,9
1221,10
1222,8
1223,2
1224,1
1225,2
1226,7
1227,6
1228,6
1229,7
1230,6
1231,4
1232,4
1233,2
1234,4
1235,6
1236,7
1237,4
1238,6
1239,6
1240,4
1241,6
1242,4
1243,7
1244,9
1245,6
1246,4
1247,6
1248,7
1249,8
1250,9
1251,9
1252,4
1253,4
1254,5
1255,6
1256,5
1257,8
1258,6
1259,5
1260,6
1261,6
1262,5
1263,5
1264,5
1265,7
1266,7
1267,5
1268,6
1269,2
1270,6
1271,4
1272,7
1273,6
1274,6
1275,6
1276,0
1277,6
1278,2
1279,10
1280,6
1281,4
1282,6
1283,3
1284,4
1285,6
1286,8
1287,9
1288,8
1289,2
1290,10
1291,4
1292,5
1293,8
1294,6
1295,9
1296,6
1297,8
1298,8
1299,4
1300,7
1301,4
1302,7
1303,5
1304,2
1305,7
1306,5
1307,6
1308,7
1309,10
1310,5
1311,5
1312,2
1313,7
1314,2
1315,6
1316,7
1317,7
1318,2
1319,6
1320,4
1321,0
1322,9
1323,6
1324,7
1325,8
1326,7
1327,7
1328,8
1329,8
1330,0
1331,6
1332,10
1333,8
1334,5
1335,4
1336,4
1337,7
1338,0
1339,5
1340,6
1341,8
1342,6
1343,6
1344,6
1345,1
1346,4
1347,6
1348,7
1349,6
1350,9
1351,10
1352,6
1353,2
1354,7
1355,6
1356,9
1357,6
1358,6
1359,8
1360,5
1361,6
1362,6
1363,7
1364,0
1365,9
1366,9
1367,1
1368,3
1369,4
1370,5
1371,5
1372,9
1373,7
1374,10
1375,5
1376,4
1377,6
1378,7
1379,6
1380,2
1381,8
1382,4
1383,4
1384,10
1385,4
1386,10
1387,4
1388,2
1389,6
1390,6
1391,7
1392,9
1393,8
1394,1
1395,4
1396,7
1397,4
1398,8
1399,8
1400,5
1401,2
1402,4
1403,5
1404,4
1405,6
1406,8
1407,8
1408,8
1409,6
1410,10
1411,1
1412,8
1413,6
1414,2
1415,8
1416,0
1417,5
1418,9
1419,2
1420,6
1421,4
1422,6
1423,8
1424,6
1425,2
1426,9
1427,6
1428,5
1429,6
1430,10
1431,8
1432,2
1433,3
1434,8
1435,8
1436,10
1437,5
1438,6
1439,9
1440,6
1441,10
1442,8
1443,6
1444,3
1445,10
1446,10
1447,4
1448,6
1449,6
1450,9
1451,2
1452,8
1453,5
1454,4
1455,10
1456,7
1457,9
1458,10
1459,7
1460,7
1461,6
1462,4
1463,7
1464,0
1465,5
1466,6
1467,4
1468,6
1469,5
1470,0
1471,6
1472,8
1473,8
1474,10
1475,8
1476,1
1477,8
1478,8
1479,1
1480,2
1481,6
1482,7
1483,9
1484,1
1485,1
1486,7
1487,7
1488,9
1489,4
1490,6
1491,1
1492,8
1493,9
1494,6
1495,4
1496,1
1497,6
1498,7
1499,4
1500,10
1501,6
1502,7
1503,9
1504,3
1505,1
1506,10
1507,6
1508,8
1509,7
1510,8
1511,9
1512,4
1513,7
1514,6
1515,6
1516,4
1517,4
1518,6
1519,1
1520,5
1521,7
1522,2
1523,6
1524,4
1525,9
1526,7
1527,8
1528,7
1529,2
1530,5
1531,4
1532,1
1533,3
1534,6
1535,9
1536,5
1537,7
1538,5
1539,6
1540,6
1541,10
1542,9
1543,4
1544,9
1545,6
1546,2
1547,0
1548,6
1549,5
1550,6
1551,10
1552,3
1553,8
1554,6
1555,6
1556,8
1557,6
1558,9
1559,9
1560,6
1561,1
1562,4
1563,7
1564,6
1565,6
1566,4
1567,4
1568,9
1569,6
1570,1
1571,9
1572,7
1573,7
1574,7
1575,7
1576,6
1577,6
1578,0
1579,1
1580,7
1581,2
1582,9
1583,8
1584,4
1585,8
1586,4
1587,9
1588,6
1589,10
1590,8
1591,1
1592,0
1593,6
1594,6
1595,0
1596,5
1597,9
1598,1
1599,3
1600,4
1601,6
1602,8
1603,8
1604,2
1605,9
1606,9
1607,6
1608,0
1609,6
1610,6
1611,7
1612,7
1613,6
1614,7
1615,5
1616,1
1617,5
1618,3
1619,5
1620,8
1621,3
1622,3
1623,7
1624,1
1625,6
1626,3
1627,6
1628,9
1629,6
1630,7
1631,6
1632,6
1633,6
1634,8
1635,1
1636,9
1637,1
1638,5
1639,1
1640,2
1641,4
1642,7
1643,2
1644,6
1645,3
1646,6
1647,7
1648,8
1649,7
1650,7
1651,4
1652,9
1653,4
1654,3
1655,6
1656,5
1657,5
1658,6
1659,9
1660,4
1661,8
1662,1
1663,2
1664,7
1665,8
1666,0
1667,6
1668,6
1669,8
1670,0
1671,7
1672,2
1673,4
1674,8
1675,9
1676,0
1677,5
1678,8
1679,7
1680,9
1681,5
1682,4
1683,0
1684,10
1685,8
1686,2
1687,10
1688,6
1689,6
1690,5
1691,1
1692,8
1693,2
1694,10
1695,3
1696,6
1697,5
1698,2
1699,3
1700,6
1701,6
1702,6
1703,6
1704,4
1705,2
1706,10
1707,1
1708,4
1709,5
1710,5
1711,4
1712,4
1713,4
1714,7
1715,4
1716,4
1717,6
1718,6
1719,6
1720,8
1721,8
1722,6
1723,3
1724,3
1725,4
1726,7
1727,8
1728,6
1729,3
1730,7
1731,3
1732,6
1733,0
1734,4
1735,1
1736,8
1737,2
1738,8
1739,5
1740,6
1741,4
1742,2
1743,9
1744,1
1745,5
1746,7
1747,6
1748,2
1749,2
1750,2
1751,4
1752,5
1753,0
1754,4
1755,7
1756,3
1757,4
1758,7
1759,7
1760,5
1761,1
1762,7
1763,7
1764,6
1765,2
1766,4
1767,7
1768,7
1769,3
1770,9
1771,7
1772,8
1773,5
1774,3
1775,6
1776,6
1777,7
1778,4
1779,4
1780,5
1781,6
1782,1
1783,7
1784,7
1785,10
1786,4
1787,8
1788,9
1789,8
1790,5
1791,8
1792,8
1793,2
1794,5
1795,10
1796,6
1797,6
1798,6
1799,8
1800,10
1801,1
1802,6
1803,6
1804,4
1805,7
1806,0
1807,10
1808,4
1809,4
1810,0
1811,6
1812,6
1813,4
1814,7
1815,4
1816,5
1817,5
1818,9
1819,6
1820,7
1821,10
1822,2
1823,8
1824,7
1825,0
1826,2
1827,6
1828,8
1829,5
1830,2
1831,0
1832,5
1833,9
1834,5
1835,8
1836,7
1837,8
1838,5
1839,6
1840,9
1841,4
1842,8
1843,7
1844,8
1845,7
1846,5
1847,6
1848,5
1849,4
1850,9
1851,6
1852,0
1853,6
1854,6
1855,3
1856,10
1857,4
1858,10
1859,6
1860,7
1861,6
1862,7
1863,2
1864,8
1865,6
1866,6
1867,10
1868,6
1869,8
1870,6
1871,1
1872,4
1873,9
1874,2
1875,6
1876,8
1877,4
1878,6
1879,4
1880,8
1881,0
1882,6
1883,0
1884,6
1885,3
1886,5
1887,10
1888,6
1889,5
1890,6
1891,9
1892,6
1893,8
1894,8
1895,9
1896,3
1897,8
1898,6
1899,9
1900,4
1901,8
1902,6
1903,4
1904,4
1905,2
1906,4
1907,9
1908,7
1909,4
1910,6
1911,8
1912,4
1913,6
1914,10
1915,0
1916,8
1917,6
1918,4
1919,6
1920,6
1921,3
1922,8
1923,0
1924,7
1925,6
1926,0
1927,6
1928,6
1929,8
1930,5
1931,6
1932,3
1933,4
1934,8
1935,8
1936,4
1937,4
1938,2
1939,4
1940,8
1941,6
1942,8
1943,2
1944,8
1945,6
1946,4
1947,3
1948,8
1949,5
1950,6
1951,6
1952,7
1953,6
1954,5
1955,5
1956,9
1957,4
1958,7
1959,5
1960,5
1961,4
1962,2
1963,5
1964,6
1965,5
1966,0
1967,6
1968,4
1969,6
1970,2
1971,2
1972,6
1973,7
1974,7
1975,8
1976,5
1977,9
1978,1
1979,4
1980,6
1981,7
1982,5
1983,6
1984,8
1985,6
1986,5
1987,8
1988,4
1989,5
1990,10
1991,8
1992,9
1993,9
1994,4
1995,6
1996,6
1997,4
1998,6
1999,10
2000,6
2001,1
2002,2
2003,5
2004,9
2005,8
2006,1
2007,6
2008,5
2009,6
2010,5
2011,7
2012,6
2013,8
2014,6
2015,0
2016,10
2017,6
2018,4
2019,5
2020,8
2021,9
2022,7
2023,5
2024,5
2025,7
2026,6
2027,5
2028,3
2029,3
2030,6
2031,5
2032,6
2033,6
2034,10
2035,6
2036,5
2037,4
2038,5
2039,6
2040,9
2041,9
2042,0
2043,8
2044,6
2045,8
2046,9
2047,8
2048,9
2049,6
2050,1
2051,5
2052,0
2053,5
2054,10
2055,0
2056,10
2057,7
2058,7
2059,5
2060,6
2061,4
2062,0
2063,9
2064,8
2065,5
2066,6
2067,3
2068,7
2069,1
2070,8
2071,8
2072,4
2073,6
2074,6
2075,7
2076,4
2077,8
2078,3
2079,0
2080,1
2081,4
2082,2
2083,5
2084,5
2085,7
2086,8
2087,7
2088,9
2089,6
2090,8
2091,6
2092,4
2093,5
2094,1
2095,6
2096,1
2097,0
2098,7
2099,5
2100,8
2101,7
2102,6
2103,6
2104,7
2105,4
2106,4
2107,8
2108,10
2109,6
2110,10
2111,8
2112,10
2113,6
2114,9
2115,4
2116,7
2117,10
2118,7
2119,6
2120,9
2121,7
2122,8
2123,6
2124,7
2125,6
2126,5
2127,2
2128,8
2129,8
2130,5
2131,10
2132,4
2133,6
2134,1
2135,1
2136,8
2137,10
2138,10
2139,6
2140,8
2141,10
2142,5
2143,3
2144,6
2145,0
2146,8
2147,10
2148,6
2149,4
2150,7
2151,9
2152,8
2153,10
2154,8
2155,5
2156,9
2157,2
2158,3
2159,10
2160,6
2161,2
2162,2
2163,5
2164,10
2165,3
2166,2
2167,6
2168,0
2169,9
2170,6
2171,6
2172,5
2173,7
2174,5
2175,9
2176,5
2177,5
2178,8
2179,6
2180,4
2181,10
2182,10
2183,4
2184,8
2185,10
2186,4
2187,10
2188,6
2189,6
2190,10
2191,6
2192,9
2193,5
2194,0
2195,9
2196,5
2197,2
2198,5
2199,2
2200,5
2201,4
2202,6
2203,6
2204,6
2205,2
2206,9
2207,2
2208,4
2209,4
2210,4
2211,10
2212,6
2213,10
2214,6
2215,1
2216,6
2217,7
2218,1
2219,5
2220,3
2221,10
2222,5
2223,5
2224,6
2225,7
2226,4
2227,6
2228,2
2229,4
2230,6
2231,2
2232,6
2233,5
2234,9
2235,8
2236,6
2237,2
2238,6
2239,2
2240,2
2241,1
2242,3
2243,1
2244,6
2245,5
2246,2
2247,3
2248,2
2249,9
2250,5
2251,9
2252,7
2253,9
2254,6
2255,4
2256,8
2257,4
2258,7
2259,7
2260,6
2261,4
2262,8
2263,6
2264,6
2265,4
2266,5
2267,2
2268,9
2269,8
2270,1
2271,6
2272,6
2273,10
2274,7
2275,6
2276,3
2277,5
2278,9
2279,10
2280,6
2281,3
2282,5
2283,0
2284,7
2285,6
2286,0
2287,8
2288,6
2289,6
2290,8
2291,4
2292,5
2293,5
2294,9
2295,7
2296,6
2297,4
2298,7
2299,9
2300,6
2301,0
2302,5
2303,0
2304,9
2305,1
2306,7
2307,1
2308,2
2309,6
2310,4
2311,9
2312,6
2313,6
2314,1
2315,3
2316,7
2317,10
2318,8
2319,3
2320,7
2321,9
2322,4
2323,10
2324,4
2325,6
2326,6
2327,4
2328,6
2329,4
2330,6
2331,4
2332,4
2333,6
2334,4
2335,6
2336,4
2337,7
2338,9
2339,10
2340,10
2341,6
2342,5
2343,7
2344,6
2345,6
2346,4
2347,6
2348,6
2349,6
2350,4
2351,7
2352,6
2353,5
2354,7
2355,5
2356,5
2357,9
2358,2
2359,5
2360,4
2361,0
2362,4
2363,4
2364,0
2365,7
2366,6
2367,8
2368,6
2369,7
2370,1
2371,6
2372,7
2373,7
2374,6
2375,6
2376,10
2377,6
2378,9
2379,3
2380,6
2381,2
2382,7
2383,7
2384,4
2385,4
2386,6
2387,10
2388,6
2389,7
2390,7
2391,7
2392,0
2393,0
2394,5
2395,5
2396,4
2397,9
2398,6
2399,1
2400,9
2401,6
2402,7
2403,0
2404,3
2405,6
2406,9
2407,3
2408,7
2409,4
2410,6
2411,3
2412,2
2413,2
2414,1
2415,9
2416,5
2417,6
2418,9
2419,6
2420,5
2421,6
2422,2
2423,6
2424,4
2425,5
2426,5
2427,8
2428,5
2429,0
2430,2
2431,5
2432,10
2433,8
2434,10
2435,3
2436,5
2437,6
2438,9
2439,4
2440,5
2441,3
2442,7
2443,1
2444,7
2445,8
2446,5
2447,6
2448,2
2449,4
2450,9
2451,10
2452,5
2453,7
2454,9
2455,6
2456,6
2457,1
2458,5
2459,8
2460,7
2461,2
2462,6
2463,5
2464,6
2465,6
2466,3
2467,7
2468,6
2469,8
2470,6
2471,8
2472,8
2473,9
2474,6
2475,5
2476,6
2477,1
2478,6
2479,0
2480,6
2481,10
2482,6
2483,10
2484,8
2485,6
2486,5
2487,8
2488,6
2489,7
2490,9
2491,9
2492,6
2493,5
2494,3
2495,4
2496,6
2497,4
2498,2
2499,5
2500,9
2501,9
2502,6
2503,7
2504,0
2505,6
2506,4
2507,4
2508,6
2509,8
2510,1
2511,6
2512,10
2513,7
2514,6
2515,4
2516,6
2517,3
2518,6
2519,6
2520,7
2521,4
2522,5
2523,5
2524,10
2525,6
2526,3
2527,6
2528,1
2529,8
2530,2
2531,8
2532,6
2533,5
2534,6
2535,6
2536,4
2537,1
2538,6
2539,5
2540,8
2541,8
2542,7
2543,3
2544,0
2545,6
2546,10
2547,8
2548,2
2549,6
2550,2
2551,6
2552,5
2553,6
2554,0
2555,0
2556,3
2557,10
2558,4
2559,0
2560,2
2561,8
2562,7
2563,4
2564,6
2565,8
2566,6
2567,9
2568,8
2569,2
2570,1
2571,7
2572,0
2573,5
2574,10
2575,1
2576,1
2577,5
2578,3
2579,6
2580,6
2581,7
2582,6
2583,6
2584,3
2585,0
2586,10
2587,5
2588,7
2589,3
2590,1
2591,8
2592,6
2593,6
2594,1
2595,8
2596,7
2597,6
2598,7
2599,3
2600,5
2601,8
2602,1
2603,9
2604,5
2605,4
2606,2
2607,6
2608,7
2609,0
2610,2
2611,6
2612,6
2613,6
2614,5
2615,5
2616,6
2617,7
2618,1
2619,5
2620,6
2621,7
2622,9
2623,6
2624,9
2625,6
2626,9
2627,8
2628,6
2629,10
2630,8
2631,5
2632,6
2633,5
2634,5
2635,8
2636,6
2637,10
2638,7
2639,4
2640,5
2641,7
2642,7
2643,6
2644,1
2645,8
2646,7
2647,0
2648,8
2649,8
2650,6
2651,4
2652,7
2653,6
2654,9
2655,6
2656,5
2657,2
2658,4
2659,2
2660,4
2661,4
2662,6
2663,8
2664,6
2665,6
2666,9
2667,6
2668,5
2669,6
2670,10
2671,10
2672,10
2673,8
2674,2
2675,7
2676,7
2677,10
2678,4
2679,3
2680,3
2681,4
2682,10
2683,6
2684,10
2685,6
2686,6
2687,6
2688,6
2689,3
2690,6
2691,5
2692,5
2693,1
2694,6
2695,9
2696,2
2697,2
2698,6
2699,9
2700,8
2701,5
2702,6
2703,9
2704,6
2705,5
2706,6
2707,5
2708,6
2709,3
2710,6
2711,1
2712,5
2713,7
2714,8
2715,4
2716,2
2717,6
2718,5
2719,5
2720,5
2721,9
2722,8
2723,4
2724,6
2725,9
2726,5
2727,8
2728,6
2729,2
2730,9
2731,6
2732,0
2733,2
2734,7
2735,6
2736,2
2737,8
2738,4
2739,0
2740,5
2741,7
2742,3
2743,6
2744,6
2745,9
2746,5
2747,6
2748,6
2749,9
2750,6
2751,7
2752,4
2753,8
2754,10
2755,8
2756,6
2757,6
2758,4
2759,6
2760,6
2761,7
2762,8
2763,8
2764,6
2765,0
2766,7
2767,6
2768,5
2769,7
2770,9
2771,4
2772,6
2773,6
2774,6
2775,6
2776,2
2777,1
2778,4
2779,4
2780,9
2781,6
2782,7
2783,6
2784,7
2785,5
2786,10
2787,9
2788,5
2789,8
2790,0
2791,6
2792,2
2793,0
2794,4
2795,7
2796,0
2797,4
2798,8
2799,4
2800,6
2801,5
2802,7
2803,5
2804,0
2805,7
2806,6
2807,6
2808,10
2809,4
2810,2
2811,5
2812,4
2813,6
2814,8
2815,5
2816,1
2817,5
2818,1
2819,6
2820,4
2821,6
2822,5
2823,6
2824,6
2825,10
2826,9
2827,2
2828,8
2829,4
2830,5
2831,4
2832,5
2833,10
2834,1
2835,5
2836,5
2837,6
2838,6
2839,6
2840,7
2841,10
2842,7
2843,4
2844,10
2845,10
2846,5
2847,1
2848,5
2849,7
2850,0
2851,3
2852,6
2853,5
2854,7
2855,10
2856,0
2857,4
2858,4
2859,5
2860,4
2861,5
2862,8
2863,8
2864,6
2865,8
2866,6
2867,3
2868,6
2869,9
2870,6
2871,6
2872,9
2873,7
2874,6
2875,8
2876,4
2877,3
2878,5
2879,4
2880,6
2881,6
2882,7
2883,9
2884,6
2885,6
2886,7
2887,5
2888,5
2889,5
2890,6
2891,1
2892,6
2893,8
2894,5
2895,5
2896,4
2897,6
2898,9
2899,6
2900,6
2901,4
2902,6
2903,8
2904,7
2905,6
2906,6
2907,7
2908,4
2909,5
2910,10
2911,5
2912,0
2913,9
2914,6
2915,8
2916,7
2917,0
2918,6
2919,1
2920,0
2921,9
2922,5
2923,8
2924,6
2925,2
2926,6
2927,1
2928,7
2929,10
2930,6
2931,3
2932,10
2933,5
2934,4
2935,8
2936,9
2937,1
2938,7
2939,2
2940,6
2941,2
2942,8
2943,4
2944,4
2945,4
2946,4
2947,6
2948,4
2949,4
2950,5
2951,6
2952,10
2953,6
2954,6
2955,3
2956,8
2957,7
2958,9
2959,7
2960,8
2961,4
2962,3
2963,6
2964,1
2965,6
2966,7
2967,10
2968,8
2969,3
2970,4
2971,7
2972,8
2973,8
2974,2
2975,7
2976,8
2977,4
2978,7
2979,4
2980,6
2981,5
2982,8
2983,2
2984,4
2985,6
2986,7
2987,6
2988,2
2989,1
2990,6
2991,7
2992,1
2993,8
2994,9
2995,1
2996,0
2997,6
2998,3
2999,4
3000,5
3001,8
3002,5
3003,6
3004,8
3005,5
3006,8
3007,6
3008,6
3009,6
3010,8
3011,6
3012,5
3013,6
3014,4
3015,0
3016,6
3017,2
3018,3
3019,9
3020,2
3021,4
3022,2
3023,9
3024,8
3025,10
3026,9
3027,2
3028,7
3029,6
3030,6
3031,5
3032,1
3033,5
3034,7
3035,4
3036,6
3037,8
3038,8
3039,8
3040,4
3041,8
3042,6
3043,6
3044,6
3045,1
3046,8
3047,6
3048,2
3049,1
3050,6
3051,0
3052,4
3053,6
3054,6
3055,8
3056,3
3057,5
3058,8
3059,8
3060,7
3061,8
3062,0
3063,8
3064,5
3065,6
3066,8
3067,8
3068,6
3069,6
3070,2
3071,2
3072,10
3073,2
3074,7
3075,0
3076,6
3077,5
3078,5
3079,1
3080,10
3081,6
3082,6
3083,10
3084,7
3085,7
3086,4
3087,6
3088,10
3089,7
3090,6
3091,4
3092,3
3093,6
3094,2
3095,4
3096,8
3097,6
3098,4
3099,0
3100,6
3101,6
3102,5
3103,6
3104,8
3105,6
3106,5
3107,4
3108,8
3109,8
3110,0
3111,9
3112,7
3113,9
3114,6
3115,4
3116,8
3117,5
3118,4
3119,6
3120,6
3121,6
3122,5
3123,10
3124,5
3125,6
3126,6
3127,6
3128,5
3129,1
3130,10
3131,5
3132,10
3133,5
3134,10
3135,7
3136,10
3137,10
3138,7
3139,4
3140,5
3141,8
3142,0
3143,4
3144,2
3145,4
3146,1
3147,6
3148,6
3149,6
3150,4
3151,6
3152,7
3153,10
3154,7
3155,6
3156,10
3157,8
3158,9
3159,10
3160,8
3161,4
3162,0
3163,9
3164,6
3165,8
3166,6
3167,6
3168,10
3169,9
3170,6
3171,6
3172,5
3173,9
3174,5
3175,8
3176,6
3177,3
3178,9
3179,4
3180,8
3181,2
3182,0
3183,4
3184,10
3185,9
3186,6
3187,6
3188,4
3189,8
3190,6
3191,4
3192,2
3193,8
3194,6
3195,4
3196,6
3197,7
3198,5
3199,3
3200,5
3201,8
3202,8
3203,8
3204,2
3205,8
3206,0
3207,6
3208,4
3209,1
3210,7
3211,7
3212,6
3213,5
3214,1
3215,6
3216,5
3217,8
3218,6
3219,4
3220,5
3221,7
3222,10
3223,5
3224,3
3225,8
3226,6
3227,7
3228,4
3229,0
3230,6
3231,3
3232,0
3233,5
3234,8
3235,9
3236,2
3237,4
3238,8
3239,4
3240,5
3241,6
3242,8
3243,10
3244,6
3245,1
3246,5
3247,1
3248,7
3249,10
3250,6
3251,2
3252,6
3253,4
3254,5
3255,6
3256,8
3257,10
3258,8
3259,6
3260,4
3261,6
3262,6
3263,0
3264,5
3265,6
3266,1
3267,6
3268,6
3269,4
3270,6
3271,9
3272,6
3273,6
3274,6
3275,5
3276,6
3277,6
3278,6
3279,3
3280,9
3281,2
3282,7
3283,4
3284,2
3285,4
3286,9
3287,7
3288,6
3289,2
3290,6
3291,10
3292,8
3293,8
3294,7
3295,6
3296,1
3297,6
3298,8
3299,10
3300,8
3301,6
3302,1
3303,5
3304,10
3305,6
3306,9
3307,9
3308,5
3309,6
3310,4
3311,6
3312,3
3313,9
3314,8
3315,5
3316,6
3317,8
3318,6
3319,4
3320,2
3321,9
3322,7
3323,4
3324,1
3325,8
3326,6
3327,3
3328,9
3329,10
3330,6
3331,4
3332,1
3333,9
3334,0
3335,6
3336,1
3337,3
3338,5
3339,2
3340,7
3341,10
3342,7
3343,6
3344,6
3345,4
3346,6
3347,9
3348,7
3349,8
3350,9
3351,7
3352,6
3353,7
3354,0
3355,6
3356,8
3357,4
3358,10
3359,8
3360,6
3361,5
3362,9
3363,10
3364,9
3365,4
3366,8
3367,10
3368,6
3369,8
3370,8
3371,6
3372,6
3373,6
3374,6
3375,4
3376,6
3377,6
3378,5
3379,9
3380,6
3381,10
3382,4
3383,6
3384,9
3385,0
3386,10
3387,4
3388,6
3389,6
3390,6
3391,1
3392,0
3393,8
3394,4
3395,10
3396,7
3397,4
3398,6
3399,6
3400,6
3401,6
3402,6
3403,6
3404,9
3405,6
3406,6
3407,5
3408,5
3409,6
3410,2
3411,2
3412,9
3413,2
3414,3
3415,7
3416,2
3417,9
3418,4
3419,9
3420,9
3421,2
3422,3
3423,5
3424,6
3425,2
3426,7
3427,7
3428,2
3429,10
3430,8
3431,4
3432,6
3433,10
3434,8
3435,8
3436,3
3437,6
3438,5
3439,8
3440,6
3441,4
3442,1
3443,3
3444,0
3445,5
3446,10
3447,6
3448,6
3449,0
3450,9
3451,6
3452,7
3453,6
3454,7
3455,3
3456,8
3457,4
3458,0
3459,7
3460,2
3461,7
3462,10
3463,4
3464,6
3465,8
3466,6
3467,4
3468,6
3469,0
3470,10
3471,6
3472,8
3473,6
3474,8
3475,5
3476,8
3477,9
3478,10
3479,7
3480,6
3481,8
3482,6
3483,6
3484,7
3485,5
3486,7
3487,1
3488,6
3489,8
3490,9
3491,6
3492,6
3493,5
3494,1
3495,9
3496,10
3497,6
3498,2
3499,5
3500,6
3501,8
3502,8
3503,0
3504,10
3505,9
3506,6
3507,5
3508,5
3509,0
3510,6
3511,6
3512,2
3513,6
3514,5
3515,5
3516,6
3517,8
3518,6
3519,6
3520,6
3521,2
3522,8
3523,8
3524,10
3525,9
3526,1
3527,6
3528,8
3529,2
3530,2
3531,8
3532,1
3533,6
3534,5
3535,8
3536,4
3537,10
3538,8
3539,9
3540,10
3541,1
3542,9
3543,5
3544,7
3545,8
3546,1
3547,0
3548,4
3549,6
3550,1
3551,7
3552,4
3553,8
3554,3
3555,5
3556,8
3557,6
3558,6
3559,6
3560,10
3561,6
3562,4
3563,0
3564,6
3565,6
3566,6
3567,8
3568,4
3569,6
3570,6
3571,9
3572,8
3573,6
3574,5
3575,8
3576,6
3577,3
3578,0
3579,5
3580,3
3581,3
3582,6
3583,5
3584,4
3585,2
3586,7
3587,1
3588,6
3589,6
3590,7
3591,10
3592,7
3593,7
3594,6
3595,7
3596,7
3597,2
3598,7
3599,10
3600,6
3601,7
3602,6
3603,0
3604,6
3605,4
3606,7
3607,5
3608,7
3609,9
3610,0
3611,9
3612,6
3613,4
3614,5
3615,5
3616,4
3617,4
3618,8
3619,6
3620,3
3621,0
3622,6
3623,2
3624,5
3625,8
3626,8
3627,6
3628,2
3629,3
3630,5
3631,5
3632,9
3633,8
3634,6
3635,5
3636,4
3637,5
3638,4
3639,1
3640,7
3641,7
3642,4
3643,6
3644,9
3645,5
3646,2
3647,10
3648,9
3649,6
3650,8
3651,9
3652,6
3653,2
3654,4
3655,6
3656,6
3657,6
3658,10
3659,7
3660,8
3661,2
3662,10
3663,5
3664,8
3665,6
3666,3
3667,7
3668,6
3669,8
3670,8
3671,6
3672,7
3673,8
3674,6
3675,7
3676,8
3677,0
3678,6
3679,6
3680,8
3681,3
3682,6
3683,6
3684,6
3685,8
3686,1
3687,7
3688,6
3689,6
3690,5
3691,9
3692,5
3693,6
3694,10
3695,1
3696,3
3697,8
3698,6
3699,2
3700,4
3701,8
3702,8
3703,8
3704,2
3705,8
3706,2
3707,6
3708,7
3709,6
3710,10
3711,7
3712,6
3713,7
3714,1
3715,6
3716,6
3717,8
3718,8
3719,6
3720,6
3721,10
3722,7
3723,5
3724,3
3725,5
3726,2
3727,5
3728,2
3729,6
3730,3
3731,4
3732,5
3733,2
3734,6
3735,0
3736,5
3737,2
3738,1
3739,6
3740,5
3741,10
3742,9
3743,8
3744,8
3745,4
3746,10
3747,4
3748,7
3749,3
3750,8
3751,4
3752,8
3753,8
3754,5
3755,10
3756,5
3757,3
3758,6
3759,5
3760,0
3761,6
3762,4
3763,4
3764,8
3765,4
3766,1
3767,8
3768,0
3769,7
3770,9
3771,6
3772,8
3773,8
3774,6
3775,8
3776,6
3777,5
3778,6
3779,1
3780,4
3781,3
3782,5
3783,6
3784,3
3785,5
3786,7
3787,10
3788,6
3789,4
3790,4
3791,2
3792,7
3793,4
3794,6
3795,7
3796,2
3797,10
3798,2
3799,5
3800,8
3801,1
3802,8
3803,7
3804,10
3805,5
3806,6
3807,6
3808,7
3809,2
3810,4
3811,8
3812,4
3813,9
3814,7
3815,0
3816,5
3817,3
3818,6
3819,8
3820,8
3821,8
3822,5
3823,8
3824,5
3825,10
3826,7
3827,8
3828,7
3829,9
3830,6
3831,8
3832,6
3833,5
3834,6
3835,8
3836,6
3837,2
3838,7
3839,6
3840,1
3841,4
3842,9
3843,2
3844,3
3845,8
3846,5
3847,6
3848,4
3849,1
3850,6
3851,8
3852,1
3853,3
3854,9
3855,7
3856,8
3857,4
3858,1
3859,0
3860,2
3861,9
3862,6
3863,7
3864,8
3865,6
3866,9
3867,5
3868,8
3869,6
3870,6
3871,4
3872,7
3873,6
3874,9
3875,3
3876,2
3877,8
3878,10
3879,2
3880,4
3881,5
3882,9
3883,0
3884,0
3885,7
3886,6
3887,2
3888,5
3889,4
3890,6
3891,2
3892,9
3893,2
3894,9
3895,10
3896,2
3897,4
3898,5
3899,8
3900,9
3901,6
3902,8
3903,6
3904,8
3905,6
3906,9
3907,6
3908,4
3909,3
3910,4
3911,3
3912,4
3913,8
3914,2
3915,5
3916,1
3917,8
3918,2
3919,8
3920,5
3921,5
3922,4
3923,4
3924,5
3925,6
3926,6
3927,7
3928,2
3929,10
3930,4
3931,9
3932,6
3933,6
3934,10
3935,8
3936,8
3937,8
3938,4
3939,7
3940,6
3941,8
3942,0
3943,2
3944,6
3945,5
3946,8
3947,9
3948,4
3949,9
3950,5
3951,7
3952,4
3953,7
3954,4
3955,6
3956,8
3957,4
3958,4
3959,7
3960,10
3961,6
3962,3
3963,5
3964,6
3965,5
3966,6
3967,5
3968,6
3969,1
3970,4
3971,6
3972,1
3973,6
3974,8
3975,6
3976,6
3977,8
3978,6
3979,8
3980,7
3981,2
3982,5
3983,5
3984,5
3985,5
3986,7
3987,4
3988,8
3989,3
3990,6
3991,4
3992,7
3993,1
3994,6
3995,6
3996,9
3997,4
3998,2
3999,6
4000,3
4001,6
4002,8
4003,6
4004,4
4005,8
4006,3
4007,9
4008,2
4009,6
4010,8
4011,6
4012,4
4013,6
4014,9
4015,6
4016,6
4017,9
4018,8
4019,6
4020,2
4021,2
4022,6
4023,9
4024,5
4025,2
4026,5
4027,0
4028,6
4029,4
4030,3
4031,5
4032,9
4033,5
4034,10
4035,8
4036,9
4037,0
4038,10
4039,7
4040,5
4041,6
4042,10
4043,1
4044,7
4045,9
4046,7
4047,6
4048,7
4049,6
4050,1
4051,8
4052,6
4053,6
4054,9
4055,9
4056,9
4057,6
4058,9
4059,8
4060,1
4061,6
4062,6
4063,5
4064,4
4065,8
4066,8
4067,6
4068,4
4069,5
4070,3
4071,0
4072,8
4073,10
4074,4
4075,9
4076,5
4077,1
4078,6
4079,9
4080,4
4081,5
4082,9
4083,7
4084,1
4085,6
4086,6
4087,9
4088,4
4089,7
4090,10
4091,4
4092,4
4093,6
4094,5
4095,5
4096,8
4097,7
4098,6
4099,4
4100,9
4101,4
4102,1
4103,5
4104,8
4105,0
4106,10
4107,6
4108,7
4109,5
4110,6
4111,8
4112,4
4113,0
4114,4
4115,5
4116,5
4117,6
4118,9
4119,7
4120,9
4121,5
4122,9
4123,9
4124,5
4125,6
4126,10
4127,8
4128,10
4129,5
4130,10
4131,10
4132,6
4133,8
4134,6
4135,6
4136,7
4137,8
4138,2
4139,7
4140,7
4141,9
4142,4
4143,7
4144,2
4145,4
4146,0
4147,8
4148,2
4149,3
4150,6
4151,8
4152,6
4153,7
4154,6
4155,8
4156,7
4157,7
4158,4
4159,6
4160,9
4161,5
4162,4
4163,5
4164,9
4165,9
4166,6
4167,6
4168,8
4169,2
4170,8
4171,7
4172,7
4173,6
4174,4
4175,5
4176,6
4177,1
4178,10
4179,7
4180,6
4181,3
4182,6
4183,0
4184,8
4185,8
4186,6
4187,6
4188,5
4189,2
4190,0
4191,10
4192,2
4193,6
4194,6
4195,3
4196,2
4197,5
4198,8
4199,6
4200,10
4201,7
4202,4
4203,7
4204,5
4205,2
4206,6
4207,7
4208,0
4209,6
4210,9
4211,5
4212,5
4213,6
4214,4
4215,0
4216,6
4217,6
4218,6
4219,6
4220,0
4221,5
4222,6
4223,3
4224,1
4225,3
4226,5
4227,5
4228,10
4229,6
4230,7
4231,7
4232,10
4233,1
4234,5
4235,9
4236,4
4237,7
4238,9
4239,4
4240,1
4241,3
4242,6
4243,5
4244,1
4245,5
4246,2
4247,4
4248,7
4249,1
4250,4
4251,9
4252,10
4253,2
4254,2
4255,8
4256,3
4257,6
4258,8
4259,3
4260,8
4261,9
4262,9
4263,8
4264,9
4265,4
4266,8
4267,0
4268,6
4269,6
4270,6
4271,6
4272,8
4273,6
4274,10
4275,8
4276,1
4277,8
4278,5
4279,1
4280,5
4281,8
4282,1
4283,8
4284,8
4285,0
4286,2
4287,8
4288,0
4289,5
4290,7
4291,4
4292,9
4293,9
4294,6
4295,9
4296,6
4297,6
4298,3
4299,9
4300,4
4301,0
4302,4
4303,9
4304,4
4305,6
4306,7
4307,6
4308,6
4309,4
4310,4
4311,9
4312,10
4313,6
4314,6
4315,3
4316,6
4317,5
4318,10
4319,6
4320,6
4321,8
4322,1
4323,7
4324,6
4325,6
4326,4
4327,10
4328,6
4329,9
4330,6
4331,5
4332,6
4333,6
4334,5
4335,0
4336,5
4337,6
4338,2
4339,9
4340,9
4341,4
4342,10
4343,8
4344,10
4345,4
4346,7
4347,8
4348,6
4349,6
4350,0
4351,5
4352,6
4353,2
4354,2
4355,5
4356,5
4357,4
4358,6
4359,6
4360,6
4361,6
4362,5
4363,9
4364,4
4365,3
4366,3
4367,7
4368,6
4369,6
4370,5
4371,5
4372,6
4373,5
4374,8
4375,6
4376,6
4377,10
4378,5
4379,6
4380,2
4381,4
4382,6
4383,7
4384,4
4385,7
4386,6
4387,8
4388,10
4389,1
4390,9
4391,6
4392,6
4393,5
4394,8
4395,4
4396,6
4397,5
4398,2
4399,4
4400,4
4401,4
4402,8
4403,8
4404,6
4405,6
4406,4
4407,5
4408,8
4409,6
4410,6
4411,7
4412,6
4413,0
4414,4
4415,6
4416,9
4417,4
4418,4
4419,6
4420,6
4421,8
4422,8
4423,6
4424,5
4425,8
4426,2
4427,7
4428,0
4429,7
4430,4
4431,8
4432,10
4433,5
4434,0
4435,8
4436,10
4437,8
4438,6
4439,5
4440,4
4441,7
4442,6
4443,7
4444,2
4445,2
4446,8
4447,1
4448,8
4449,7
4450,6
4451,4
4452,6
4453,7
4454,7
4455,7
4456,10
4457,8
4458,7
4459,6
4460,5
4461,4
4462,8
4463,7
4464,6
4465,6
4466,5
4467,7
4468,6
4469,8
4470,6
4471,9
4472,5
4473,6
4474,5
4475,7
4476,6
4477,9
4478,6
4479,9
4480,5
4481,6
4482,5
4483,0
4484,4
4485,6
4486,4
4487,3
4488,6
4489,6
4490,10
4491,5
4492,6
4493,10
4494,7
4495,4
4496,6
4497,8
4498,5
4499,9
4500,6
4501,6
4502,2
4503,6
4504,4
4505,7
4506,6
4507,5
4508,4
4509,5
4510,6
4511,8
4512,7
4513,8
4514,8
4515,2
4516,6
4517,5
4518,4
4519,2
4520,8
4521,8
4522,4
4523,2
4524,10
4525,4
4526,5
4527,6
4528,8
4529,6
4530,4
4531,8
4532,5
4533,10
4534,1
4535,4
4536,9
4537,4
4538,10
4539,2
4540,6
4541,5
4542,6
4543,6
4544,8
4545,5
4546,7
4547,7
4548,6
4549,7
4550,2
4551,7
4552,4
4553,7
4554,6
4555,3
4556,1
4557,5
4558,6
4559,1
4560,9
4561,2
4562,5
4563,5
4564,6
4565,7
4566,9
4567,9
4568,8
4569,3
4570,6
4571,10
4572,10
4573,6
4574,4
4575,7
4576,6
4577,0
4578,3
4579,7
4580,5
4581,6
4582,8
4583,3
4584,7
4585,10
4586,8
4587,9
4588,6
4589,4
4590,8
4591,9
4592,7
4593,3
4594,0
4595,2
4596,2
4597,9
4598,3
4599,6
4600,9
4601,2
4602,5
4603,6
4604,6
4605,1
4606,8
4607,8
4608,5
4609,1
4610,6
4611,4
4612,9
4613,8
4614,6
4615,4
4616,9
4617,6
4618,5
4619,3
4620,6
4621,7
4622,0
4623,3
4624,3
4625,5
4626,5
4627,7
4628,10
4629,8
4630,6
4631,6
4632,4
4633,5
4634,7
4635,5
4636,7
4637,1
4638,7
4639,9
4640,6
4641,6
4642,6
4643,5
4644,7
4645,7
4646,6
4647,9
4648,6
4649,5
4650,8
4651,6
4652,4
4653,2
4654,4
4655,5
4656,9
4657,8
4658,5
4659,4
4660,9
4661,10
4662,8
4663,7
4664,6
4665,8
4666,0
4667,5
4668,10
4669,5
4670,4
4671,4
4672,4
4673,5
4674,5
4675,9
4676,1
4677,6
4678,6
4679,8
4680,0
4681,2
4682,6
4683,7
4684,9
4685,10
4686,10
4687,7
4688,7
4689,5
4690,6
4691,8
4692,4
4693,10
4694,3
4695,0
4696,5
4697,6
4698,7
4699,8
4700,6
4701,5
4702,8
4703,5
4704,7
4705,5
4706,6
4707,1
4708,2
4709,6
4710,5
4711,3
4712,8
4713,3
4714,6
4715,7
4716,6
4717,7
4718,6
4719,6
4720,2
4721,9
4722,6
4723,6
4724,7
4725,6
4726,8
4727,5
4728,9
4729,6
4730,10
4731,0
4732,5
4733,6
4734,6
4735,2
4736,4
4737,8
4738,10
4739,10
4740,9
4741,10
4742,5
4743,7
4744,6
4745,8
4746,5
4747,7
4748,2
4749,4
4750,6
4751,6
4752,5
4753,8
4754,0
4755,5
4756,3
4757,0
4758,8
4759,10
4760,7
4761,3
4762,4
4763,8
4764,8
4765,8
4766,5
4767,6
4768,1
4769,7
4770,9
4771,6
4772,1
4773,5
4774,8
4775,5
4776,6
4777,2
4778,7
4779,3
4780,8
4781,7
4782,4
4783,6
4784,10
4785,5
4786,6
4787,7
4788,5
4789,0
4790,4
4791,5
4792,9
4793,6
4794,6
4795,9
4796,6
4797,9
4798,8
4799,7
4800,3
4801,5
4802,5
4803,2
4804,6
4805,3
4806,9
4807,5
4808,4
4809,8
4810,3
4811,5
4812,6
4813,8
4814,2
4815,4
4816,6
4817,6
4818,6
4819,8
4820,10
4821,7
4822,5
4823,2
4824,8
4825,9
4826,2
4827,0
4828,6
4829,6
4830,0
4831,5
4832,6
4833,8
4834,4
4835,5
4836,5
4837,6
4838,5
4839,6
4840,7
4841,6
4842,8
4843,6
4844,5
4845,4
4846,2
4847,6
4848,6
4849,9
4850,7
4851,2
4852,8
4853,4
4854,3
4855,7
4856,4
4857,9
4858,4
4859,6
4860,5
4861,2
4862,5
4863,4
4864,6
4865,6
4866,9
4867,8
4868,6
4869,0
4870,9
4871,1
4872,5
4873,6
4874,6
4875,8
4876,8
4877,4
4878,2
4879,2
4880,6
4881,5
4882,1
4883,4
4884,0
4885,7
4886,8
4887,6
4888,4
4889,7
4890,8
4891,9
4892,4
4893,4
4894,0
4895,5
4896,6
4897,3
4898,7
4899,5
4900,7
4901,5
4902,5
4903,6
4904,0
4905,2
4906,10
4907,6
4908,6
4909,2
4910,5
4911,4
4912,1
4913,3
4914,6
4915,8
4916,0
4917,10
4918,6
4919,6
4920,8
4921,8
4922,8
4923,6
4924,6
4925,2
4926,2
4927,1
4928,7
4929,4
4930,0
4931,8
4932,7
4933,6
4934,5
4935,0
4936,4
4937,5
4938,5
4939,6
4940,6
4941,4
4942,6
4943,5
4944,6
4945,2
4946,5
4947,3
4948,6
4949,10
4950,8
4951,8
4952,0
4953,2
4954,0
4955,5
4956,4
4957,1
4958,8
4959,4
4960,7
4961,6
4962,6
4963,7
4964,5
4965,5
4966,6
4967,2
4968,6
4969,9
4970,8
4971,8
4972,8
4973,0
4974,6
4975,9
4976,6
4977,6
4978,6
4979,0
4980,6
4981,6
4982,6
4983,6
4984,7
4985,2
4986,3
4987,6
4988,10
4989,7
4990,7
4991,7
4992,5
4993,0
4994,6
4995,9
4996,6
4997,9
4998,1
4999,10
5000,4
5001,6
5002,9
5003,2
5004,8
5005,8
5006,4
5007,2
5008,1
5009,5
5010,7
5011,0
5012,6
5013,3
5014,5
5015,1
5016,6
5017,2
5018,8
5019,7
5020,7
5021,2
5022,6
5023,6
5024,8
5025,5
5026,5
5027,6
5028,5
5029,2
5030,2
5031,8
5032,0
5033,4
5034,2
5035,8
5036,2
5037,5
5038,7
5039,5
5040,5
5041,2
5042,8
5043,1
5044,7
5045,4
5046,7
5047,1
5048,5
5049,8
5050,6
5051,2
5052,6
5053,6
5054,8
5055,10
5056,5
5057,3
5058,8
5059,0
5060,8
5061,8
5062,8
5063,5
5064,6
5065,6
5066,5
5067,8
5068,4
5069,5
5070,3
5071,5
5072,1
5073,7
5074,8
5075,7
5076,2
5077,0
5078,8
5079,3
5080,8
5081,3
5082,8
5083,2
5084,8
5085,4
5086,5
5087,0
5088,7
5089,4
5090,8
5091,7
5092,0
5093,2
5094,8
5095,5
5096,9
5097,10
5098,10
5099,7
5100,8
5101,5
5102,0
5103,4
5104,9
5105,6
5106,8
5107,4
5108,7
5109,7
5110,2
5111,6
5112,8
5113,9
5114,1
5115,2
5116,0
5117,10
5118,5
5119,2
5120,7
5121,6
5122,5
5123,5
5124,4
5125,6
5126,2
5127,6
5128,6
5129,0
5130,6
5131,4
5132,10
5133,6
5134,5
5135,0
5136,8
5137,7
5138,4
5139,4
5140,2
5141,6
5142,9
5143,6
5144,6
5145,1
5146,1
5147,6
5148,5
5149,6
5150,1
5151,7
5152,6
5153,4
5154,3
5155,2
5156,10
5157,10
5158,5
5159,9
5160,8
5161,4
5162,4
5163,1
5164,9
5165,8
5166,0
5167,6
5168,2
5169,0
5170,7
5171,4
5172,6
5173,4
5174,9
5175,6
5176,5
5177,7
5178,9
5179,8
5180,9
5181,3
5182,0
5183,1
5184,6
5185,5
5186,9
5187,7
5188,10
5189,10
5190,6
5191,10
5192,10
5193,6
5194,2
5195,5
5196,9
5197,7
5198,8
5199,10
5200,5
5201,4
5202,4
5203,5
5204,7
5205,6
5206,6
5207,3
5208,7
5209,3
5210,5
5211,6
5212,4
5213,7
5214,4
5215,2
5216,6
5217,8
5218,5
5219,6
5220,7
5221,8
5222,5
5223,5
5224,7
5225,5
5226,6
5227,4
5228,8
5229,4
5230,3
5231,9
5232,7
5233,4
5234,9
5235,2
5236,1
5237,1
5238,5
5239,9
5240,6
5241,7
5242,8
5243,10
5244,1
5245,9
5246,0
5247,4
5248,4
5249,6
5250,7
5251,6
5252,6
5253,2
5254,8
5255,3
5256,2
5257,5
5258,6
5259,7
5260,4
5261,10
5262,6
5263,4
5264,6
5265,2
5266,9
5267,7
5268,4
5269,6
5270,6
5271,5
5272,9
5273,5
5274,3
5275,4
5276,2
5277,3
5278,9
5279,8
5280,8
5281,8
5282,7
5283,8
5284,8
5285,7
5286,8
5287,8
5288,5
5289,0
5290,4
5291,6
5292,9
5293,0
5294,5
5295,9
5296,6
5297,4
5298,5
5299,7
5300,9
5301,10
5302,5
5303,4
5304,5
5305,6
5306,3
5307,0
5308,5
5309,5
5310,0
5311,10
5312,6
5313,2
5314,4
5315,5
5316,6
5317,6
5318,10
5319,7
5320,4
5321,1
5322,6
5323,6
5324,3
5325,4
5326,4
5327,6
5328,4
5329,2
5330,6
5331,9
5332,2
5333,4
5334,9
5335,6
5336,7
5337,6
5338,7
5339,10
5340,1
5341,8
5342,1
5343,4
5344,8
5345,4
5346,6
5347,5
5348,1
5349,9
5350,4
5351,1
5352,8
5353,6
5354,7
5355,6
5356,10
5357,4
5358,10
5359,1
5360,6
5361,7
5362,9
5363,8
5364,9
5365,5
5366,4
5367,9
5368,5
5369,4
5370,6
5371,5
5372,5
5373,10
5374,6
5375,7
5376,8
5377,9
5378,5
5379,8
5380,4
5381,9
5382,5
5383,3
5384,8
5385,6
5386,8
5387,5
5388,8
5389,8
5390,8
5391,10
5392,6
5393,1
5394,8
5395,7
5396,10
5397,0
5398,7
5399,0
5400,6
5401,6
5402,4
5403,4
5404,4
5405,9
5406,0
5407,2
5408,10
5409,10
5410,10
5411,2
5412,6
5413,8
5414,5
5415,7
5416,2
5417,9
5418,9
5419,4
5420,5
5421,0
5422,6
5423,9
5424,7
5425,5
5426,3
5427,8
5428,6
5429,6
5430,5
5431,6
5432,7
5433,5
5434,4
5435,6
5436,5
5437,6
5438,7
5439,4
5440,6
5441,3
5442,5
5443,5
5444,0
5445,10
5446,6
5447,10
5448,10
5449,9
5450,5
5451,5
5452,5
5453,8
5454,6
5455,6
5456,6
5457,0
5458,6
5459,6
5460,5
5461,6
5462,10
5463,6
5464,3
5465,5
5466,5
5467,9
5468,6
5469,4
5470,4
5471,4
5472,6
5473,5
5474,0
5475,4
5476,1
5477,5
5478,5
5479,2
5480,2
5481,9
5482,8
5483,6
5484,7
5485,6
5486,6
5487,8
5488,5
5489,6
5490,8
5491,6
5492,5
5493,9
5494,4
5495,5
5496,3
5497,4
5498,2
5499,6
5500,5
5501,8
5502,3
5503,6
5504,6
5505,2
5506,8
5507,10
5508,6
5509,9
5510,4
5511,8
5512,1
5513,8
5514,9
5515,10
5516,8
5517,4
5518,2
5519,6
5520,4
5521,7
5522,7
5523,7
5524,0
5525,2
5526,3
5527,4
5528,0
5529,7
5530,5
5531,4
5532,6
5533,5
5534,5
5535,4
5536,6
5537,5
5538,6
5539,2
5540,5
5541,4
5542,6
5543,5
5544,4
5545,0
5546,6
5547,10
5548,6
5549,4
5550,4
5551,5
5552,6
5553,8
5554,10
5555,2
5556,8
5557,4
5558,6
5559,4
5560,5
5561,5
5562,4
5563,10
5564,9
5565,10
5566,2
5567,2
5568,0
5569,8
5570,6
5571,3
5572,6
5573,4
5574,4
5575,2
5576,4
5577,10
5578,6
5579,4
5580,6
5581,0
5582,5
5583,2
5584,8
5585,6
5586,6
5587,7
5588,5
5589,0
5590,6
5591,7
5592,5
5593,6
5594,5
5595,6
5596,7
5597,6
5598,9
5599,4
5600,6
5601,3
5602,5
5603,8
5604,6
5605,7
5606,9
5607,6
5608,8
5609,8
5610,6
5611,6
5612,6
5613,7
5614,1
5615,10
5616,5
5617,6
5618,5
5619,4
5620,9
5621,6
5622,0
5623,4
5624,6
5625,8
5626,6
5627,10
5628,7
5629,5
5630,4
5631,4
5632,6
5633,5
5634,4
5635,6
5636,5
5637,10
5638,6
5639,5
5640,4
5641,7
5642,7
5643,6
5644,4
5645,9
5646,6
5647,8
5648,1
5649,9
5650,4
5651,5
5652,5
5653,6
5654,6
5655,5
5656,1
5657,5
5658,7
5659,8
5660,4
5661,8
5662,10
5663,6
5664,1
5665,8
5666,8
5667,6
5668,4
5669,2
5670,7
5671,1
5672,8
5673,5
5674,6
5675,3
5676,6
5677,2
5678,1
5679,2
5680,9
5681,6
5682,7
5683,9
5684,7
5685,6
5686,6
5687,1
5688,2
5689,6
5690,3
5691,9
5692,7
5693,1
5694,6
5695,6
5696,0
5697,7
5698,3
5699,10
5700,9
5701,7
5702,1
5703,5
5704,2
5705,7
5706,6
5707,7
5708,6
5709,0
5710,0
5711,8
5712,6
5713,6
5714,9
5715,5
5716,7
5717,2
5718,6
5719,7
5720,4
5721,0
5722,6
5723,0
5724,8
5725,9
5726,1
5727,4
5728,9
5729,2
5730,9
5731,7
5732,6
5733,1
5734,5
5735,8
5736,6
5737,6
5738,4
5739,10
5740,4
5741,9
5742,1
5743,2
5744,7
5745,6
5746,2
5747,8
5748,6
5749,8
5750,8
5751,8
5752,5
5753,4
5754,5
5755,8
5756,8
5757,6
5758,4
5759,6
5760,0
5761,2
5762,4
5763,10
5764,6
5765,5
5766,10
5767,1
5768,5
5769,6
5770,6
5771,8
5772,3
5773,7
5774,9
5775,5
5776,0
5777,6
5778,5
5779,4
5780,4
5781,5
5782,4
5783,10
5784,2
5785,6
5786,10
5787,7
5788,3
5789,2
5790,6
5791,4
5792,6
5793,0
5794,6
5795,7
5796,5
5797,3
5798,8
5799,7
5800,6
5801,8
5802,6
5803,6
5804,1
5805,6
5806,0
5807,8
5808,2
5809,2
5810,5
5811,0
5812,10
5813,9
5814,2
5815,3
5816,8
5817,1
5818,7
5819,10
5820,3
5821,9
5822,7
5823,8
5824,10
5825,3
5826,7
5827,6
5828,4
5829,2
5830,7
5831,4
5832,8
5833,5
5834,8
5835,5
5836,5
5837,8
5838,6
5839,7
5840,9
5841,9
5842,10
5843,7
5844,7
5845,8
5846,7
5847,4
5848,7
5849,3
5850,8
5851,1
5852,6
5853,10
5854,9
5855,5
5856,2
5857,10
5858,4
5859,7
5860,8
5861,5
5862,9
5863,5
5864,6
5865,2
5866,4
5867,6
5868,5
5869,5
5870,5
5871,7
5872,10
5873,5
5874,4
5875,3
5876,7
5877,7
5878,1
5879,10
5880,4
5881,8
5882,2
5883,6
5884,9
5885,9
5886,4
5887,3
5888,5
5889,8
5890,6
5891,6
5892,5
5893,8
5894,2
5895,7
5896,1
5897,8
5898,2
5899,6
5900,5
5901,7
5902,8
5903,7
5904,6
5905,5
5906,6
5907,10
5908,5
5909,3
5910,6
5911,10
5912,8
5913,8
5914,9
5915,6
5916,6
5917,0
5918,8
5919,0
5920,6
5921,8
5922,10
5923,7
5924,3
5925,7
5926,2
5927,10
5928,4
5929,0
5930,2
5931,8
5932,7
5933,10
5934,3
5935,7
5936,6
5937,6
5938,9
5939,8
5940,5
5941,5
5942,4
5943,2
5944,6
5945,8
5946,8
5947,7
5948,3
5949,6
5950,6
5951,5
5952,8
5953,7
5954,9
5955,6
5956,7
5957,9
5958,6
5959,10
5960,5
5961,6
5962,4
5963,5
5964,10
5965,3
5966,6
5967,9
5968,5
5969,5
5970,6
5971,8
5972,4
5973,8
5974,9
5975,6
5976,5
5977,10
5978,0
5979,4
5980,9
5981,6
5982,4
5983,0
5984,7
5985,6
5986,6
5987,6
5988,5
5989,9
5990,8
5991,10
5992,9
5993,10
5994,10
5995,8
5996,5
5997,7
5998,9
5999,5
6000,5
6001,10
6002,6
6003,6
6004,5
6005,1
6006,8
6007,10
6008,6
6009,4
6010,6
6011,6
6012,5
6013,4
6014,10
6015,2
6016,0
6017,8
6018,6
6019,4
6020,7
6021,4
6022,5
6023,6
6024,3
6025,6
6026,9
6027,5
6028,1
6029,8
6030,9
6031,6
6032,8
6033,3
6034,9
6035,4
6036,7
6037,5
6038,7
6039,8
6040,6
6041,9
6042,9
6043,6
6044,9
6045,1
6046,10
6047,6
6048,4
6049,5
6050,3
6051,10
6052,6
6053,6
6054,7
6055,9
6056,5
6057,8
6058,3
6059,6
6060,3
6061,1
6062,6
6063,4
6064,5
6065,8
6066,9
6067,6
6068,6
6069,6
6070,7
6071,10
6072,4
6073,7
6074,10
6075,6
6076,4
6077,6
6078,5
6079,0
6080,5
6081,6
6082,5
6083,2
6084,4
6085,3
6086,6
6087,6
6088,9
6089,7
6090,2
6091,7
6092,6
6093,6
6094,10
6095,7
6096,6
6097,8
6098,5
6099,6
6100,6
6101,7
6102,7
6103,10
6104,6
6105,9
6106,3
6107,1
6108,4
6109,6
6110,2
6111,1
6112,7
6113,6
6114,6
6115,6
6116,3
6117,6
6118,6
6119,8
6120,6
6121,6
6122,3
6123,6
6124,6
6125,9
6126,2
6127,6
6128,5
6129,5
6130,1
6131,10
6132,2
6133,4
6134,1
6135,5
6136,9
6137,9
6138,0
6139,9
6140,10
6141,10
6142,7
6143,6
6144,3
6145,8
6146,6
6147,5
6148,8
6149,6
6150,6
6151,5
6152,9
6153,2
6154,6
6155,2
6156,10
6157,3
6158,4
6159,7
6160,8
6161,4
6162,6
6163,9
6164,6
6165,10
6166,6
6167,6
6168,6
6169,10
6170,0
6171,6
6172,7
6173,0
6174,7
6175,2
6176,9
6177,9
6178,5
6179,8
6180,7
6181,8
6182,6
6183,5
6184,5
6185,6
6186,6
6187,3
6188,10
6189,6
6190,6
6191,3
6192,8
6193,6
6194,6
6195,8
6196,6
6197,2
6198,6
6199,9
6200,8
6201,1
6202,6
6203,5
6204,9
6205,4
6206,4
6207,3
6208,6
6209,6
6210,4
6211,9
6212,6
6213,2
6214,4
6215,8
6216,9
6217,5
6218,2
6219,6
6220,5
6221,8
6222,9
6223,5
6224,2
6225,6
6226,5
6227,6
6228,6
6229,9
6230,10
6231,8
6232,8
6233,8
6234,0
6235,6
6236,5
6237,6
6238,9
6239,8
6240,6
6241,7
6242,6
6243,5
6244,7
6245,6
6246,6
6247,0
6248,3
6249,6
6250,6
6251,2
6252,1
6253,6
6254,6
6255,7
6256,8
6257,7
6258,4
6259,6
6260,6
6261,1
6262,10
6263,6
6264,5
6265,6
6266,9
6267,9
6268,6
6269,5
6270,4
6271,2
6272,7
6273,3
6274,2
6275,5
6276,4
6277,2
6278,8
6279,7
6280,6
6281,9
6282,6
6283,1
6284,5
6285,6
6286,5
6287,9
6288,9
6289,5
6290,8
6291,8
6292,10
6293,7
6294,4
6295,4
6296,5
6297,0
6298,8
6299,6
6300,7
6301,7
6302,0
6303,4
6304,4
6305,2
6306,6
6307,5
6308,2
6309,6
6310,6
6311,2
6312,4
6313,7
6314,7
6315,4
6316,4
6317,2
6318,5
6319,1
6320,4
6321,10
6322,9
6323,10
6324,2
6325,8
6326,6
6327,6
6328,6
6329,5
6330,6
6331,7
6332,10
6333,8
6334,3
6335,5
6336,7
6337,8
6338,6
6339,8
6340,2
6341,10
6342,8
6343,4
6344,8
6345,5
6346,10
6347,4
6348,6
6349,10
6350,2
6351,3
6352,4
6353,4
6354,7
6355,7
6356,2
6357,7
6358,9
6359,10
6360,4
6361,1
6362,7
6363,7
6364,2
6365,7
6366,9
6367,5
6368,7
6369,7
6370,6
6371,8
6372,1
6373,9
6374,9
6375,4
6376,6
6377,7
6378,6
6379,5
6380,6
6381,8
6382,5
6383,5
6384,1
6385,9
6386,8
6387,6
6388,9
6389,10
6390,2
6391,5
6392,9
6393,6
6394,5
6395,4
6396,1
6397,9
6398,6
6399,9
6400,8
6401,6
6402,10
6403,6
6404,0
6405,2
6406,2
6407,5
6408,6
6409,2
6410,3
6411,2
6412,6
6413,1
6414,8
6415,0
6416,1
6417,7
6418,6
6419,6
6420,8
6421,7
6422,5
6423,4
6424,5
6425,6
6426,2
6427,1
6428,8
6429,10
6430,1
6431,4
6432,10
6433,7
6434,2
6435,1
6436,6
6437,6
6438,2
6439,7
6440,9
6441,9
6442,5
6443,5
6444,3
6445,6
6446,6
6447,2
6448,6
6449,4
6450,5
6451,6
6452,3
6453,2
6454,6
6455,6
6456,4
6457,7
6458,6
6459,8
6460,5
6461,10
6462,2
6463,5
6464,7
6465,5
6466,5
6467,5
6468,4
6469,6
6470,7
6471,5
6472,6
6473,9
6474,5
6475,10
6476,5
6477,1
6478,5
6479,4
6480,7
6481,7
6482,9
6483,5
6484,8
6485,10
6486,4
6487,8
6488,5
6489,8
6490,1
6491,7
6492,8
6493,6
6494,3
6495,9
6496,6
6497,4
6498,6
6499,3
6500,7
6501,9
6502,6
6503,5
6504,1
6505,8
6506,5
6507,5
6508,0
6509,3
6510,3
6511,8
6512,6
6513,4
6514,9
6515,7
6516,7
6517,0
6518,4
6519,6
6520,6
6521,4
6522,5
6523,6
6524,3
6525,6
6526,6
6527,1
6528,4
6529,1
6530,4
6531,5
6532,4
6533,8
6534,1
6535,8
6536,5
6537,5
6538,5
6539,3
6540,6
6541,6
6542,5
6543,4
6544,4
6545,6
6546,3
6547,9
6548,6
6549,7
6550,0
6551,8
6552,4
6553,7
6554,7
6555,9
6556,2
6557,7
6558,3
6559,7
6560,4
6561,7
6562,4
6563,8
6564,0
6565,8
6566,0
6567,5
6568,5
6569,5
6570,8
6571,9
6572,5
6573,0
6574,7
6575,6
6576,6
6577,0
6578,5
6579,10
6580,8
6581,8
6582,0
6583,4
6584,9
6585,5
6586,6
6587,1
6588,6
6589,5
6590,6
6591,4
6592,6
6593,1
6594,0
6595,6
6596,8
6597,4
6598,8
6599,7
6600,0
6601,6
6602,7
6603,6
6604,6
6605,6
6606,9
6607,10
6608,6
6609,6
6610,2
6611,0
6612,10
6613,5
6614,3
6615,7
6616,9
6617,0
6618,4
6619,6
6620,7
6621,2
6622,8
6623,7
6624,6
6625,8
6626,6
6627,9
6628,1
6629,7
6630,9
6631,8
6632,5
6633,4
6634,5
6635,7
6636,7
6637,8
6638,9
6639,8
6640,6
6641,5
6642,6
6643,8
6644,4
6645,5
6646,6
6647,6
6648,0
6649,5
6650,6
6651,4
6652,9
6653,9
6654,7
6655,4
6656,4
6657,5
6658,10
6659,1
6660,6
6661,0
6662,5
6663,10
6664,5
6665,7
6666,5
6667,9
6668,4
6669,4
6670,0
6671,7
6672,7
6673,9
6674,9
6675,6
6676,6
6677,1
6678,6
6679,6
6680,9
6681,8
6682,3
6683,3
6684,6
6685,9
6686,3
6687,5
6688,7
6689,6
6690,6
6691,4
6692,0
6693,5
6694,6
6695,9
6696,8
6697,4
6698,8
6699,3
6700,7
6701,6
6702,5
6703,1
6704,4
6705,5
6706,6
6707,5
6708,6
6709,6
6710,2
6711,1
6712,0
6713,9
6714,9
6715,3
6716,6
6717,4
6718,6
6719,5
6720,5
6721,6
6722,1
6723,8
6724,8
6725,9
6726,6
6727,10
6728,1
6729,2
6730,8
6731,0
6732,6
6733,10
6734,3
6735,4
6736,6
6737,7
6738,4
6739,1
6740,6
6741,7
6742,6
6743,10
6744,4
6745,0
6746,1
6747,2
6748,0
6749,5
6750,7
6751,4
6752,6
6753,4
6754,5
6755,9
6756,8
6757,6
6758,6
6759,3
6760,2
6761,10
6762,0
6763,6
6764,7
6765,9
6766,3
6767,8
6768,6
6769,9
6770,6
6771,0
6772,4
6773,5
6774,4
6775,6
6776,5
6777,5
6778,6
6779,6
6780,7
6781,6
6782,8
6783,6
6784,8
6785,6
6786,5
6787,6
6788,8
6789,3
6790,7
6791,2
6792,5
6793,8
6794,8
6795,7
6796,4
6797,2
6798,4
6799,10
6800,4
6801,8
6802,6
6803,8
6804,1
6805,9
6806,6
6807,7
6808,7
6809,0
6810,8
6811,6
6812,7
6813,9
6814,8
6815,3
6816,5
6817,8
6818,5
6819,8
6820,6
6821,6
6822,7
6823,9
6824,1
6825,10
6826,5
6827,1
6828,5
6829,7
6830,9
6831,0
6832,8
6833,8
6834,5
6835,1
6836,7
6837,9
6838,8
6839,6
6840,8
6841,1
6842,3
6843,8
6844,5
6845,8
6846,0
6847,7
6848,1
6849,8
6850,6
6851,5
6852,6
6853,1
6854,5
6855,9
6856,2
6857,7
6858,2
6859,1
6860,6
6861,6
6862,1
6863,0
6864,8
6865,5
6866,6
6867,6
6868,4
6869,7
6870,8
6871,8
6872,1
6873,7
6874,5
6875,5
6876,7
6877,0
6878,2
6879,7
6880,0
6881,7
6882,7
6883,8
6884,7
6885,7
6886,2
6887,0
6888,0
6889,9
6890,7
6891,3
6892,4
6893,4
6894,6
6895,8
6896,1
6897,4
6898,9
6899,1
6900,7
6901,4
6902,0
6903,8
6904,8
6905,1
6906,7
6907,7
6908,9
6909,8
6910,6
6911,6
6912,6
6913,5
6914,1
6915,10
6916,8
6917,7
6918,5
6919,3
6920,5
6921,7
6922,8
6923,5
6924,6
6925,6
6926,5
6927,8
6928,10
6929,6
6930,6
6931,8
6932,4
6933,7
6934,6
6935,7
6936,6
6937,8
6938,6
6939,6
6940,4
6941,8
6942,6
6943,1
6944,6
6945,5
6946,5
6947,10
6948,4
6949,4
6950,9
6951,6
6952,6
6953,6
6954,5
6955,1
6956,2
6957,8
6958,8
6959,8
6960,8
6961,8
6962,6
6963,6
6964,5
6965,6
6966,5
6967,3
6968,9
6969,2
6970,6
6971,0
6972,9
6973,3
6974,6
6975,6
6976,6
6977,4
6978,5
6979,4
6980,7
6981,4
6982,7
6983,2
6984,6
6985,4
6986,7
6987,10
6988,5
6989,8
6990,8
6991,10
6992,4
6993,6
6994,6
6995,6
6996,6
6997,6
6998,6
6999,9
7000,7
7001,8
7002,5
7003,9
7004,4
7005,10
7006,5
7007,8
7008,5
7009,7
7010,6
7011,4
7012,10
7013,8
7014,2
7015,4
7016,6
7017,5
7018,8
7019,6
7020,1
7021,7
7022,7
7023,3
7024,8
7025,6
7026,5
7027,1
7028,9
7029,8
7030,6
7031,5
7032,8
7033,6
7034,8
7035,9
7036,10
7037,8
7038,1
7039,5
7040,6
7041,6
7042,9
7043,10
7044,6
7045,8
7046,9
7047,8
7048,6
7049,8
7050,8
7051,5
7052,10
7053,6
7054,8
7055,7
7056,6
7057,9
7058,4
7059,0
7060,5
7061,10
7062,6
7063,1
7064,7
7065,9
7066,6
7067,7
7068,6
7069,9
7070,6
7071,9
7072,2
7073,10
7074,8
7075,5
7076,6
7077,6
7078,4
7079,1
7080,4
7081,5
7082,10
7083,5
7084,0
7085,8
7086,6
7087,5
7088,8
7089,6
7090,9
7091,6
7092,7
7093,6
7094,3
7095,6
7096,10
7097,2
7098,5
7099,6
7100,6
7101,5
7102,5
7103,6
7104,8
7105,9
7106,5
7107,6
7108,3
7109,6
7110,2
7111,6
7112,5
7113,4
7114,2
7115,2
7116,6
7117,6
7118,4
7119,7
7120,3
7121,4
7122,4
7123,7
7124,6
7125,5
7126,4
7127,6
7128,7
7129,8
7130,6
7131,4
7132,6
7133,9
7134,6
7135,7
7136,2
7137,8
7138,9
7139,4
7140,10
7141,7
7142,9
7143,2
7144,9
7145,9
7146,6
7147,5
7148,5
7149,8
7150,2
7151,6
7152,8
7153,6
7154,5
7155,5
7156,6
7157,3
7158,6
7159,6
7160,7
7161,8
7162,6
7163,8
7164,10
7165,0
7166,6
7167,4
7168,1
7169,8
7170,6
7171,8
7172,0
7173,3
7174,6
7175,4
7176,10
7177,6
7178,6
7179,8
7180,7
7181,3
7182,1
7183,7
7184,9
7185,6
7186,2
7187,6
7188,6
7189,2
7190,8
7191,0
7192,8
7193,6
7194,8
7195,9
7196,7
7197,4
7198,7
7199,6
7200,7
7201,5
7202,5
7203,2
7204,6
7205,7
7206,8
7207,6
7208,4
7209,1
7210,7
7211,4
7212,1
7213,7
7214,6
7215,10
7216,4
7217,4
7218,6
7219,5
7220,9
7221,4
7222,6
7223,4
7224,9
7225,8
7226,1
7227,6
7228,8
7229,10
7230,5
7231,8
7232,9
7233,6
7234,6
7235,8
7236,1
7237,9
7238,2
7239,2
7240,6
7241,6
7242,4
7243,8
7244,6
7245,3
7246,6
7247,6
7248,7
7249,1
7250,6
7251,5
7252,7
7253,2
7254,9
7255,6
7256,6
7257,6
7258,9
7259,4
7260,6
7261,6
7262,9
7263,8
7264,8
7265,6
7266,10
7267,5
7268,5
7269,6
7270,10
7271,6
7272,10
7273,6
7274,1
7275,9
7276,10
7277,7
7278,3
7279,6
7280,6
7281,4
7282,8
7283,6
7284,8
7285,1
7286,1
7287,5
7288,6
7289,6
7290,0
7291,6
7292,5
7293,4
7294,8
7295,6
7296,2
7297,5
7298,6
7299,4
7300,8
7301,2
7302,9
7303,5
7304,4
7305,9
7306,5
7307,6
7308,6
7309,0
7310,4
7311,6
7312,6
7313,1
7314,5
7315,6
7316,8
7317,8
7318,3
7319,4
7320,4
7321,5
7322,1
7323,6
7324,7
7325,4
7326,2
7327,8
7328,10
7329,1
7330,6
7331,2
7332,1
7333,6
7334,4
7335,9
7336,6
7337,8
7338,5
7339,5
7340,6
7341,7
7342,10
7343,6
7344,5
7345,5
7346,7
7347,4
7348,0
7349,5
7350,5
7351,8
7352,9
7353,9
7354,6
7355,7
7356,0
7357,9
7358,2
7359,9
7360,5
7361,10
7362,6
7363,5
7364,7
7365,7
7366,3
7367,6
7368,5
7369,7
7370,5
7371,3
7372,5
7373,8
7374,6
7375,2
7376,1
7377,6
7378,2
7379,6
7380,6
7381,5
7382,3
7383,4
7384,6
7385,3
7386,3
7387,6
7388,0
7389,6
7390,6
7391,3
7392,6
7393,4
7394,6
7395,8
7396,9
7397,10
7398,5
7399,10
7400,4
7401,8
7402,6
7403,6
7404,5
7405,3
7406,5
7407,10
7408,8
7409,0
7410,1
7411,9
7412,4
7413,5
7414,4
7415,5
7416,3
7417,2
7418,3
7419,5
7420,2
7421,6
7422,2
7423,6
7424,5
7425,4
7426,6
7427,7
7428,6
7429,1
7430,6
7431,7
7432,2
7433,8
7434,6
7435,7
7436,1
7437,8
7438,4
7439,6
7440,8
7441,10
7442,6
7443,7
7444,7
7445,5
7446,5
7447,9
7448,6
7449,9
7450,7
7451,4
7452,4
7453,6
7454,8
7455,8
7456,5
7457,8
7458,7
7459,3
7460,7
7461,3
7462,10
7463,6
7464,6
7465,5
7466,5
7467,5
7468,0
7469,6
7470,6
7471,5
7472,5
7473,5
7474,4
7475,3
7476,2
7477,1
7478,7
7479,4
7480,8
7481,6
7482,2
7483,10
7484,8
7485,5
7486,6
7487,7
7488,6
7489,6
7490,4
7491,6
7492,3
7493,10
7494,8
7495,9
7496,6
7497,9
7498,8
7499,8
7500,1
7501,6
7502,8
7503,5
7504,9
7505,9
7506,6
7507,8
7508,6
7509,6
7510,4
7511,8
7512,4
7513,9
7514,8
7515,2
7516,6
7517,5
7518,2
7519,10
7520,2
7521,10
7522,1
7523,9
7524,6
7525,0
7526,4
7527,6
7528,7
7529,0
7530,8
7531,0
7532,8
7533,5
7534,6
7535,6
7536,6
7537,6
7538,1
7539,1
7540,8
7541,5
7542,4
7543,2
7544,2
7545,9
7546,6
7547,5
7548,2
7549,8
7550,5
7551,5
7552,2
7553,6
7554,4
7555,6
7556,5
7557,8
7558,9
7559,9
7560,1
7561,5
7562,6
7563,4
7564,4
7565,6
7566,7
7567,7
7568,10
7569,2
7570,2
7571,4
7572,6
7573,6
7574,1
7575,2
7576,6
7577,7
7578,3
7579,6
7580,5
7581,4
7582,2
7583,6
7584,8
7585,8
7586,5
7587,4
7588,10
7589,7
7590,9
7591,6
7592,8
7593,6
7594,0
7595,0
7596,5
7597,8
7598,5
7599,6
7600,10
7601,9
7602,9
7603,10
7604,7
7605,8
7606,3
7607,3
7608,9
7609,4
7610,10
7611,8
7612,5
7613,6
7614,6
7615,8
7616,6
7617,5
7618,5
7619,5
7620,3
7621,3
7622,1
7623,5
7624,8
7625,7
7626,9
7627,10
7628,6
7629,3
7630,6
7631,5
7632,3
7633,6
7634,10
7635,4
7636,6
7637,6
7638,9
7639,6
7640,0
7641,6
7642,5
7643,8
7644,5
7645,6
7646,10
7647,6
7648,8
7649,4
7650,6
7651,5
7652,0
7653,5
7654,9
7655,0
7656,9
7657,6
7658,0
7659,1
7660,10
7661,5
7662,4
7663,6
7664,7
7665,6
7666,6
7667,4
7668,6
7669,7
7670,5
7671,9
7672,5
7673,6
7674,5
7675,5
7676,2
7677,9
7678,2
7679,6
7680,6
7681,5
7682,5
7683,9
7684,6
7685,9
7686,9
7687,8
7688,5
7689,8
7690,3
7691,4
7692,7
7693,6
7694,3
7695,7
7696,8
7697,0
7698,2
7699,0
7700,6
7701,2
7702,10
7703,0
7704,2
7705,8
7706,9
7707,4
7708,10
7709,9
7710,6
7711,6
7712,6
7713,8
7714,5
7715,3
7716,5
7717,0
7718,8
7719,5
7720,6
7721,7
7722,8
7723,10
7724,5
7725,8
7726,4
7727,6
7728,1
7729,8
7730,1
7731,5
7732,5
7733,10
7734,0
7735,9
7736,9
7737,9
7738,8
7739,0
7740,1
7741,3
7742,6
7743,5
7744,6
7745,10
7746,4
7747,8
7748,7
7749,9
7750,1
7751,4
7752,7
7753,5
7754,4
7755,10
7756,4
7757,2
7758,6
7759,6
7760,4
7761,8
7762,7
7763,5
7764,6
7765,6
7766,7
7767,8
7768,10
7769,4
7770,5
7771,4
7772,8
7773,6
7774,4
7775,4
7776,6
7777,4
7778,8
7779,6
7780,3
7781,7
7782,6
7783,7
7784,2
7785,9
7786,2
7787,6
7788,7
7789,1
7790,8
7791,2
7792,10
7793,6
7794,7
7795,6
7796,6
7797,10
7798,8
7799,1
7800,9
7801,5
7802,3
7803,4
7804,2
7805,8
7806,9
7807,4
7808,7
7809,3
7810,10
7811,8
7812,10
7813,6
7814,10
7815,9
7816,6
7817,9
7818,5
7819,2
7820,0
7821,2
7822,4
7823,6
7824,5
7825,4
7826,8
7827,6
7828,4
7829,1
7830,4
7831,0
7832,9
7833,6
7834,2
7835,5
7836,9
7837,7
7838,2
7839,6
7840,6
7841,7
7842,8
7843,1
7844,6
7845,9
7846,5
7847,5
7848,6
7849,5
7850,5
7851,6
7852,5
7853,3
7854,7
7855,8
7856,2
7857,8
7858,7
7859,10
7860,5
7861,8
7862,5
7863,4
7864,3
7865,6
7866,6
7867,9
7868,6
7869,10
7870,0
7871,7
7872,7
7873,5
7874,9
7875,6
7876,4
7877,10
7878,9
7879,7
7880,6
7881,4
7882,10
7883,9
7884,0
7885,2
7886,1
7887,7
7888,8
7889,2
7890,10
7891,9
7892,7
7893,6
7894,3
7895,6
7896,8
7897,8
7898,7
7899,7
7900,9
7901,0
7902,5
7903,3
7904,7
7905,10
7906,4
7907,4
7908,2
7909,8
7910,7
7911,2
7912,10
7913,4
7914,4
7915,4
7916,6
7917,6
7918,6
7919,4
7920,5
7921,6
7922,0
7923,6
7924,7
7925,6
7926,8
7927,2
7928,7
7929,6
7930,8
7931,6
7932,6
7933,6
7934,7
7935,6
7936,5
7937,6
7938,5
7939,1
7940,3
7941,8
7942,3
7943,7
7944,5
7945,6
7946,6
7947,4
7948,8
7949,2
7950,9
7951,4
7952,10
7953,4
7954,6
7955,10
7956,2
7957,8
7958,10
7959,6
7960,4
7961,6
7962,8
7963,5
7964,1
7965,9
7966,7
7967,4
7968,6
7969,4
7970,6
7971,5
7972,6
7973,5
7974,5
7975,2
7976,1
7977,5
7978,10
7979,7
7980,9
7981,1
7982,10
7983,8
7984,6
7985,4
7986,7
7987,5
7988,0
7989,8
7990,4
7991,5
7992,1
7993,4
7994,0
7995,4
7996,6
7997,10
7998,4
7999,4
8000,6
8001,3
8002,6
8003,5
8004,10
8005,9
8006,10
8007,4
8008,10
8009,5
8010,6
8011,9
8012,0
8013,10
8014,4
8015,4
8016,3
8017,6
8018,7
8019,6
8020,10
8021,6
8022,5
8023,6
8024,6
8025,0
8026,3
8027,6
8028,10
8029,0
8030,4
8031,6
8032,6
8033,8
8034,9
8035,6
8036,5
8037,6
8038,4
8039,6
8040,7
8041,10
8042,7
8043,5
8044,8
8045,6
8046,0
8047,6
8048,7
8049,9
8050,0
8051,10
8052,6
8053,5
8054,10
8055,8
8056,8
8057,1
8058,9
8059,3
8060,9
8061,6
8062,6
8063,8
8064,6
8065,5
8066,4
8067,8
8068,6
8069,1
8070,9
8071,4
8072,6
8073,2
8074,5
8075,10
8076,10
8077,0
8078,6
8079,5
8080,6
8081,1
8082,7
8083,3
8084,7
8085,6
8086,0
8087,1
8088,6
8089,5
8090,9
8091,8
8092,2
8093,6
8094,6
8095,4
8096,4
8097,3
8098,6
8099,9
8100,4
8101,5
8102,6
8103,6
8104,1
8105,8
8106,7
8107,6
8108,9
8109,4
8110,7
8111,1
8112,5
8113,2
8114,8
8115,9
8116,7
8117,6
8118,6
8119,8
8120,5
8121,8
8122,10
8123,7
8124,6
8125,8
8126,6
8127,6
8128,1
8129,8
8130,5
8131,6
8132,0
8133,9
8134,7
8135,10
8136,8
8137,3
8138,8
8139,6
8140,5
8141,6
8142,6
8143,6
8144,9
8145,9
8146,6
8147,2
8148,6
8149,0
8150,6
8151,10
8152,6
8153,8
8154,10
8155,6
8156,5
8157,8
8158,2
8159,7
8160,9
8161,9
8162,6
8163,6
8164,1
8165,6
8166,6
8167,7
8168,8
8169,6
8170,8
8171,9
8172,9
8173,9
8174,1
8175,1
8176,4
8177,0
8178,6
8179,1
8180,5
8181,2
8182,10
8183,9
8184,6
8185,6
8186,2
8187,6
8188,9
8189,4
8190,4
8191,0
8192,6
8193,9
8194,5
8195,1
8196,4
8197,4
8198,6
8199,8
8200,9
8201,7
8202,3
8203,10
8204,0
8205,1
8206,7
8207,5
8208,7
8209,1
8210,6
8211,6
8212,6
8213,9
8214,8
8215,2
8216,6
8217,2
8218,6
8219,6
8220,1
8221,6
8222,6
8223,7
8224,9
8225,8
8226,9
8227,9
8228,6
8229,7
8230,6
8231,1
8232,0
8233,8
8234,7
8235,5
8236,6
8237,6
8238,7
8239,2
8240,6
8241,9
8242,8
8243,6
8244,9
8245,7
8246,4
8247,9
8248,6
8249,6
8250,4
8251,8
8252,5
8253,5
8254,5
8255,6
8256,4
8257,4
8258,6
8259,6
8260,6
8261,0
8262,6
8263,6
8264,7
8265,4
8266,9
8267,6
8268,8
8269,10
8270,9
8271,9
8272,6
8273,9
8274,1
8275,8
8276,6
8277,7
8278,4
8279,8
8280,3
8281,6
8282,1
8283,10
8284,10
8285,6
8286,8
8287,3
8288,2
8289,2
8290,1
8291,0
8292,5
8293,0
8294,6
8295,5
8296,4
8297,6
8298,5
8299,7
8300,4
8301,8
8302,6
8303,0
8304,2
8305,3
8306,8
8307,10
8308,7
8309,5
8310,9
8311,4
8312,5
8313,8
8314,9
8315,3
8316,7
8317,4
8318,4
8319,1
8320,6
8321,7
8322,9
8323,8
8324,9
8325,7
8326,6
8327,10
8328,4
8329,4
8330,7
8331,4
8332,2
8333,5
8334,1
8335,7
8336,4
8337,8
8338,9
8339,7
8340,8
8341,5
8342,6
8343,9
8344,4
8345,6
8346,4
8347,4
8348,6
8349,8
8350,0
8351,4
8352,10
8353,6
8354,8
8355,6
8356,6
8357,7
8358,9
8359,7
8360,10
8361,0
8362,8
8363,4
8364,6
8365,10
8366,5
8367,5
8368,8
8369,9
8370,5
8371,7
8372,6
8373,6
8374,4
8375,6
8376,8
8377,7
8378,8
8379,5
8380,4
8381,4
8382,4
8383,8
8384,4
8385,10
8386,5
8387,5
8388,4
8389,6
8390,8
8391,4
8392,1
8393,9
8394,1
8395,4
8396,6
8397,6
8398,10
8399,7
8400,5
8401,8
8402,4
8403,6
8404,8
8405,6
8406,7
8407,5
8408,2
8409,8
8410,5
8411,4
8412,9
8413,8
8414,5
8415,10
8416,3
8417,2
8418,4
8419,9
8420,5
8421,9
8422,7
8423,6
8424,7
8425,7
8426,7
8427,7
8428,8
8429,1
8430,0
8431,6
8432,9
8433,9
8434,10
8435,2
8436,2
8437,10
8438,5
8439,2
8440,8
8441,4
8442,6
8443,6
8444,7
8445,10
8446,0
8447,9
8448,6
8449,6
8450,0
8451,8
8452,7
8453,9
8454,6
8455,4
8456,4
8457,5
8458,10
8459,6
8460,1
8461,8
8462,6
8463,3
8464,7
8465,8
8466,8
8467,6
8468,4
8469,8
8470,10
8471,5
8472,6
8473,8
8474,8
8475,7
8476,6
8477,8
8478,5
8479,9
8480,2
8481,6
8482,8
8483,8
8484,2
8485,10
8486,8
8487,10
8488,1
8489,6
8490,6
8491,6
8492,8
8493,2
8494,7
8495,7
8496,7
8497,10
8498,8
8499,6
8500,6
8501,4
8502,8
8503,4
8504,5
8505,5
8506,3
8507,6
8508,7
8509,3
8510,5
8511,4
8512,6
8513,7
8514,2
8515,7
8516,6
8517,6
8518,0
8519,5
8520,6
8521,8
8522,4
8523,7
8524,1
8525,5
8526,6
8527,4
8528,2
8529,2
8530,6
8531,5
8532,0
8533,10
8534,6
8535,4
8536,7
8537,3
8538,6
8539,5
8540,1
8541,6
8542,4
8543,2
8544,5
8545,5
8546,8
8547,4
8548,7
8549,4
8550,9
8551,6
8552,10
8553,2
8554,1
8555,6
8556,7
8557,0
8558,8
8559,10
8560,6
8561,10
8562,4
8563,10
8564,8
8565,6
8566,2
8567,5
8568,3
8569,5
8570,8
8571,6
8572,10
8573,7
8574,4
8575,7
8576,6
8577,2
8578,9
8579,10
8580,5
8581,6
8582,9
8583,4
8584,8
8585,5
8586,8
8587,7
8588,10
8589,5
8590,1
8591,2
8592,4
8593,8
8594,2
8595,9
8596,4
8597,10
8598,2
8599,6
8600,1
8601,7
8602,7
8603,5
8604,8
8605,4
8606,7
8607,4
8608,4
8609,5
8610,8
8611,0
8612,10
8613,5
8614,4
8615,6
8616,7
8617,8
8618,6
8619,4
8620,4
8621,10
8622,6
8623,6
8624,6
8625,3
8626,9
8627,2
8628,4
8629,8
8630,3
8631,9
8632,0
8633,6
8634,1
8635,6
8636,5
8637,6
8638,1
8639,1
8640,5
8641,0
8642,6
8643,6
8644,10
8645,7
8646,2
8647,7
8648,7
8649,9
8650,5
8651,8
8652,4
8653,5
8654,9
8655,10
8656,4
8657,7
8658,2
8659,5
8660,6
8661,6
8662,9
8663,8
8664,2
8665,6
8666,6
8667,9
8668,6
8669,6
8670,6
8671,6
8672,2
8673,7
8674,10
8675,2
8676,7
8677,4
8678,1
8679,5
8680,6
8681,7
8682,4
8683,9
8684,6
8685,6
8686,7
8687,4
8688,5
8689,6
8690,2
8691,2
8692,8
8693,0
8694,6
8695,5
8696,6
8697,6
8698,9
8699,6
8700,0
8701,2
8702,6
8703,6
8704,6
8705,0
8706,10
8707,9
8708,0
8709,8
8710,5
8711,4
8712,6
8713,0
8714,7
8715,5
8716,9
8717,8
8718,6
8719,6
8720,6
8721,5
8722,5
8723,6
8724,4
8725,4
8726,6
8727,10
8728,5
8729,10
8730,2
8731,6
8732,8
8733,10
8734,1
8735,5
8736,6
8737,7
8738,4
8739,6
8740,8
8741,10
8742,10
8743,7
8744,4
8745,6
8746,3
8747,7
8748,6
8749,9
8750,9
8751,7
8752,2
8753,5
8754,9
8755,10
8756,3
8757,5
8758,2
8759,6
8760,6
8761,1
8762,3
8763,6
8764,3
8765,10
8766,9
8767,4
8768,1
8769,6
8770,9
8771,4
8772,6
8773,0
8774,6
8775,6
8776,6
8777,3
8778,5
8779,6
8780,3
8781,1
8782,10
8783,2
8784,6
8785,10
8786,7
8787,6
8788,6
8789,1
8790,6
8791,4
8792,9
8793,6
8794,4
8795,0
8796,6
8797,5
8798,4
8799,1
8800,6
8801,6
8802,7
8803,1
8804,9
8805,6
8806,6
8807,3
8808,6
8809,5
8810,7
8811,7
8812,3
8813,3
8814,2
8815,6
8816,6
8817,2
8818,7
8819,1
8820,7
8821,6
8822,9
8823,6
8824,9
8825,3
8826,8
8827,6
8828,10
8829,4
8830,8
8831,1
8832,4
8833,7
8834,8
8835,6
8836,10
8837,7
8838,1
8839,3
8840,6
8841,3
8842,5
8843,4
8844,4
8845,6
8846,4
8847,10
8848,7
8849,6
8850,7
8851,6
8852,10
8853,6
8854,8
8855,5
8856,8
8857,6
8858,8
8859,5
8860,6
8861,8
8862,5
8863,4
8864,10
8865,1
8866,6
8867,8
8868,7
8869,0
8870,7
8871,3
8872,8
8873,9
8874,6
8875,0
8876,4
8877,6
8878,5
8879,6
8880,4
8881,4
8882,8
8883,4
8884,8
8885,10
8886,5
8887,6
8888,6
8889,6
8890,5
8891,2
8892,6
8893,10
8894,8
8895,7
8896,7
8897,4
8898,7
8899,6
8900,6
8901,1
8902,0
8903,2
8904,7
8905,9
8906,3
8907,6
8908,4
8909,8
8910,0
8911,6
8912,9
8913,7
8914,4
8915,6
8916,5
8917,4
8918,6
8919,10
8920,6
8921,2
8922,8
8923,5
8924,9
8925,7
8926,4
8927,6
8928,6
8929,5
8930,6
8931,5
8932,3
8933,2
8934,6
8935,10
8936,5
8937,0
8938,5
8939,4
8940,6
8941,4
8942,3
8943,0
8944,6
8945,8
8946,6
8947,2
8948,6
8949,9
8950,8
8951,9
8952,3
8953,0
8954,6
8955,7
8956,10
8957,4
8958,8
8959,10
8960,1
8961,7
8962,8
8963,9
8964,6
8965,8
8966,7
8967,6
8968,4
8969,9
8970,5
8971,5
8972,10
8973,4
8974,4
8975,7
8976,6
8977,2
8978,6
8979,4
8980,4
8981,5
8982,6
8983,2
8984,0
8985,9
8986,9
8987,10
8988,6
8989,6
8990,7
8991,4
8992,7
8993,10
8994,1
8995,6
8996,6
8997,9
8998,0
8999,5
9000,9
9001,6
9002,2
9003,10
9004,9
9005,6
9006,6
9007,10
9008,6
9009,0
9010,4
9011,6
9012,6
9013,8
9014,4
9015,8
9016,6
9017,6
9018,3
9019,6
9020,7
9021,10
9022,7
9023,9
9024,6
9025,1
9026,6
9027,6
9028,6
9029,8
9030,9
9031,10
9032,6
9033,3
9034,4
9035,2
9036,4
9037,9
9038,8
9039,9
9040,7
9041,9
9042,5
9043,2
9044,7
9045,5
9046,3
9047,1
9048,5
9049,6
9050,6
9051,0
9052,0
9053,6
9054,9
9055,6
9056,2
9057,10
9058,4
9059,6
9060,4
9061,6
9062,7
9063,8
9064,9
9065,2
9066,2
9067,1
9068,1
9069,6
9070,10
9071,8
9072,5
9073,5
9074,7
9075,9
9076,7
9077,5
9078,5
9079,5
9080,6
9081,6
9082,4
9083,3
9084,9
9085,6
9086,8
9087,7
9088,5
9089,5
9090,10
9091,9
9092,2
9093,9
9094,6
9095,8
9096,0
9097,6
9098,8
9099,1
9100,4
9101,10
9102,4
9103,4
9104,6
9105,4
9106,9
9107,5
9108,6
9109,5
9110,8
9111,6
9112,4
9113,9
9114,5
9115,8
9116,0
9117,2
9118,9
9119,9
9120,6
9121,1
9122,9
9123,6
9124,10
9125,5
9126,10
9127,7
9128,10
9129,7
9130,6
9131,0
9132,7
9133,9
9134,6
9135,5
9136,6
9137,7
9138,10
9139,9
9140,4
9141,9
9142,2
9143,6
9144,7
9145,6
9146,8
9147,10
9148,2
9149,6
9150,6
9151,0
9152,9
9153,6
9154,9
9155,0
9156,6
9157,6
9158,4
9159,6
9160,8
9161,3
9162,0
9163,7
9164,4
9165,6
9166,0
9167,9
9168,5
9169,6
9170,0
9171,8
9172,5
9173,9
9174,9
9175,5
9176,6
9177,0
9178,7
9179,5
9180,6
9181,4
9182,7
9183,5
9184,2
9185,9
9186,6
9187,9
9188,8
9189,7
9190,6
9191,8
9192,0
9193,4
9194,9
9195,7
9196,5
9197,5
9198,6
9199,6
9200,9
9201,5
9202,0
9203,6
9204,2
9205,8
9206,9
9207,6
9208,2
9209,5
9210,4
9211,3
9212,1
9213,7
9214,10
9215,4
9216,9
9217,7
9218,6
9219,0
9220,6
9221,9
9222,6
9223,5
9224,5
9225,6
9226,9
9227,4
9228,8
9229,0
9230,5
9231,5
9232,2
9233,4
9234,6
9235,4
9236,3
9237,6
9238,3
9239,4
9240,10
9241,7
9242,6
9243,7
9244,2
9245,1
9246,4
9247,9
9248,1
9249,9
9250,6
9251,5
9252,0
9253,6
9254,1
9255,7
9256,1
9257,3
9258,8
9259,5
9260,9
9261,7
9262,10
9263,1
9264,8
9265,6
9266,6
9267,8
9268,6
9269,6
9270,8
9271,3
9272,6
9273,5
9274,9
9275,5
9276,6
9277,6
9278,2
9279,8
9280,4
9281,3
9282,6
9283,1
9284,2
9285,7
9286,7
9287,8
9288,8
9289,6
9290,7
9291,10
9292,10
9293,5
9294,6
9295,6
9296,4
9297,8
9298,8
9299,2
9300,3
9301,6
9302,8
9303,4
9304,5
9305,8
9306,8
9307,0
9308,6
9309,5
9310,2
9311,6
9312,10
9313,2
9314,7
9315,6
9316,6
9317,10
9318,8
9319,4
9320,0
9321,1
9322,4
9323,1
9324,2
9325,6
9326,6
9327,6
9328,9
9329,4
9330,2
9331,6
9332,10
9333,6
9334,10
9335,7
9336,6
9337,2
9338,9
9339,1
9340,5
9341,1
9342,6
9343,4
9344,4
9345,6
9346,9
9347,2
9348,9
9349,3
9350,1
9351,7
9352,5
9353,6
9354,10
9355,8
9356,4
9357,2
9358,2
9359,9
9360,7
9361,6
9362,2
9363,5
9364,9
9365,7
9366,5
9367,4
9368,5
9369,0
9370,5
9371,5
9372,4
9373,6
9374,4
9375,8
9376,6
9377,9
9378,4
9379,10
9380,7
9381,3
9382,2
9383,4
9384,6
9385,10
9386,6
9387,4
9388,2
9389,2
9390,6
9391,5
9392,6
9393,9
9394,7
9395,8
9396,6
9397,5
9398,6
9399,6
9400,6
9401,6
9402,7
9403,8
9404,1
9405,5
9406,6
9407,4
9408,7
9409,6
9410,1
9411,8
9412,8
9413,6
9414,0
9415,2
9416,10
9417,8
9418,9
9419,2
9420,6
9421,7
9422,5
9423,2
9424,8
9425,2
9426,0
9427,5
9428,8
9429,7
9430,9
9431,10
9432,5
9433,4
9434,3
9435,4
9436,4
9437,8
9438,2
9439,9
9440,10
9441,6
9442,5
9443,0
9444,7
9445,8
9446,6
9447,4
9448,2
9449,7
9450,6
9451,4
9452,7
9453,4
9454,9
9455,6
9456,1
9457,3
9458,6
9459,6
9460,8
9461,9
9462,3
9463,6
9464,5
9465,8
9466,6
9467,6
9468,9
9469,5
9470,6
9471,9
9472,8
9473,8
9474,6
9475,0
9476,5
9477,6
9478,8
9479,10
9480,9
9481,8
9482,9
9483,7
9484,3
9485,6
9486,6
9487,9
9488,6
9489,6
9490,1
9491,6
9492,6
9493,0
9494,6
9495,5
9496,9
9497,6
9498,6
9499,0
9500,6
9501,3
9502,6
9503,6
9504,0
9505,0
9506,4
9507,5
9508,6
9509,6
9510,6
9511,2
9512,6
9513,6
9514,8
9515,5
9516,6
9517,7
9518,5
9519,6
9520,8
9521,7
9522,7
9523,1
9524,8
9525,9
9526,6
9527,6
9528,4
9529,4
9530,8
9531,1
9532,6
9533,6
9534,10
9535,4
9536,1
9537,10
9538,4
9539,4
9540,2
9541,7
9542,5
9543,6
9544,5
9545,10
9546,9
9547,9
9548,8
9549,6
9550,1
9551,3
9552,7
9553,8
9554,6
9555,6
9556,5
9557,3
9558,6
9559,4
9560,8
9561,5
9562,6
9563,4
9564,7
9565,10
9566,0
9567,6
9568,2
9569,9
9570,7
9571,6
9572,6
9573,6
9574,4
9575,6
9576,7
9577,6
9578,6
9579,6
9580,1
9581,6
9582,7
9583,6
9584,10
9585,9
9586,6
9587,9
9588,2
9589,6
9590,0
9591,6
9592,6
9593,9
9594,4
9595,6
9596,4
9597,6
9598,8
9599,3
9600,10
9601,6
9602,4
9603,4
9604,1
9605,6
9606,1
9607,4
9608,8
9609,9
9610,6
9611,6
9612,9
9613,9
9614,2
9615,8
9616,6
9617,1
9618,5
9619,6
9620,9
9621,3
9622,9
9623,4
9624,7
9625,0
9626,8
9627,9
9628,9
9629,6
9630,5
9631,8
9632,9
9633,10
9634,8
9635,8
9636,10
9637,5
9638,7
9639,2
9640,5
9641,5
9642,7
9643,1
9644,7
9645,3
9646,6
9647,10
9648,6
9649,6
9650,5
9651,7
9652,10
9653,6
9654,0
9655,2
9656,6
9657,5
9658,8
9659,8
9660,8
9661,8
9662,4
9663,9
9664,4
9665,6
9666,5
9667,6
9668,7
9669,1
9670,6
9671,3
9672,5
9673,1
9674,5
9675,7
9676,3
9677,9
9678,6
9679,8
9680,7
9681,10
9682,3
9683,10
9684,9
9685,4
9686,5
9687,7
9688,6
9689,10
9690,5
9691,6
9692,6
9693,9
9694,4
9695,10
9696,9
9697,6
9698,10
9699,4
9700,0
9701,6
9702,10
9703,10
9704,4
9705,5
9706,6
9707,6
9708,6
9709,7
9710,6
9711,6
9712,7
9713,7
9714,10
9715,7
9716,1
9717,6
9718,10
9719,6
9720,7
9721,5
9722,4
9723,0
9724,2
9725,5
9726,5
9727,8
9728,6
9729,10
9730,6
9731,8
9732,9
9733,10
9734,5
9735,8
9736,4
9737,9
9738,3
9739,7
9740,7
9741,1
9742,4
9743,9
9744,3
9745,6
9746,6
9747,6
9748,5
9749,0
9750,6
9751,6
9752,1
9753,6
9754,6
9755,7
9756,2
9757,9
9758,6
9759,6
9760,8
9761,3
9762,9
9763,6
9764,6
9765,3
9766,9
9767,7
9768,1
9769,4
9770,6
9771,6
9772,6
9773,7
9774,5
9775,5
9776,6
9777,6
9778,10
9779,5
9780,4
9781,3
9782,0
9783,5
9784,4
9785,4
9786,8
9787,4
9788,0
9789,5
9790,6
9791,10
9792,5
9793,8
9794,6
9795,4
9796,7
9797,7
9798,4
9799,7
9800,2
9801,7
9802,6
9803,6
9804,6
9805,4
9806,6
9807,4
9808,5
9809,7
9810,5
9811,4
9812,6
9813,10
9814,6
9815,2
9816,5
9817,6
9818,4
9819,8
9820,2
9821,6
9822,6
9823,1
9824,9
9825,1
9826,8
9827,3
9828,6
9829,6
9830,5
9831,5
9832,7
9833,6
9834,7
9835,1
9836,9
9837,0
9838,1
9839,9
9840,7
9841,5
9842,6
9843,10
9844,3
9845,9
9846,7
9847,4
9848,6
9849,8
9850,3
9851,7
9852,6
9853,9
9854,9
9855,9
9856,4
9857,6
9858,2
9859,4
9860,0
9861,9
9862,6
9863,9
9864,6
9865,7
9866,4
9867,6
9868,8
9869,10
9870,4
9871,4
9872,0
9873,6
9874,10
9875,9
9876,6
9877,2
9878,10
9879,8
9880,8
9881,7
9882,10
9883,2
9884,6
9885,8
9886,5
9887,5
9888,6
9889,3
9890,6
9891,8
9892,6
9893,8
9894,4
9895,5
9896,4
9897,9
9898,9
9899,10
9900,5
9901,6
9902,6
9903,9
9904,6
9905,8
9906,6
9907,4
9908,9
9909,8
9910,6
9911,4
9912,6
9913,7
9914,3
9915,9
9916,9
9917,4
9918,10
9919,2
9920,9
9921,8
9922,2
9923,6
9924,2
9925,0
9926,7
9927,6
9928,6
9929,2
9930,9
9931,6
9932,2
9933,0
9934,7
9935,10
9936,7
9937,8
9938,2
9939,9
9940,5
9941,0
9942,2
9943,1
9944,6
9945,6
9946,6
9947,10
9948,5
9949,7
9950,10
9951,3
9952,8
9953,4
9954,10
9955,3
9956,8
9957,8
9958,4
9959,4
9960,3
9961,6
9962,8
9963,3
9964,6
9965,6
9966,6
9967,5
9968,6
9969,7
9970,6
9971,8
9972,8
9973,10
9974,6
9975,6
9976,10
9977,8
9978,7
9979,6
9980,8
9981,5
9982,10
9983,8
9984,4
9985,6
9986,6
9987,6
9988,7
9989,5
9990,5
9991,9
9992,6
9993,7
9994,7
9995,2
9996,7
9997,4
9998,5
9999,4
10000,6
10001,6
10002,7
10003,8
10004,1
10005,6
10006,8
10007,1
10008,7
10009,7
10010,5
10011,1
10012,6
10013,6
10014,10
10015,5
10016,8
10017,6
10018,7
10019,6
10020,7
10021,5
10022,6
10023,5
10024,5
10025,4
10026,8
10027,6
10028,6
10029,6
10030,7
10031,6
10032,10
10033,10
10034,1
10035,5
10036,8
10037,5
10038,6
10039,6
10040,4
10041,2
10042,2
10043,7
10044,5
10045,5
10046,7
10047,9
10048,5
10049,5
10050,7
10051,8
10052,6
10053,9
10054,6
10055,8
10056,6
10057,3
10058,4
10059,5
10060,2
10061,4
10062,6
10063,6
10064,4
10065,0
10066,8
10067,10
10068,4
10069,0
10070,6
10071,5
10072,1
10073,9
10074,6
10075,4
10076,6
10077,6
10078,4
10079,10
10080,6
10081,6
10082,10
10083,10
10084,3
10085,2
10086,3
10087,4
10088,8
10089,9
10090,6
10091,10
10092,9
10093,6
10094,10
10095,5
10096,2
10097,8
10098,5
10099,8
10100,8
10101,9
10102,7
10103,5
10104,1
10105,4
10106,5
10107,0
10108,6
10109,6
10110,7
10111,4
10112,5
10113,8
10114,8
10115,6
10116,4
10117,1
10118,4
10119,3
10120,7
10121,6
10122,0
10123,2
10124,3
10125,7
10126,6
10127,7
10128,9
10129,5
10130,5
10131,4
10132,10
10133,4
10134,5
10135,6
10136,4
10137,7
10138,4
10139,6
10140,5
10141,6
10142,10
10143,6
10144,4
10145,4
10146,2
10147,8
10148,5
10149,9
10150,6
10151,7
10152,6
10153,8
10154,5
10155,8
10156,6
10157,6
10158,10
10159,9
10160,1
10161,6
10162,1
10163,4
10164,6
10165,5
10166,2
10167,8
10168,9
10169,9
10170,9
10171,10
10172,9
10173,5
10174,9
10175,7
10176,4
10177,5
10178,9
10179,2
10180,9
10181,8
10182,4
10183,6
10184,6
10185,5
10186,8
10187,1
10188,2
10189,4
10190,4
10191,10
10192,8
10193,10
10194,6
10195,2
10196,6
10197,10
10198,7
10199,6
10200,5
10201,7
10202,8
10203,8
10204,8
10205,4
10206,3
10207,3
10208,6
10209,10
10210,8
10211,8
10212,7
10213,7
10214,4
10215,6
10216,2
10217,8
10218,8
10219,2
10220,4
10221,3
10222,6
10223,7
10224,6
10225,1
10226,10
10227,9
10228,6
10229,7
10230,4
10231,10
10232,5
10233,3
10234,6
10235,6
10236,5
10237,6
10238,6
10239,0
10240,4
10241,7
10242,6
10243,6
10244,0
10245,9
10246,5
10247,6
10248,7
10249,6
10250,6
10251,8
10252,6
10253,6
10254,7
10255,9
10256,6
10257,9
10258,7
10259,10
10260,5
10261,8
10262,6
10263,5
10264,8
10265,4
10266,8
10267,9
10268,9
10269,4
10270,6
10271,10
10272,7
10273,7
10274,6
10275,5
10276,6
10277,6
10278,8
10279,6
10280,6
10281,6
10282,6
10283,7
10284,7
10285,1
10286,5
10287,8
10288,9
10289,7
10290,6
10291,1
10292,9
10293,6
10294,6
10295,4
10296,6
10297,5
10298,7
10299,2
10300,6
10301,1
10302,6
10303,6
10304,10
10305,6
10306,4
10307,6
10308,10
10309,7
10310,6
10311,6
10312,7
10313,3
10314,4
10315,4
10316,4
10317,1
10318,8
10319,2
10320,7
10321,3
10322,3
10323,4
10324,7
10325,9
10326,6
10327,9
10328,4
10329,5
10330,10
10331,10
10332,7
10333,4
10334,8
10335,2
10336,1
10337,8
10338,5
10339,4
10340,8
10341,6
10342,7
10343,6
10344,7
10345,0
10346,2
10347,3
10348,2
10349,5
10350,6
10351,6
10352,9
10353,0
10354,10
10355,5
10356,6
10357,4
10358,8
10359,9
10360,5
10361,7
10362,0
10363,4
10364,7
10365,6
10366,2
10367,5
10368,5
10369,4
10370,5
10371,1
10372,5
10373,8
10374,6
10375,7
10376,10
10377,10
10378,0
10379,4
10380,9
10381,6
10382,1
10383,1
10384,2
10385,3
10386,6
10387,7
10388,3
10389,6
10390,2
10391,6
10392,6
10393,8
10394,2
10395,8
10396,6
10397,6
10398,5
10399,6
10400,6
10401,8
10402,5
10403,7
10404,5
10405,6
10406,10
10407,6
10408,4
10409,4
10410,2
10411,5
10412,5
10413,9
10414,8
10415,1
10416,6
10417,6
10418,6
10419,4
10420,2
10421,4
10422,9
10423,7
10424,6
10425,8
10426,6
10427,8
10428,7
10429,1
10430,5
10431,9
10432,4
10433,8
10434,7
10435,6
10436,5
10437,5
10438,10
10439,5
10440,6
10441,1
10442,6
10443,10
10444,2
10445,2
10446,4
10447,8
10448,7
10449,6
10450,6
10451,7
10452,5
10453,1
10454,5
10455,4
10456,7
10457,10
10458,1
10459,6
10460,4
10461,9
10462,10
10463,8
10464,3
10465,4
10466,8
10467,4
10468,4
10469,10
10470,8
10471,1
10472,5
10473,6
10474,3
10475,8
10476,7
10477,8
10478,6
10479,10
10480,9
10481,6
10482,7
10483,6
10484,4
10485,6
10486,8
10487,7
10488,5
10489,8
10490,2
10491,4
10492,6
10493,10
10494,4
10495,5
10496,5
10497,1
10498,4
10499,5
10500,8
10501,0
10502,10
10503,2
10504,5
10505,4
10506,6
10507,5
10508,4
10509,6
10510,4
10511,5
10512,10
10513,6
10514,6
10515,2
10516,5
10517,8
10518,7
10519,5
10520,9
10521,7
10522,6
10523,0
10524,7
10525,7
10526,10
10527,5
10528,6
10529,10
10530,0
10531,6
10532,6
10533,5
10534,5
10535,5
10536,10
10537,9
10538,6
10539,2
10540,0
10541,2
10542,9
10543,9
10544,6
10545,8
10546,7
10547,6
10548,6
10549,4
10550,8
10551,5
10552,10
10553,6
10554,5
10555,5
10556,10
10557,4
10558,9
10559,10
10560,2
10561,6
10562,6
10563,6
10564,4
10565,4
10566,1
10567,1
10568,8
10569,3
10570,6
10571,9
10572,10
10573,9
10574,10
10575,6
10576,3
10577,3
10578,6
10579,9
10580,7
10581,6
10582,3
10583,0
10584,8
10585,7
10586,10
10587,3
10588,6
10589,8
10590,1
10591,7
10592,5
10593,4
10594,9
10595,5
10596,4
10597,9
10598,8
10599,6
10600,1
10601,9
10602,7
10603,8
10604,9
10605,6
10606,7
10607,5
10608,6
10609,6
10610,2
10611,4
10612,7
10613,7
10614,3
10615,6
10616,6
10617,4
10618,4
10619,3
10620,4
10621,10
10622,5
10623,7
10624,7
10625,5
10626,0
10627,4
10628,9
10629,8
10630,5
10631,10
10632,8
10633,0
10634,8
10635,7
10636,5
10637,6
10638,5
10639,2
10640,9
10641,9
10642,7
10643,6
10644,5
10645,8
10646,6
10647,9
10648,2
10649,5
10650,4
10651,6
10652,4
10653,0
10654,9
10655,1
10656,0
10657,10
10658,10
10659,6
10660,0
10661,4
10662,7
10663,7
10664,10
10665,8
10666,6
10667,7
10668,6
10669,4
10670,10
10671,4
10672,8
10673,9
10674,7
10675,6
10676,1
10677,5
10678,10
10679,4
10680,4
10681,8
10682,2
10683,0
10684,6
10685,10
10686,2
10687,6
10688,4
10689,3
10690,3
10691,2
10692,1
10693,6
10694,5
10695,5
10696,6
10697,2
10698,7
10699,5
10700,5
10701,4
10702,10
10703,8
10704,8
10705,6
10706,2
10707,6
10708,10
10709,3
10710,5
10711,2
10712,2
10713,10
10714,6
10715,3
10716,4
10717,6
10718,6
10719,8
10720,1
10721,10
10722,0
10723,4
10724,2
10725,2
10726,10
10727,9
10728,6
10729,5
10730,6
10731,3
10732,1
10733,9
10734,4
10735,9
10736,8
10737,6
10738,4
10739,8
10740,4
10741,10
10742,6
10743,5
10744,3
10745,9
10746,4
10747,8
10748,9
10749,2
10750,10
10751,6
10752,3
10753,3
10754,5
10755,6
10756,6
10757,8
10758,8
10759,0
10760,6
10761,5
10762,6
10763,4
10764,4
10765,8
10766,9
10767,7
10768,7
10769,8
10770,6
10771,6
10772,6
10773,2
10774,1
10775,10
10776,7
10777,6
10778,6
10779,6
10780,8
10781,4
10782,8
10783,0
10784,7
10785,6
10786,10
10787,6
10788,0
10789,3
10790,5
10791,3
10792,6
10793,2
10794,4
10795,6
10796,6
10797,4
10798,4
10799,6
10800,9
10801,8
10802,7
10803,7
10804,4
10805,6
10806,0
10807,4
10808,4
10809,5
10810,2
10811,4
10812,5
10813,7
10814,6
10815,0
10816,6
10817,6
10818,7
10819,6
10820,6
10821,7
10822,6
10823,3
10824,9
10825,9
10826,7
10827,7
10828,6
10829,6
10830,2
10831,6
10832,0
10833,8
10834,6
10835,9
10836,6
10837,7
10838,2
10839,3
10840,9
10841,0
10842,5
10843,4
10844,4
10845,6
10846,6
10847,9
10848,8
10849,3
10850,7
10851,5
10852,2
10853,9
10854,3
10855,9
10856,6
10857,9
10858,5
10859,6
10860,10
10861,0
10862,6
10863,6
10864,5
10865,4
10866,4
10867,7
10868,4
10869,8
10870,2
10871,6
10872,5
10873,6
10874,5
10875,8
10876,10
10877,6
10878,4
10879,5
10880,4
10881,4
10882,7
10883,7
10884,8
10885,5
10886,9
10887,5
10888,6
10889,8
10890,4
10891,9
10892,6
10893,6
10894,4
10895,6
10896,5
10897,2
10898,2
10899,10
10900,8
10901,9
10902,7
10903,8
10904,4
10905,8
10906,6
10907,6
10908,4
10909,8
10910,6
10911,6
10912,6
10913,7
10914,0
10915,4
10916,8
10917,5
10918,8
10919,6
10920,4
10921,4
10922,8
10923,4
10924,4
10925,5
10926,6
10927,7
10928,1
10929,8
10930,6
10931,6
10932,6
10933,5
10934,0
10935,6
10936,10
10937,10
10938,7
10939,6
10940,10
10941,5
10942,2
10943,5
10944,6
10945,4
10946,5
10947,5
10948,6
10949,4
10950,8
10951,6
10952,10
10953,6
10954,6
10955,2
10956,3
10957,10
10958,5
10959,0
10960,10
10961,0
10962,1
10963,10
10964,8
10965,6
10966,7
10967,6
10968,4
10969,10
10970,6
10971,8
10972,3
10973,6
10974,8
10975,6
10976,1
10977,3
10978,8
10979,5
10980,6
10981,3
10982,6
10983,10
10984,9
10985,7
10986,6
10987,4
10988,4
10989,6
10990,6
10991,8
10992,8
10993,8
10994,9
10995,0
10996,4
10997,10
10998,5
10999,8
11000,7
11001,2
11002,4
11003,5
11004,1
11005,2
11006,7
11007,6
11008,5
11009,6
11010,7
11011,0
11012,5
11013,9
11014,10
11015,4
11016,9
11017,8
11018,5
11019,2
11020,6
11021,7
11022,2
11023,6
11024,4
11025,4
11026,10
11027,9
11028,6
11029,8
11030,7
11031,6
11032,6
11033,6
11034,5
11035,9
11036,7
11037,6
11038,5
11039,7
11040,3
11041,4
11042,1
11043,6
11044,6
11045,5
11046,5
11047,3
11048,0
11049,6
11050,1
11051,4
11052,6
11053,6
11054,5
11055,6
11056,4
11057,6
11058,4
11059,6
11060,4
11061,5
11062,3
11063,9
11064,10
11065,8
11066,5
11067,6
11068,6
11069,4
11070,9
11071,3
11072,4
11073,4
11074,4
11075,7
11076,6
11077,6
11078,9
11079,7
11080,6
11081,1
11082,3
11083,9
11084,6
11085,2
11086,1
11087,1
11088,5
11089,8
11090,5
11091,5
11092,5
11093,5
11094,10
11095,8
11096,4
11097,10
11098,6
11099,6
11100,5
11101,6
11102,5
11103,10
11104,8
11105,5
11106,1
11107,6
11108,5
11109,4
11110,10
11111,5
11112,6
11113,9
11114,5
11115,5
11116,9
11117,10
11118,5
11119,6
11120,6
11121,5
11122,6
11123,9
11124,3
11125,3
11126,6
11127,10
11128,6
11129,10
11130,7
11131,5
11132,7
11133,10
11134,2
11135,6
11136,3
11137,4
11138,4
11139,6
11140,6
11141,2
11142,2
11143,3
11144,6
11145,10
11146,10
11147,7
11148,7
11149,5
11150,5
11151,4
11152,3
11153,7
11154,10
11155,1
11156,2
11157,6
11158,5
11159,6
11160,7
11161,6
11162,5
11163,6
11164,7
11165,10
11166,5
11167,9
11168,9
11169,5
11170,9
11171,6
11172,9
11173,5
11174,10
11175,4
11176,5
11177,9
11178,8
11179,5
11180,6
11181,4
11182,6
11183,2
11184,7
11185,9
11186,9
11187,7
11188,7
11189,4
11190,5
11191,5
11192,1
11193,5
11194,5
11195,6
11196,6
11197,9
11198,10
11199,2
11200,0
11201,3
11202,3
11203,4
11204,9
11205,7
11206,7
11207,6
11208,5
11209,10
11210,2
11211,6
11212,7
11213,0
11214,6
11215,2
11216,6
11217,8
11218,6
11219,2
11220,2
11221,2
11222,7
11223,8
11224,9
11225,9
11226,6
11227,7
11228,6
11229,8
11230,7
11231,9
11232,8
11233,9
11234,3
11235,8
11236,7
11237,6
11238,5
11239,4
11240,8
11241,0
11242,6
11243,8
11244,0
11245,5
11246,8
11247,4
11248,0
11249,7
11250,1
11251,3
11252,5
11253,6
11254,9
11255,6
11256,7
11257,9
11258,10
11259,6
11260,4
11261,6
11262,9
11263,10
11264,8
11265,5
11266,6
11267,6
11268,9
11269,3
11270,3
11271,6
11272,6
11273,9
11274,6
11275,2
11276,6
11277,4
11278,6
11279,6
11280,4
11281,10
11282,7
11283,6
11284,1
11285,2
11286,7
11287,7
11288,8
11289,0
11290,6
11291,1
11292,2
11293,3
11294,6
11295,4
11296,9
11297,2
11298,1
11299,0
11300,8
11301,5
11302,8
11303,1
11304,8
11305,3
11306,6
11307,4
11308,7
11309,8
11310,3
11311,4
11312,9
11313,4
11314,4
11315,6
11316,0
11317,5
11318,5
11319,9
11320,7
11321,3
11322,7
11323,7
11324,7
11325,7
11326,5
11327,2
11328,8
11329,8
11330,6
11331,2
11332,4
11333,8
11334,9
11335,4
11336,5
11337,6
11338,10
11339,0
11340,6
11341,7
11342,6
11343,9
11344,7
11345,3
11346,6
11347,6
11348,5
11349,10
11350,8
11351,6
11352,4
11353,4
11354,6
11355,10
11356,7
11357,6
11358,3
11359,5
11360,4
11361,5
11362,5
11363,5
11364,6
11365,6
11366,9
11367,7
11368,0
11369,4
11370,6
11371,4
11372,6
11373,8
11374,2
11375,6
11376,2
11377,7
11378,6
11379,3
11380,1
11381,9
11382,6
11383,5
11384,7
11385,7
11386,1
11387,0
11388,6
11389,9
11390,8
11391,6
11392,6
11393,5
11394,6
11395,6
11396,10
11397,5
11398,4
11399,2
11400,9
11401,10
11402,4
11403,6
11404,4
11405,5
11406,7
11407,8
11408,8
11409,1
11410,6
11411,10
11412,6
11413,5
11414,6
11415,8
11416,6
11417,5
11418,8
11419,9
11420,4
11421,1
11422,5
11423,4
11424,6
11425,5
11426,8
11427,8
11428,4
11429,6
11430,10
11431,6
11432,6
11433,5
11434,5
11435,5
11436,0
11437,1
11438,5
11439,2
11440,2
11441,4
11442,2
11443,6
11444,5
11445,6
11446,6
11447,8
11448,2
11449,1
11450,5
11451,10
11452,7
11453,6
11454,6
11455,4
11456,1
11457,9
11458,10
11459,6
11460,6
11461,6
11462,6
11463,1
11464,5
11465,7
11466,3
11467,8
11468,10
11469,6
11470,7
11471,6
11472,9
11473,4
11474,8
11475,9
11476,6
11477,5
11478,4
11479,7
11480,4
11481,6
11482,5
11483,3
11484,7
11485,3
11486,10
11487,8
11488,4
11489,9
11490,2
11491,4
11492,8
11493,7
11494,2
11495,10
11496,6
11497,4
11498,6
11499,6
11500,9
11501,7
11502,5
11503,5
11504,6
11505,6
11506,5
11507,10
11508,2
11509,9
11510,10
11511,2
11512,10
11513,6
11514,6
11515,7
11516,3
11517,4
11518,7
11519,6
11520,9
11521,7
11522,2
11523,8
11524,5
11525,2
11526,6
11527,9
11528,7
11529,6
11530,4
11531,4
11532,6
11533,6
11534,4
11535,5
11536,5
11537,4
11538,4
11539,0
11540,5
11541,10
11542,3
11543,9
11544,6
11545,8
11546,10
11547,7
11548,7
11549,7
11550,6
11551,6
11552,5
11553,7
11554,1
11555,6
11556,1
11557,4
11558,8
11559,4
11560,4
11561,3
11562,6
11563,4
11564,6
11565,8
11566,4
11567,0
11568,6
11569,7
11570,9
11571,6
11572,10
11573,6
11574,0
11575,5
11576,9
11577,8
11578,0
11579,9
11580,10
11581,7
11582,8
11583,7
11584,8
11585,5
11586,5
11587,5
11588,6
11589,5
11590,4
11591,9
11592,6
11593,8
11594,1
11595,5
11596,6
11597,4
11598,7
11599,6
11600,1
11601,5
11602,6
11603,9
11604,6
11605,1
11606,5
11607,6
11608,6
11609,6
11610,4
11611,6
11612,7
11613,5
11614,0
11615,6
11616,6
11617,1
11618,3
11619,4
11620,8
11621,6
11622,6
11623,0
11624,4
11625,4
11626,6
11627,6
11628,9
11629,1
11630,6
11631,6
11632,5
11633,7
11634,0
11635,9
11636,8
11637,5
11638,9
11639,8
11640,8
11641,7
11642,4
11643,5
11644,6
11645,5
11646,4
11647,4
11648,6
11649,2
11650,6
11651,3
11652,8
11653,7
11654,4
11655,6
11656,2
11657,6
11658,8
11659,8
11660,8
11661,7
11662,4
11663,6
11664,6
11665,9
11666,7
11667,4
11668,5
11669,3
11670,6
11671,4
11672,4
11673,9
11674,0
11675,6
11676,6
11677,6
11678,9
11679,5
11680,4
11681,5
11682,4
11683,9
11684,8
11685,7
11686,4
11687,4
11688,5
11689,5
11690,6
11691,3
11692,6
11693,9
11694,6
11695,9
11696,5
11697,6
11698,8
11699,10
11700,8
11701,6
11702,6
11703,6
11704,8
11705,8
11706,2
11707,9
11708,8
11709,6
11710,9
11711,4
11712,6
11713,0
11714,4
11715,4
11716,2
11717,6
11718,6
11719,0
11720,6
11721,5
11722,6
11723,4
11724,3
11725,8
11726,1
11727,6
11728,6
11729,10
11730,6
11731,6
11732,9
11733,1
11734,6
11735,6
11736,10
11737,6
11738,8
11739,2
11740,1
11741,1
11742,9
11743,6
11744,7
11745,10
11746,6
11747,10
11748,2
11749,10
11750,7
11751,1
11752,7
11753,8
11754,7
11755,6
11756,6
11757,4
11758,5
11759,6
11760,10
11761,5
11762,2
11763,9
11764,8
11765,6
11766,2
11767,5
11768,9
11769,2
11770,5
11771,5
11772,6
11773,5
11774,10
11775,4
11776,10
11777,4
11778,7
11779,5
11780,5
11781,6
11782,7
11783,1
11784,6
11785,6
11786,8
11787,0
11788,5
11789,8
11790,4
11791,4
11792,6
11793,10
11794,4
11795,6
11796,5
11797,6
11798,8
11799,0
11800,5
11801,6
11802,9
11803,1
11804,6
11805,4
11806,8
11807,1
11808,6
11809,7
11810,10
11811,8
11812,6
11813,8
11814,4
11815,9
11816,6
11817,6
11818,7
11819,8
11820,10
11821,0
11822,5
11823,0
11824,5
11825,9
11826,6
11827,6
11828,6
11829,10
11830,10
11831,3
11832,6
11833,5
11834,6
11835,10
11836,6
11837,2
11838,0
11839,6
11840,3
11841,6
11842,0
11843,9
11844,9
11845,6
11846,2
11847,9
11848,3
11849,9
11850,10
11851,4
11852,1
11853,8
11854,0
11855,8
11856,6
11857,4
11858,7
11859,7
11860,9
11861,0
11862,6
11863,7
11864,5
11865,6
11866,4
11867,6
11868,4
11869,5
11870,3
11871,5
11872,1
11873,5
11874,9
11875,2
11876,0
11877,7
11878,9
11879,2
11880,4
11881,7
11882,4
11883,10
11884,6
11885,8
11886,8
11887,0
11888,6
11889,4
11890,5
11891,6
11892,1
11893,5
11894,3
11895,7
11896,6
11897,7
11898,0
11899,9
11900,6
11901,7
11902,6
11903,6
11904,5
11905,8
11906,6
11907,3
11908,9
11909,8
11910,5
11911,6
11912,6
11913,9
11914,9
11915,10
11916,4
11917,9
11918,4
11919,8
11920,6
11921,5
11922,9
11923,5
11924,6
11925,6
11926,8
11927,7
11928,5
11929,6
11930,2
11931,9
11932,7
11933,8
11934,6
11935,6
11936,6
11937,8
11938,6
11939,6
11940,9
11941,6
11942,8
11943,5
11944,6
11945,9
11946,4
11947,8
11948,8
11949,10
11950,8
11951,5
11952,7
11953,10
11954,3
11955,10
11956,6
11957,9
11958,3
11959,3
11960,7
11961,6
11962,2
11963,7
11964,6
11965,6
11966,8
11967,7
11968,4
11969,3
11970,8
11971,6
11972,4
11973,2
11974,6
11975,7
11976,0
11977,10
11978,6
11979,6
11980,1
11981,4
11982,3
11983,6
11984,3
11985,6
11986,6
11987,0
11988,5
11989,5
11990,10
11991,4
11992,1
11993,2
11994,6
11995,7
11996,8
11997,5
11998,6
11999,5
12000,8
12001,7
12002,9
12003,4
12004,5
12005,9
12006,7
12007,5
12008,7
12009,8
12010,6
12011,10
12012,9
12013,5
12014,4
12015,2
12016,2
12017,5
12018,6
12019,6
12020,4
12021,6
12022,7
12023,8
12024,10
12025,8
12026,7
12027,7
12028,7
12029,2
12030,6
12031,9
12032,5
12033,5
12034,7
12035,8
12036,1
12037,4
12038,6
12039,2
12040,6
12041,8
12042,8
12043,6
12044,6
12045,9
12046,9
12047,10
12048,0
12049,8
12050,1
12051,6
12052,9
12053,6
12054,6
12055,10
12056,7
12057,8
12058,4
12059,4
12060,6
12061,8
12062,5
12063,4
12064,4
12065,8
12066,8
12067,6
12068,6
12069,9
12070,5
12071,6
12072,4
12073,9
12074,6
12075,8
12076,2
12077,3
12078,7
12079,6
12080,2
12081,7
12082,4
12083,7
12084,2
12085,6
12086,10
12087,4
12088,6
12089,8
12090,3
12091,6
12092,0
12093,6
12094,8
12095,6
12096,6
12097,5
12098,5
12099,6
12100,2
12101,6
12102,2
12103,4
12104,6
12105,9
12106,8
12107,4
12108,8
12109,8
12110,7
12111,5
12112,2
12113,5
12114,6
12115,10
12116,10
12117,6
12118,9
12119,6
12120,5
12121,5
12122,8
12123,5
12124,6
12125,5
12126,5
12127,4
12128,6
12129,5
12130,4
12131,5
12132,4
12133,7
12134,8
12135,5
12136,8
12137,4
12138,6
12139,8
12140,5
12141,6
12142,5
12143,10
12144,10
12145,7
12146,5
12147,4
12148,10
12149,7
12150,6
12151,5
12152,4
12153,1
12154,6
12155,4
12156,4
12157,8
12158,3
12159,3
12160,7
12161,8
12162,4
12163,10
12164,1
12165,6
12166,5
12167,6
12168,6
12169,6
12170,9
12171,10
12172,10
12173,4
12174,9
12175,9
12176,5
12177,2
12178,6
12179,6
12180,0
12181,4
12182,7
12183,6
12184,6
12185,10
12186,6
12187,9
12188,6
12189,8
12190,1
12191,4
12192,8
12193,7
12194,9
12195,4
12196,6
12197,8
12198,6
12199,8
12200,7
12201,8
12202,9
12203,6
12204,6
12205,9
12206,5
12207,8
12208,6
12209,6
12210,3
12211,6
12212,7
12213,3
12214,10
12215,6
12216,8
12217,7
12218,6
12219,4
12220,8
12221,9
12222,9
12223,8
12224,4
12225,9
12226,4
12227,10
12228,6
12229,2
12230,6
12231,8
12232,2
12233,2
12234,1
12235,0
12236,4
12237,7
12238,10
12239,0
12240,7
12241,9
12242,2
12243,5
12244,9
12245,2
12246,9
12247,4
12248,2
12249,4
12250,3
12251,6
12252,0
12253,6
12254,8
12255,10
12256,6
12257,5
12258,3
12259,2
12260,10
12261,4
12262,8
12263,4
12264,3
12265,9
12266,6
12267,5
12268,7
12269,4
12270,2
12271,9
12272,8
12273,4
12274,2
12275,0
12276,2
12277,7
12278,2
12279,6
12280,6
12281,9
12282,8
12283,2
12284,4
12285,6
12286,9
12287,5
12288,2
12289,8
12290,7
12291,4
12292,5
12293,7
12294,9
12295,10
12296,8
12297,5
12298,4
12299,5
12300,4
12301,4
12302,4
12303,6
12304,9
12305,9
12306,2
12307,0
12308,7
12309,7
12310,7
12311,6
12312,6
12313,10
12314,6
12315,5
12316,2
12317,4
12318,8
12319,1
12320,8
12321,5
12322,8
12323,8
12324,7
12325,7
12326,5
12327,7
12328,6
12329,6
12330,6
12331,5
12332,8
12333,6
12334,9
12335,6
12336,9
12337,5
12338,1
12339,8
12340,6
12341,0
12342,6
12343,8
12344,5
12345,2
12346,6
12347,8
12348,2
12349,6
12350,0
12351,6
12352,5
12353,5
12354,10
12355,3
12356,7
12357,8
12358,7
12359,2
12360,2
12361,6
12362,1
12363,5
12364,4
12365,0
12366,2
12367,9
12368,6
12369,9
12370,5
12371,6
12372,6
12373,1
12374,7
12375,7
12376,3
12377,6
12378,2
12379,6
12380,2
12381,6
12382,9
12383,6
12384,9
12385,8
12386,8
12387,2
12388,7
12389,3
12390,2
12391,7
12392,5
12393,0
12394,6
12395,3
12396,9
12397,4
12398,10
12399,1
12400,1
12401,10
12402,7
12403,0
12404,6
12405,6
12406,4
12407,7
12408,9
12409,8
12410,1
12411,6
12412,6
12413,6
12414,3
12415,2
12416,7
12417,5
12418,7
12419,5
12420,8
12421,6
12422,6
12423,3
12424,4
12425,7
12426,6
12427,5
12428,0
12429,7
12430,8
12431,3
12432,9
12433,10
12434,6
12435,0
12436,8
12437,10
12438,9
12439,1
12440,7
12441,5
12442,5
12443,6
12444,10
12445,8
12446,6
12447,8
12448,9
12449,10
12450,4
12451,6
12452,8
12453,6
12454,5
12455,3
12456,5
12457,5
12458,2
12459,9
12460,8
12461,5
12462,8
12463,10
12464,4
12465,8
12466,6
12467,6
12468,7
12469,8
12470,5
12471,9
12472,5
12473,6
12474,7
12475,8
12476,6
12477,5
12478,0
12479,8
12480,6
12481,6
12482,4
12483,1
12484,5
12485,6
12486,8
12487,8
12488,1
12489,8
12490,6
12491,6
12492,7
12493,7
12494,6
12495,0
12496,9
12497,4
12498,6
12499,5
12500,4
12501,6
12502,8
12503,7
12504,8
12505,6
12506,9
12507,4
12508,6
12509,9
12510,9
12511,10
12512,10
12513,7
12514,2
12515,6
12516,6
12517,6
12518,6
12519,2
12520,4
12521,6
12522,10
12523,6
12524,9
12525,5
12526,9
12527,4
12528,5
12529,7
12530,9
12531,2
12532,5
12533,2
12534,5
12535,6
12536,2
12537,4
12538,6
12539,7
12540,8
12541,0
12542,3
12543,10
12544,8
12545,7
12546,6
12547,6
12548,2
12549,4
12550,1
12551,3
12552,6
12553,7
12554,6
12555,6
12556,6
12557,5
12558,4
12559,6
12560,9
12561,4
12562,2
12563,2
12564,6
12565,3
12566,4
12567,6
12568,0
12569,9
12570,6
12571,6
12572,0
12573,4
12574,4
12575,6
12576,10
12577,2
12578,8
12579,6
12580,6
12581,0
12582,6
12583,7
12584,7
12585,3
12586,5
12587,7
12588,8
12589,1
12590,8
12591,8
12592,2
12593,8
12594,6
12595,6
12596,6
12597,10
12598,0
12599,5
12600,6
12601,2
12602,9
12603,5
12604,5
12605,9
12606,3
12607,4
12608,6
12609,4
12610,3
12611,8
12612,5
12613,6
12614,6
12615,5
12616,5
12617,6
12618,4
12619,4
12620,6
12621,8
12622,6
12623,6
12624,4
12625,5
12626,5
12627,8
12628,6
12629,5
12630,6
12631,1
12632,6
12633,8
12634,6
12635,6
12636,10
12637,4
12638,6
12639,6
12640,6
12641,6
12642,5
12643,5
12644,6
12645,10
12646,8
12647,1
12648,1
12649,6
12650,4
12651,6
12652,8
12653,2
12654,6
12655,5
12656,9
12657,0
12658,7
12659,0
12660,3
12661,9
12662,6
12663,2
12664,6
12665,6
12666,2
12667,7
12668,6
12669,10
12670,5
12671,2
12672,8
12673,0
12674,5
12675,5
12676,8
12677,4
12678,6
12679,6
12680,5
12681,2
12682,6
12683,2
12684,4
12685,4
12686,0
12687,6
12688,6
12689,6
12690,8
12691,3
12692,8
12693,6
12694,6
12695,0
12696,6
12697,6
12698,0
12699,6
12700,6
12701,2
12702,1
12703,2
12704,9
12705,1
12706,2
12707,6
12708,5
12709,1
12710,3
12711,9
12712,6
12713,9
12714,6
12715,8
12716,8
12717,9
12718,5
12719,3
12720,6
12721,5
12722,9
12723,6
12724,4
12725,1
12726,7
12727,4
12728,6
12729,5
12730,6
12731,6
12732,5
12733,3
12734,8
12735,3
12736,5
12737,4
12738,8
12739,2
12740,8
12741,6
12742,5
12743,10
12744,2
12745,6
12746,4
12747,10
12748,10
12749,7
12750,6
12751,8
12752,5
12753,10
12754,9
12755,6
12756,10
12757,4
12758,10
12759,10
12760,4
12761,10
12762,8
12763,5
12764,6
12765,5
12766,6
12767,8
12768,2
12769,9
12770,6
12771,6
12772,2
12773,8
12774,3
12775,3
12776,4
12777,6
12778,5
12779,3
12780,10
12781,2
12782,3
12783,7
12784,1
12785,6
12786,5
12787,9
12788,7
12789,5
12790,6
12791,7
12792,3
12793,8
12794,6
12795,5
12796,2
12797,6
12798,8
12799,6
12800,6
12801,5
12802,4
12803,9
12804,4
12805,7
12806,6
12807,8
12808,2
12809,10
12810,5
12811,9
12812,6
12813,4
12814,6
12815,6
12816,8
12817,9
12818,4
12819,6
12820,9
12821,6
12822,6
12823,1
12824,8
12825,5
12826,8
12827,4
12828,5
12829,8
12830,7
12831,2
12832,10
12833,9
12834,7
12835,7
12836,9
12837,1
12838,6
12839,10
12840,0
12841,5
12842,4
12843,7
12844,8
12845,9
12846,3
12847,5
12848,1
12849,10
12850,2
12851,6
12852,1
12853,6
12854,6
12855,6
12856,8
12857,2
12858,4
12859,7
12860,5
12861,7
12862,6
12863,9
12864,6
12865,0
12866,1
12867,9
12868,6
12869,8
12870,8
12871,10
12872,5
12873,6
12874,6
12875,4
12876,6
12877,10
12878,5
12879,5
12880,6
12881,0
12882,8
12883,6
12884,7
12885,0
12886,5
12887,5
12888,7
12889,3
12890,7
12891,4
12892,5
12893,3
12894,10
12895,9
12896,10
12897,6
12898,8
12899,7
12900,6
12901,6
12902,3
12903,6
12904,1
12905,7
12906,6
12907,4
12908,7
12909,5
12910,6
12911,0
12912,3
12913,10
12914,5
12915,7
12916,8
12917,10
12918,5
12919,1
12920,2
12921,4
12922,2
12923,10
12924,9
12925,8
12926,5
12927,3
12928,4
12929,8
12930,7
12931,4
12932,6
12933,5
12934,2
12935,10
12936,7
12937,6
12938,6
12939,9
12940,6
12941,6
12942,4
12943,6
12944,9
12945,0
12946,10
12947,10
12948,8
12949,9
12950,9
12951,1
12952,6
12953,4
12954,6
12955,6
12956,2
12957,6
12958,7
12959,6
12960,8
12961,1
12962,9
12963,9
12964,6
12965,0
12966,4
12967,6
12968,5
12969,9
12970,2
12971,10
12972,4
12973,4
12974,1
12975,9
12976,6
12977,6
12978,10
12979,5
12980,6
12981,3
12982,8
12983,5
12984,5
12985,7
12986,6
12987,7
12988,6
12989,8
12990,7
12991,6
12992,6
12993,6
12994,0
12995,6
12996,8
12997,10
12998,7
12999,8
13000,3
13001,2
13002,2
13003,10
13004,9
13005,6
13006,6
13007,4
13008,5
13009,8
13010,10
13011,6
13012,4
13013,6
13014,5
13015,0
13016,6
13017,5
13018,7
13019,6
13020,8
13021,2
13022,5
13023,9
13024,8
13025,6
13026,8
13027,7
13028,8
13029,5
13030,9
13031,5
13032,6
13033,6
13034,1
13035,1
13036,7
13037,3
13038,7
13039,2
13040,6
13041,10
13042,2
13043,10
13044,5
13045,6
13046,6
13047,9
13048,10
13049,9
13050,5
13051,4
13052,10
13053,6
13054,6
13055,9
13056,9
13057,6
13058,6
13059,0
13060,8
13061,2
13062,6
13063,0
13064,1
13065,7
13066,9
13067,5
13068,4
13069,9
13070,2
13071,6
13072,6
13073,4
13074,6
13075,7
13076,4
13077,6
13078,6
13079,6
13080,4
13081,4
13082,6
13083,9
13084,5
13085,5
13086,4
13087,7
13088,6
13089,5
13090,6
13091,8
13092,6
13093,7
13094,8
13095,0
13096,6
13097,2
13098,8
13099,6
13100,9
13101,9
13102,4
13103,4
13104,10
13105,6
13106,1
13107,8
13108,1
13109,2
13110,2
13111,10
13112,8
13113,6
13114,8
13115,0
13116,4
13117,8
13118,5
13119,6
13120,4
13121,1
13122,7
13123,6
13124,5
13125,6
13126,5
13127,5
13128,1
13129,9
13130,6
13131,5
13132,4
13133,4
13134,7
13135,10
13136,4
13137,8
13138,8
13139,0
13140,2
13141,7
13142,4
13143,3
13144,4
13145,6
13146,0
13147,5
13148,9
13149,5
13150,6
13151,10
13152,6
13153,7
13154,3
13155,7
13156,3
13157,0
13158,4
13159,1
13160,2
13161,4
13162,1
13163,0
13164,5
13165,6
13166,8
13167,10
13168,6
13169,7
13170,10
13171,9
13172,10
13173,10
13174,8
13175,3
13176,10
13177,5
13178,4
13179,5
13180,8
13181,2
13182,5
13183,8
13184,6
13185,5
13186,10
13187,9
13188,7
13189,7
13190,2
13191,2
13192,6
13193,9
13194,6
13195,6
13196,4
13197,7
13198,8
13199,3
13200,5
13201,5
13202,6
13203,4
13204,2
13205,9
13206,4
13207,4
13208,8
13209,6
13210,5
13211,10
13212,9
13213,6
13214,5
13215,8
13216,5
13217,1
13218,7
13219,2
13220,2
13221,6
13222,4
13223,9
13224,10
13225,8
13226,6
13227,3
13228,7
13229,5
13230,6
13231,6
13232,7
13233,6
13234,6
13235,4
13236,6
13237,4
13238,8
13239,8
13240,7
13241,6
13242,7
13243,9
13244,0
13245,6
13246,6
13247,6
13248,6
13249,8
13250,8
13251,4
13252,7
13253,6
13254,5
13255,2
13256,6
13257,6
13258,9
13259,0
13260,4
13261,9
13262,7
13263,7
13264,9
13265,8
13266,10
13267,1
13268,9
13269,10
13270,2
13271,8
13272,0
13273,4
13274,7
13275,6
13276,2
13277,5
13278,0
13279,7
13280,4
13281,9
13282,5
13283,1
13284,4
13285,6
13286,10
13287,9
13288,6
13289,0
13290,7
13291,5
13292,7
13293,6
13294,8
13295,4
13296,5
13297,0
13298,9
13299,5
13300,8
13301,9
13302,7
13303,8
13304,4
13305,10
13306,10
13307,6
13308,7
13309,6
13310,5
13311,6
13312,8
13313,8
13314,10
13315,2
13316,6
13317,6
13318,6
13319,8
13320,7
13321,4
13322,7
13323,5
13324,3
13325,4
13326,6
13327,7
13328,4
13329,8
13330,6
13331,6
13332,4
13333,5
13334,9
13335,9
13336,1
13337,6
13338,8
13339,7
13340,8
13341,6
13342,6
13343,5
13344,5
13345,2
13346,9
13347,7
13348,7
13349,7
13350,4
13351,6
13352,9
13353,4
13354,1
13355,9
13356,6
13357,10
13358,8
13359,6
13360,10
13361,6
13362,6
13363,6
13364,6
13365,6
13366,3
13367,6
13368,1
13369,7
13370,10
13371,4
13372,6
13373,4
13374,6
13375,4
13376,8
13377,10
13378,8
13379,6
13380,4
13381,7
13382,2
13383,1
13384,8
13385,7
13386,5
13387,3
13388,2
13389,6
13390,6
13391,4
13392,3
13393,5
13394,5
13395,6
13396,6
13397,5
13398,6
13399,3
13400,6
13401,0
13402,6
13403,8
13404,1
13405,0
13406,9
13407,10
13408,6
13409,6
13410,8
13411,8
13412,7
13413,10
13414,7
13415,8
13416,2
13417,8
13418,8
13419,6
13420,6
13421,6
13422,8
13423,4
13424,5
13425,9
13426,4
13427,1
13428,9
13429,8
13430,6
13431,6
13432,8
13433,3
13434,2
13435,10
13436,6
13437,6
13438,7
13439,8
13440,6
13441,8
13442,3
13443,10
13444,10
13445,10
13446,6
13447,6
13448,6
13449,3
13450,8
13451,1
13452,6
13453,5
13454,8
13455,10
13456,2
13457,6
13458,5
13459,7
13460,6
13461,6
13462,1
13463,6
13464,9
13465,10
13466,5
13467,1
13468,7
13469,5
13470,8
13471,6
13472,5
13473,7
13474,10
13475,2
13476,3
13477,6
13478,2
13479,6
13480,8
13481,3
13482,6
13483,9
13484,1
13485,6
13486,6
13487,8
13488,9
13489,8
13490,8
13491,6
13492,6
13493,5
13494,10
13495,3
13496,4
13497,8
13498,7
13499,3
13500,5
13501,4
13502,1
13503,5
13504,5
13505,9
13506,6
13507,6
13508,5
13509,10
13510,5
13511,1
13512,1
13513,4
13514,6
13515,8
13516,10
13517,3
13518,3
13519,4
13520,5
13521,9
13522,4
13523,1
13524,6
13525,6
13526,9
13527,4
13528,8
13529,6
13530,6
13531,6
13532,5
13533,9
13534,4
13535,8
13536,9
13537,2
13538,6
13539,10
13540,5
13541,10
13542,7
13543,1
13544,8
13545,8
13546,8
13547,6
13548,2
13549,6
13550,0
13551,7
13552,6
13553,8
13554,3
13555,6
13556,2
13557,6
13558,9
13559,6
13560,6
13561,3
13562,3
13563,8
13564,7
13565,6
13566,7
13567,8
13568,8
13569,6
13570,1
13571,4
13572,4
13573,5
13574,2
13575,6
13576,6
13577,3
13578,6
13579,6
13580,3
13581,10
13582,0
13583,6
13584,3
13585,5
13586,2
13587,10
13588,9
13589,4
13590,6
13591,6
13592,0
13593,4
13594,1
13595,4
13596,5
13597,6
13598,1
13599,6
13600,2
13601,2
13602,0
13603,0
13604,5
13605,6
13606,8
13607,6
13608,1
13609,8
13610,7
13611,10
13612,5
13613,2
13614,3
13615,7
13616,6
13617,10
13618,8
13619,9
13620,2
13621,9
13622,4
13623,6
13624,5
13625,2
13626,8
13627,9
13628,2
13629,7
13630,6
13631,1
13632,0
13633,6
13634,2
13635,8
13636,6
13637,4
13638,6
13639,4
13640,2
13641,4
13642,8
13643,6
13644,2
13645,6
13646,9
13647,6
13648,7
13649,7
13650,10
13651,0
13652,6
13653,6
13654,1
13655,10
13656,7
13657,7
13658,4
13659,9
13660,5
13661,9
13662,6
13663,6
13664,8
13665,7
13666,5
13667,6
13668,5
13669,6
13670,10
13671,0
13672,6
13673,3
13674,6
13675,6
13676,8
13677,6
13678,8
13679,6
13680,5
13681,7
13682,10
13683,4
13684,1
13685,9
13686,2
13687,2
13688,7
13689,6
13690,8
13691,6
13692,9
13693,6
13694,1
13695,9
13696,2
13697,3
13698,4
13699,9
13700,7
13701,9
13702,4
13703,7
13704,2
13705,6
13706,5
13707,9
13708,8
13709,7
13710,4
13711,9
13712,4
13713,6
13714,0
13715,4
13716,2
13717,0
13718,7
13719,9
13720,6
13721,6
13722,0
13723,7
13724,8
13725,6
13726,5
13727,4
13728,3
13729,4
13730,4
13731,1
13732,6
13733,5
13734,5
13735,6
13736,3
13737,6
13738,0
13739,8
13740,6
13741,2
13742,0
13743,7
13744,3
13745,0
13746,2
13747,6
13748,10
13749,7
13750,10
13751,6
13752,4
13753,5
13754,8
13755,6
13756,9
13757,6
13758,5
13759,0
13760,6
13761,0
13762,5
13763,10
13764,6
13765,0
13766,7
13767,6
13768,7
13769,5
13770,3
13771,7
13772,4
13773,7
13774,6
13775,8
13776,5
13777,6
13778,4
13779,6
13780,5
13781,10
13782,8
13783,8
13784,6
13785,8
13786,10
13787,6
13788,4
13789,2
13790,6
13791,6
13792,6
13793,5
13794,4
13795,8
13796,6
13797,7
13798,3
13799,5
13800,3
13801,7
13802,6
13803,6
13804,2
13805,6
13806,10
13807,0
13808,2
13809,6
13810,5
13811,7
13812,8
13813,6
13814,8
13815,5
13816,4
13817,3
13818,5
13819,7
13820,8
13821,0
13822,0
13823,5
13824,7
13825,7
13826,9
13827,6
13828,6
13829,3
13830,5
13831,1
13832,8
13833,4
13834,9
13835,3
13836,6
13837,8
13838,0
13839,6
13840,8
13841,6
13842,6
13843,0
13844,6
13845,6
13846,9
13847,5
13848,5
13849,0
13850,4
13851,1
13852,6
13853,10
13854,10
13855,6
13856,9
13857,9
13858,6
13859,6
13860,6
13861,8
13862,6
13863,5
13864,1
13865,6
13866,0
13867,8
13868,2
13869,6
13870,2
13871,6
13872,6
13873,4
13874,5
13875,6
13876,6
13877,6
13878,6
13879,9
13880,1
13881,7
13882,6
13883,5
13884,7
13885,5
13886,8
13887,9
13888,2
13889,6
13890,8
13891,6
13892,5
13893,8
13894,6
13895,4
13896,4
13897,7
13898,4
13899,2
13900,4
13901,8
13902,4
13903,6
13904,4
13905,7
13906,3
13907,8
13908,1
13909,5
13910,7
13911,6
13912,0
13913,5
13914,5
13915,9
13916,10
13917,6
13918,4
13919,5
13920,9
13921,0
13922,9
13923,2
13924,5
13925,6
13926,6
13927,5
13928,6
13929,6
13930,1
13931,4
13932,1
13933,0
13934,10
13935,10
13936,2
13937,7
13938,6
13939,3
13940,6
13941,0
13942,0
13943,6
13944,7
13945,6
13946,9
13947,2
13948,5
13949,10
13950,4
13951,3
13952,8
13953,10
13954,3
13955,0
13956,1
13957,8
13958,6
13959,5
13960,2
13961,9
13962,4
13963,6
13964,9
13965,5
13966,4
13967,5
13968,6
13969,6
13970,5
13971,1
13972,4
13973,7
13974,7
13975,2
13976,2
13977,0
13978,8
13979,5
13980,6
13981,7
13982,1
13983,6
13984,6
13985,6
13986,3
13987,6
13988,9
13989,10
13990,0
13991,6
13992,3
13993,4
13994,6
13995,9
13996,7
13997,8
13998,1
13999,6
14000,10
14001,7
14002,8
14003,2
14004,0
14005,8
14006,6
14007,4
14008,5
14009,4
14010,6
14011,8
14012,2
14013,5
14014,5
14015,6
14016,8
14017,2
14018,6
14019,5
14020,5
14021,6
14022,5
14023,5
14024,8
14025,4
14026,9
14027,6
14028,7
14029,8
14030,7
14031,10
14032,1
14033,4
14034,5
14035,10
14036,6
14037,5
14038,8
14039,4
14040,6
14041,8
14042,6
14043,9
14044,4
14045,2
14046,2
14047,7
14048,5
14049,0
14050,5
14051,7
14052,7
14053,4
14054,4
14055,10
14056,5
14057,4
14058,6
14059,4
14060,1
14061,10
14062,8
14063,4
14064,4
14065,8
14066,9
14067,5
14068,8
14069,6
14070,3
14071,10
14072,2
14073,7
14074,4
14075,9
14076,1
14077,9
14078,7
14079,4
14080,6
14081,6
14082,10
14083,6
14084,8
14085,7
14086,7
14087,5
14088,9
14089,6
14090,2
14091,6
14092,4
14093,6
14094,0
14095,10
14096,5
14097,7
14098,6
14099,5
14100,10
14101,4
14102,2
14103,6
14104,10
14105,6
14106,4
14107,6
14108,6
14109,9
14110,6
14111,8
14112,5
14113,6
14114,4
14115,6
14116,8
14117,2
14118,6
14119,2
14120,3
14121,0
14122,9
14123,6
14124,9
14125,3
14126,2
14127,6
14128,2
14129,3
14130,0
14131,6
14132,7
14133,4
14134,4
14135,5
14136,6
14137,4
14138,1
14139,7
14140,8
14141,9
14142,6
14143,6
14144,5
14145,7
14146,3
14147,8
14148,10
14149,7
14150,3
14151,9
14152,10
14153,6
14154,6
14155,7
14156,4
14157,5
14158,8
14159,8
14160,7
14161,6
14162,4
14163,6
14164,5
14165,9
14166,8
14167,7
14168,5
14169,1
14170,9
14171,8
14172,4
14173,7
14174,6
14175,7
14176,6
14177,9
14178,9
14179,10
14180,6
14181,6
14182,10
14183,9
14184,5
14185,2
14186,6
14187,8
14188,5
14189,8
14190,7
14191,8
14192,2
14193,6
14194,1
14195,6
14196,1
14197,3
14198,5
14199,4
14200,4
14201,3
14202,9
14203,4
14204,3
14205,6
14206,0
14207,6
14208,4
14209,2
14210,6
14211,6
14212,10
14213,9
14214,2
14215,0
14216,7
14217,6
14218,8
14219,10
14220,6
14221,6
14222,5
14223,5
14224,6
14225,6
14226,7
14227,6
14228,10
14229,6
14230,7
14231,5
14232,9
14233,9
14234,8
14235,6
14236,10
14237,4
14238,4
14239,6
14240,6
14241,10
14242,8
14243,6
14244,6
14245,2
14246,9
14247,6
14248,10
14249,6
14250,9
14251,6
14252,8
14253,6
14254,9
14255,7
14256,1
14257,6
14258,5
14259,8
14260,10
14261,6
14262,7
14263,6
14264,10
14265,6
14266,9
14267,7
14268,3
14269,8
14270,5
14271,5
14272,4
14273,7
14274,8
14275,6
14276,3
14277,8
14278,9
14279,5
14280,5
14281,0
14282,6
14283,6
14284,5
14285,1
14286,5
14287,9
14288,5
14289,8
14290,6
14291,1
14292,6
14293,6
14294,4
14295,5
14296,0
14297,9
14298,1
14299,5
14300,0
14301,9
14302,7
14303,4
14304,6
14305,2
14306,7
14307,1
14308,8
14309,6
14310,2
14311,7
14312,4
14313,7
14314,10
14315,9
14316,2
14317,6
14318,6
14319,4
14320,1
14321,4
14322,4
14323,8
14324,8
14325,4
14326,10
14327,7
14328,7
14329,4
14330,6
14331,2
14332,6
14333,0
14334,3
14335,5
14336,6
14337,8
14338,3
14339,8
14340,9
14341,8
14342,4
14343,5
14344,6
14345,4
14346,6
14347,4
14348,7
14349,2
14350,9
14351,4
14352,6
14353,10
14354,7
14355,6
14356,8
14357,5
14358,0
14359,5
14360,8
14361,4
14362,8
14363,2
14364,9
14365,6
14366,3
14367,4
14368,4
14369,10
14370,3
14371,1
14372,4
14373,3
14374,0
14375,2
14376,5
14377,6
14378,6
14379,8
14380,5
14381,9
14382,2
14383,6
14384,6
14385,6
14386,7
14387,6
14388,5
14389,8
14390,8
14391,1
14392,2
14393,6
14394,0
14395,5
14396,10
14397,4
14398,9
14399,4
14400,4
14401,6
14402,4
14403,6
14404,1
14405,8
14406,7
14407,10
14408,6
14409,7
14410,7
14411,7
14412,4
14413,2
14414,7
14415,6
14416,0
14417,2
14418,4
14419,7
14420,1
14421,1
14422,2
14423,2
14424,10
14425,6
14426,6
14427,6
14428,8
14429,1
14430,4
14431,4
14432,4
14433,6
14434,10
14435,8
14436,5
14437,6
14438,9
14439,6
14440,4
14441,6
14442,6
14443,5
14444,4
14445,8
14446,4
14447,5
14448,6
14449,8
14450,6
14451,6
14452,2
14453,9
14454,8
14455,9
14456,6
14457,6
14458,0
14459,5
14460,5
14461,1
14462,7
14463,4
14464,4
14465,4
14466,4
14467,2
14468,4
14469,8
14470,6
14471,9
14472,7
14473,9
14474,10
14475,9
14476,0
14477,6
14478,6
14479,5
14480,8
14481,6
14482,2
14483,4
14484,3
14485,10
14486,8
14487,1
14488,10
14489,9
14490,8
14491,7
14492,2
14493,1
14494,5
14495,4
14496,7
14497,3
14498,6
14499,6
14500,10
14501,3
14502,7
14503,6
14504,7
14505,1
14506,1
14507,9
14508,4
14509,8
14510,5
14511,7
14512,6
14513,6
14514,8
14515,6
14516,6
14517,10
14518,8
14519,7
14520,6
14521,0
14522,6
14523,0
14524,7
14525,9
14526,7
14527,2
14528,6
14529,10
14530,8
14531,9
14532,10
14533,4
14534,8
14535,4
14536,5
14537,2
14538,10
14539,9
14540,6
14541,8
14542,9
14543,5
14544,5
14545,1
14546,6
14547,3
14548,5
14549,3
14550,8
14551,6
14552,6
14553,8
14554,3
14555,7
14556,2
14557,9
14558,1
14559,6
14560,0
14561,6
14562,6
14563,4
14564,6
14565,5
14566,6
14567,3
14568,1
14569,4
14570,9
14571,10
14572,6
14573,6
14574,6
14575,7
14576,6
14577,8
14578,8
14579,6
14580,10
14581,6
14582,10
14583,8
14584,4
14585,2
14586,7
14587,10
14588,8
14589,6
14590,4
14591,8
14592,9
14593,8
14594,8
14595,7
14596,8
14597,3
14598,6
14599,4
14600,5
14601,5
14602,8
14603,4
14604,0
14605,7
14606,5
14607,1
14608,6
14609,0
14610,7
14611,5
14612,5
14613,6
14614,8
14615,4
14616,4
14617,1
14618,9
14619,6
14620,6
14621,8
14622,2
14623,9
14624,5
14625,3
14626,5
14627,9
14628,9
14629,10
14630,6
14631,1
14632,1
14633,5
14634,8
14635,6
14636,6
14637,9
14638,7
14639,9
14640,0
14641,9
14642,6
14643,10
14644,6
14645,6
14646,8
14647,2
14648,7
14649,8
14650,9
14651,4
14652,0
14653,5
14654,7
14655,7
14656,6
14657,4
14658,3
14659,4
14660,9
14661,3
14662,7
14663,6
14664,6
14665,8
14666,6
14667,10
14668,5
14669,3
14670,5
14671,5
14672,7
14673,4
14674,5
14675,6
14676,7
14677,8
14678,4
14679,5
14680,6
14681,7
14682,6
14683,8
14684,6
14685,6
14686,8
14687,0
14688,2
14689,0
14690,10
14691,0
14692,8
14693,9
14694,5
14695,9
14696,9
14697,5
14698,0
14699,10
14700,6
14701,7
14702,5
14703,5
14704,6
14705,8
14706,6
14707,6
14708,8
14709,2
14710,0
14711,1
14712,6
14713,9
14714,6
14715,6
14716,4
14717,10
14718,7
14719,8
14720,0
14721,6
14722,9
14723,7
14724,5
14725,6
14726,5
14727,3
14728,6
14729,1
14730,6
14731,6
14732,6
14733,9
14734,8
14735,6
14736,6
14737,1
14738,2
14739,0
14740,9
14741,9
14742,6
14743,0
14744,9
14745,6
14746,8
14747,1
14748,6
14749,3
14750,7
14751,7
14752,5
14753,9
14754,4
14755,6
14756,10
14757,7
14758,6
14759,6
14760,6
14761,5
14762,3
14763,9
14764,1
14765,6
14766,3
14767,3
14768,2
14769,7
14770,6
14771,1
14772,6
14773,6
14774,2
14775,8
14776,7
14777,9
14778,9
14779,2
14780,5
14781,4
14782,9
14783,1
14784,2
14785,7
14786,5
14787,6
14788,6
14789,6
14790,10
14791,6
14792,6
14793,5
14794,7
14795,6
14796,10
14797,0
14798,7
14799,7
14800,9
14801,0
14802,7
14803,5
14804,1
14805,8
14806,1
14807,8
14808,9
14809,7
14810,4
14811,6
14812,6
14813,9
14814,6
14815,6
14816,4
14817,6
14818,7
14819,10
14820,8
14821,5
14822,2
14823,6
14824,1
14825,6
14826,5
14827,4
14828,6
14829,6
14830,4
14831,6
14832,7
14833,4
14834,6
14835,4
14836,8
14837,6
14838,0
14839,10
14840,8
14841,10
14842,5
14843,6
14844,5
14845,6
14846,5
14847,7
14848,9
14849,5
14850,5
14851,0
14852,4
14853,2
14854,3
14855,7
14856,6
14857,3
14858,6
14859,6
14860,6
14861,4
14862,7
14863,5
14864,6
14865,5
14866,4
14867,3
14868,3
14869,8
14870,6
14871,6
14872,6
14873,9
14874,10
14875,10
14876,6
14877,5
14878,6
14879,4
14880,1
14881,6
14882,2
14883,10
14884,6
14885,9
14886,8
14887,4
14888,7
14889,8
14890,6
14891,1
14892,6
14893,6
14894,8
14895,5
14896,6
14897,6
14898,10
14899,7
14900,5
14901,2
14902,5
14903,6
14904,9
14905,9
14906,8
14907,1
14908,4
14909,7
14910,7
14911,8
14912,9
14913,5
14914,5
14915,8
14916,4
14917,5
14918,4
14919,5
14920,7
14921,5
14922,5
14923,9
14924,7
14925,6
14926,3
14927,9
14928,8
14929,1
14930,6
14931,6
14932,6
14933,6
14934,9
14935,7
14936,0
14937,10
14938,7
14939,6
14940,4
14941,9
14942,6
14943,6
14944,8
14945,6
14946,0
14947,4
14948,10
14949,6
14950,0
14951,8
14952,7
14953,0
14954,6
14955,4
14956,6
14957,4
14958,4
14959,6
14960,6
14961,8
14962,6
14963,1
14964,5
14965,7
14966,8
14967,8
14968,7
14969,0
14970,6
14971,7
14972,10
14973,5
14974,6
14975,4
14976,7
14977,8
14978,9
14979,6
14980,5
14981,7
14982,5
14983,8
14984,7
14985,4
14986,7
14987,10
14988,3
14989,6
14990,6
14991,10
14992,6
14993,6
14994,4
14995,6
14996,10
14997,10
14998,8
14999,7
15000,6
15001,9
15002,6
15003,3
15004,6
15005,9
15006,6
15007,8
15008,6
15009,8
15010,1
15011,4
15012,6
15013,7
15014,5
15015,4
15016,9
15017,4
15018,7
15019,1
15020,8
15021,0
15022,5
15023,5
15024,1
15025,8
15026,6
15027,7
15028,6
15029,6
15030,6
15031,6
15032,6
15033,1
15034,4
15035,1
15036,4
15037,3
15038,8
15039,6
15040,3
15041,7
15042,6
15043,9
15044,10
15045,6
15046,5
15047,6
15048,6
15049,4
15050,7
15051,7
15052,4
15053,8
15054,6
15055,8
15056,7
15057,6
15058,3
15059,10
15060,4
15061,6
15062,8
15063,7
15064,9
15065,5
15066,4
15067,5
15068,7
15069,6
15070,9
15071,7
15072,6
15073,8
15074,8
15075,5
15076,8
15077,5
15078,9
15079,5
15080,0
15081,9
15082,0
15083,9
15084,9
15085,4
15086,5
15087,5
15088,7
15089,8
15090,6
15091,10
15092,10
15093,2
15094,2
15095,8
15096,0
15097,5
15098,1
15099,6
15100,10
15101,6
15102,7
15103,6
15104,7
15105,2
15106,4
15107,9
15108,0
15109,4
15110,3
15111,4
15112,5
15113,9
15114,7
15115,8
15116,10
15117,8
15118,6
15119,5
15120,6
15121,6
15122,0
15123,6
15124,3
15125,5
15126,8
15127,8
15128,10
15129,8
15130,4
15131,9
15132,1
15133,3
15134,6
15135,8
15136,6
15137,6
15138,5
15139,6
15140,6
15141,3
15142,3
15143,7
15144,9
15145,3
15146,5
15147,9
15148,8
15149,7
15150,7
15151,6
15152,9
15153,7
15154,6
15155,6
15156,6
15157,10
15158,6
15159,6
15160,4
15161,1
15162,7
15163,5
15164,3
15165,9
15166,10
15167,6
15168,8
15169,4
15170,7
15171,5
15172,7
15173,6
15174,8
15175,9
15176,8
15177,6
15178,7
15179,0
15180,9
15181,3
15182,7
15183,7
15184,5
15185,8
15186,7
15187,4
15188,9
15189,9
15190,4
15191,6
15192,10
15193,7
15194,0
15195,5
15196,9
15197,6
15198,4
15199,10
15200,10
15201,7
15202,5
15203,5
15204,10
15205,6
15206,2
15207,6
15208,6
15209,8
15210,6
15211,10
15212,6
15213,7
15214,8
15215,2
15216,6
15217,8
15218,7
15219,10
15220,8
15221,6
15222,2
15223,3
15224,4
15225,8
15226,7
15227,6
15228,5
15229,4
15230,5
15231,8
15232,0
15233,10
15234,4
15235,10
15236,5
15237,6
15238,5
15239,4
15240,2
15241,6
15242,8
15243,5
15244,9
15245,8
15246,0
15247,1
15248,9
15249,6
15250,7
15251,6
15252,5
15253,5
15254,2
15255,5
15256,5
15257,1
15258,10
15259,10
15260,0
15261,10
15262,10
15263,5
15264,1
15265,9
15266,7
15267,6
15268,9
15269,1
15270,10
15271,8
15272,6
15273,6
15274,3
15275,9
15276,6
15277,5
15278,4
15279,5
15280,6
15281,6
15282,9
15283,6
15284,6
15285,5
15286,7
15287,3
15288,6
15289,4
15290,1
15291,5
15292,5
15293,6
15294,6
15295,7
15296,9
15297,3
15298,10
15299,7
15300,1
15301,7
15302,2
15303,5
15304,1
15305,7
15306,6
15307,5
15308,6
15309,5
15310,4
15311,6
15312,10
15313,6
15314,6
15315,5
15316,2
15317,8
15318,9
15319,10
15320,8
15321,9
15322,7
15323,6
15324,9
15325,9
15326,7
15327,4
15328,7
15329,2
15330,7
15331,9
15332,1
15333,7
15334,7
15335,9
15336,10
15337,8
15338,8
15339,5
15340,9
15341,9
15342,3
15343,5
15344,6
15345,1
15346,6
15347,5
15348,5
15349,8
15350,3
15351,5
15352,6
15353,6
15354,5
15355,8
15356,7
15357,6
15358,4
15359,6
15360,4
15361,4
15362,0
15363,6
15364,7
15365,4
15366,7
15367,2
15368,8
15369,6
15370,3
15371,3
15372,0
15373,10
15374,5
15375,4
15376,6
15377,5
15378,9
15379,6
15380,6
15381,6
15382,2
15383,7
15384,7
15385,3
15386,2
15387,6
15388,0
15389,9
15390,7
15391,6
15392,8
15393,6
15394,10
15395,6
15396,6
15397,2
15398,8
15399,7
15400,4
15401,7
15402,6
15403,7
15404,7
15405,10
15406,1
15407,4
15408,6
15409,2
15410,3
15411,10
15412,7
15413,4
15414,1
15415,3
15416,2
15417,6
15418,5
15419,5
15420,4
15421,0
15422,9
15423,9
15424,6
15425,6
15426,4
15427,9
15428,4
15429,7
15430,10
15431,6
15432,4
15433,7
15434,4
15435,3
15436,4
15437,5
15438,5
15439,10
15440,4
15441,9
15442,2
15443,6
15444,2
15445,2
15446,8
15447,10
15448,9
15449,5
15450,5
15451,6
15452,8
15453,1
15454,7
15455,8
15456,8
15457,3
15458,1
15459,5
15460,9
15461,4
15462,1
15463,4
15464,3
15465,6
15466,7
15467,6
15468,8
15469,6
15470,5
15471,6
15472,0
15473,7
15474,6
15475,7
15476,8
15477,2
15478,9
15479,6
15480,9
15481,5
15482,2
15483,6
15484,1
15485,2
15486,9
15487,1
15488,9
15489,9
15490,8
15491,4
15492,5
15493,8
15494,8
15495,6
15496,6
15497,2
15498,6
15499,2
15500,4
15501,4
15502,9
15503,6
15504,2
15505,7
15506,6
15507,9
15508,3
15509,8
15510,7
15511,1
15512,2
15513,7
15514,1
15515,6
15516,8
15517,2
15518,9
15519,9
15520,6
15521,6
15522,0
15523,5
15524,3
15525,4
15526,6
15527,4
15528,8
15529,6
15530,10
15531,7
15532,4
15533,5
15534,9
15535,1
15536,6
15537,9
15538,6
15539,8
15540,6
15541,5
15542,6
15543,10
15544,6
15545,7
15546,4
15547,7
15548,7
15549,6
15550,10
15551,4
15552,6
15553,10
15554,8
15555,5
15556,3
15557,6
15558,9
15559,10
15560,4
15561,8
15562,7
15563,7
15564,5
15565,8
15566,2
15567,10
15568,0
15569,9
15570,6
15571,5
15572,8
15573,7
15574,0
15575,6
15576,3
15577,6
15578,8
15579,2
15580,10
15581,7
15582,1
15583,1
15584,6
15585,2
15586,5
15587,5
15588,4
15589,9
15590,5
15591,8
15592,0
15593,9
15594,5
15595,5
15596,6
15597,6
15598,1
15599,4
15600,4
15601,4
15602,6
15603,4
15604,9
15605,6
15606,6
15607,8
15608,9
15609,7
15610,7
15611,6
15612,6
15613,8
15614,3
15615,3
15616,6
15617,5
15618,8
15619,5
15620,6
15621,3
15622,6
15623,6
15624,9
15625,6
15626,9
15627,8
15628,3
15629,5
15630,4
15631,1
15632,8
15633,7
15634,5
15635,8
15636,6
15637,5
15638,6
15639,5
15640,7
15641,2
15642,8
15643,6
15644,5
15645,8
15646,7
15647,2
15648,8
15649,6
15650,5
15651,2
15652,9
15653,0
15654,9
15655,6
15656,7
15657,5
15658,5
15659,4
15660,10
15661,0
15662,4
15663,10
15664,8
15665,1
15666,9
15667,6
15668,6
15669,6
15670,6
15671,8
15672,1
15673,4
15674,7
15675,0
15676,5
15677,8
15678,7
15679,8
15680,8
15681,4
15682,2
15683,8
15684,6
15685,9
15686,10
15687,7
15688,6
15689,7
15690,7
15691,5
15692,7
15693,4
15694,8
15695,7
15696,8
15697,8
15698,5
15699,6
15700,2
15701,4
15702,4
15703,3
15704,9
15705,6
15706,4
15707,4
15708,7
15709,4
15710,8
15711,5
15712,1
15713,5
15714,6
15715,9
15716,7
15717,7
15718,5
15719,7
15720,3
15721,6
15722,6
15723,4
15724,1
15725,8
15726,7
15727,6
15728,8
15729,0
15730,9
15731,8
15732,10
15733,7
15734,6
15735,3
15736,1
15737,10
15738,5
15739,2
15740,1
15741,4
15742,4
15743,9
15744,9
15745,6
15746,6
15747,1
15748,9
15749,10
15750,0
15751,5
15752,8
15753,8
15754,7
15755,6
15756,5
15757,6
15758,9
15759,9
15760,4
15761,9
15762,2
15763,6
15764,7
15765,2
15766,6
15767,8
15768,8
15769,4
15770,1
15771,0
15772,8
15773,8
15774,7
15775,6
15776,1
15777,7
15778,6
15779,7
15780,5
15781,8
15782,9
15783,4
15784,6
15785,9
15786,6
15787,6
15788,5
15789,6
15790,5
15791,2
15792,7
15793,6
15794,3
15795,6
15796,10
15797,7
15798,1
15799,4
15800,4
15801,8
15802,9
15803,4
15804,4
15805,4
15806,5
15807,6
15808,7
15809,10
15810,4
15811,7
15812,4
15813,10
15814,6
15815,7
15816,7
15817,6
15818,7
15819,10
15820,5
15821,5
15822,8
15823,8
15824,7
15825,1
15826,7
15827,4
15828,7
15829,8
15830,6
15831,8
15832,0
15833,4
15834,6
15835,6
15836,6
15837,6
15838,6
15839,3
15840,6
15841,6
15842,6
15843,4
15844,4
15845,4
15846,6
15847,6
15848,7
15849,4
15850,6
15851,4
15852,8
15853,7
15854,6
15855,5
15856,1
15857,9
15858,3
15859,9
15860,4
15861,7
15862,10
15863,3
15864,3
15865,7
15866,7
15867,10
15868,1
15869,4
15870,10
15871,7
15872,8
15873,7
15874,2
15875,2
15876,7
15877,9
15878,9
15879,2
15880,6
15881,7
15882,2
15883,3
15884,10
15885,6
15886,6
15887,9
15888,8
15889,4
15890,7
15891,7
15892,6
15893,9
15894,7
15895,0
15896,3
15897,6
15898,6
15899,7
15900,10
15901,6
15902,8
15903,7
15904,4
15905,6
15906,6
15907,4
15908,7
15909,2
15910,10
15911,2
15912,4
15913,10
15914,4
15915,3
15916,8
15917,6
15918,6
15919,10
15920,5
15921,4
15922,4
15923,8
15924,4
15925,3
15926,6
15927,5
15928,7
15929,5
15930,8
15931,2
15932,4
15933,8
15934,9
15935,6
15936,5
15937,6
15938,9
15939,0
15940,6
15941,6
15942,4
15943,10
15944,3
15945,6
15946,6
15947,8
15948,6
15949,6
15950,8
15951,3
15952,0
15953,0
15954,7
15955,2
15956,6
15957,3
15958,8
15959,8
15960,7
15961,7
15962,10
15963,9
15964,6
15965,3
15966,10
15967,6
15968,6
15969,6
15970,9
15971,6
15972,2
15973,6
15974,0
15975,3
15976,8
15977,6
15978,9
15979,7
15980,5
15981,9
15982,10
15983,7
15984,2
15985,9
15986,6
15987,10
15988,5
15989,8
15990,8
15991,9
15992,9
15993,6
15994,6
15995,7
15996,7
15997,6
15998,4
15999,8
16000,9
16001,6
16002,6
16003,7
16004,5
16005,4
16006,8
16007,6
16008,1
16009,10
16010,3
16011,6
16012,1
16013,6
16014,5
16015,5
16016,10
16017,6
16018,7
16019,0
16020,9
16021,8
16022,6
16023,6
16024,5
16025,4
16026,10
16027,10
16028,6
16029,6
16030,8
16031,6
16032,5
16033,6
16034,8
16035,5
16036,4
16037,5
16038,1
16039,2
16040,6
16041,8
16042,2
16043,3
16044,7
16045,7
16046,5
16047,7
16048,8
16049,10
16050,3
16051,10
16052,9
16053,8
16054,2
16055,5
16056,8
16057,5
16058,6
16059,6
16060,8
16061,5
16062,9
16063,6
16064,5
16065,4
16066,8
16067,9
16068,1
16069,8
16070,5
16071,3
16072,6
16073,6
16074,5
16075,9
16076,6
16077,5
16078,5
16079,10
16080,6
16081,1
16082,8
16083,6
16084,4
16085,6
16086,5
16087,6
16088,6
16089,6
16090,5
16091,5
16092,5
16093,4
16094,6
16095,6
16096,6
16097,5
16098,6
16099,6
16100,8
16101,8
16102,5
16103,4
16104,5
16105,8
16106,1
16107,4
16108,4
16109,5
16110,8
16111,3
16112,4
16113,5
16114,6
16115,6
16116,5
16117,5
16118,5
16119,0
16120,4
16121,5
16122,4
16123,7
16124,7
16125,4
16126,6
16127,7
16128,7
16129,6
16130,6
16131,6
16132,6
16133,6
16134,10
16135,1
16136,5
16137,4
16138,6
16139,7
16140,2
16141,3
16142,5
16143,6
16144,7
16145,7
16146,7
16147,6
16148,7
16149,5
16150,5
16151,6
16152,5
16153,4
16154,6
16155,2
16156,7
16157,6
16158,5
16159,7
16160,7
16161,2
16162,7
16163,2
16164,8
16165,8
16166,5
16167,6
16168,9
16169,4
16170,6
16171,10
16172,6
16173,10
16174,5
16175,10
16176,5
16177,3
16178,8
16179,5
16180,9
16181,0
16182,1
16183,4
16184,5
16185,6
16186,7
16187,4
16188,5
16189,6
16190,8
16191,4
16192,10
16193,0
16194,8
16195,3
16196,5
16197,7
16198,2
16199,5
16200,6
16201,0
16202,9
16203,4
16204,4
16205,0
16206,6
16207,5
16208,8
16209,6
16210,6
16211,10
16212,4
16213,5
16214,5
16215,9
16216,6
16217,6
16218,7
16219,1
16220,7
16221,8
16222,4
16223,5
16224,0
16225,6
16226,4
16227,4
16228,1
16229,2
16230,1
16231,6
16232,1
16233,7
16234,6
16235,2
16236,2
16237,6
16238,5
16239,6
16240,6
16241,9
16242,4
16243,6
16244,2
16245,5
16246,7
16247,6
16248,4
16249,5
16250,9
16251,10
16252,3
16253,6
16254,4
16255,8
16256,6
16257,4
16258,8
16259,8
16260,5
16261,5
16262,3
16263,10
16264,4
16265,8
16266,6
16267,7
16268,6
16269,4
16270,5
16271,5
16272,6
16273,7
16274,1
16275,1
16276,2
16277,10
16278,10
16279,2
16280,0
16281,2
16282,7
16283,7
16284,1
16285,7
16286,1
16287,3
16288,6
16289,6
16290,7
16291,7
16292,6
16293,4
16294,5
16295,10
16296,1
16297,10
16298,0
16299,3
16300,2
16301,7
16302,5
16303,8
16304,5
16305,4
16306,1
16307,2
16308,6
16309,9
16310,7
16311,8
16312,1
16313,3
16314,6
16315,9
16316,6
16317,1
16318,0
16319,6
16320,0
16321,10
16322,4
16323,8
16324,0
16325,8
16326,8
16327,9
16328,8
16329,4
16330,5
16331,8
16332,4
16333,6
16334,5
16335,6
16336,5
16337,0
16338,9
16339,9
16340,6
16341,8
16342,8
16343,9
16344,5
16345,5
16346,4
16347,1
16348,4
16349,5
16350,2
16351,7
16352,1
16353,5
16354,6
16355,10
16356,8
16357,1
16358,0
16359,6
16360,9
16361,0
16362,5
16363,4
16364,8
16365,6
16366,2
16367,3
16368,6
16369,2
16370,6
16371,8
16372,3
16373,9
16374,10
16375,2
16376,5
16377,8
16378,6
16379,5
16380,5
16381,4
16382,5
16383,9
16384,8
16385,0
16386,9
16387,9
16388,7
16389,2
16390,10
16391,7
16392,8
16393,4
16394,1
16395,9
16396,6
16397,9
16398,5
16399,8
16400,10
16401,6
16402,0
16403,1
16404,6
16405,8
16406,9
16407,7
16408,7
16409,1
16410,6
16411,6
16412,6
16413,10
16414,5
16415,4
16416,6
16417,10
16418,6
16419,7
16420,5
16421,4
16422,6
16423,10
16424,4
16425,6
16426,3
16427,3
16428,5
16429,4
16430,4
16431,6
16432,5
16433,6
16434,7
16435,10
16436,1
16437,7
16438,4
16439,5
16440,7
16441,9
16442,6
16443,3
16444,10
16445,5
16446,0
16447,4
16448,2
16449,6
16450,9
16451,5
16452,7
16453,5
16454,6
16455,4
16456,4
16457,5
16458,4
16459,6
16460,6
16461,9
16462,6
16463,9
16464,5
16465,7
16466,5
16467,7
16468,10
16469,3
16470,2
16471,10
16472,8
16473,0
16474,6
16475,6
16476,9
16477,8
16478,9
16479,6
16480,6
16481,7
16482,5
16483,7
16484,10
16485,8
16486,7
16487,2
16488,8
16489,10
16490,6
16491,6
16492,6
16493,1
16494,8
16495,10
16496,2
16497,8
16498,1
16499,2
16500,6
16501,2
16502,1
16503,5
16504,4
16505,8
16506,6
16507,9
16508,10
16509,7
16510,9
16511,8
16512,1
16513,6
16514,6
16515,6
16516,8
16517,9
16518,7
16519,4
16520,4
16521,0
16522,6
16523,6
16524,1
16525,0
16526,9
16527,3
16528,4
16529,3
16530,7
16531,5
16532,0
16533,7
16534,1
16535,4
16536,7
16537,6
16538,6
16539,9
16540,1
16541,6
16542,6
16543,6
16544,8
16545,5
16546,4
16547,6
16548,6
16549,5
16550,5
16551,8
16552,6
16553,6
16554,6
16555,6
16556,6
16557,6
16558,2
16559,7
16560,2
16561,4
16562,5
16563,0
16564,4
16565,5
16566,9
16567,5
16568,9
16569,6
16570,10
16571,5
16572,8
16573,6
16574,6
16575,6
16576,5
16577,10
16578,6
16579,8
16580,10
16581,3
16582,9
16583,8
16584,8
16585,7
16586,5
16587,6
16588,8
16589,6
16590,6
16591,6
16592,3
16593,5
16594,6
16595,5
16596,5
16597,9
16598,8
16599,2
16600,9
16601,6
16602,3
16603,8
16604,6
16605,6
16606,6
16607,5
16608,1
16609,6
16610,9
16611,9
16612,0
16613,6
16614,7
16615,5
16616,5
16617,4
16618,8
16619,8
16620,6
16621,8
16622,3
16623,3
16624,6
16625,8
16626,10
16627,6
16628,1
16629,5
16630,0
16631,4
16632,1
16633,6
16634,6
16635,1
16636,4
16637,9
16638,10
16639,1
16640,7
16641,4
16642,8
16643,0
16644,9
16645,3
16646,3
16647,6
16648,6
16649,1
16650,4
16651,6
16652,6
16653,2
16654,7
16655,2
16656,10
16657,7
16658,6
16659,2
16660,6
16661,8
16662,7
16663,4
16664,5
16665,1
16666,6
16667,6
16668,8
16669,10
16670,6
16671,6
16672,9
16673,1
16674,6
16675,6
16676,7
16677,6
16678,8
16679,0
16680,2
16681,10
16682,7
16683,6
16684,6
16685,6
16686,10
16687,4
16688,7
16689,6
16690,0
16691,8
16692,8
16693,6
16694,4
16695,7
16696,4
16697,5
16698,4
16699,7
16700,2
16701,8
16702,6
16703,7
16704,4
16705,2
16706,6
16707,6
16708,6
16709,0
16710,5
16711,6
16712,6
16713,10
16714,10
16715,9
16716,5
16717,2
16718,9
16719,6
16720,2
16721,8
16722,8
16723,6
16724,9
16725,6
16726,5
16727,10
16728,1
16729,2
16730,7
16731,10
16732,4
16733,6
16734,2
16735,2
16736,10
16737,5
16738,6
16739,6
16740,10
16741,6
16742,0
16743,6
16744,6
16745,6
16746,0
16747,8
16748,6
16749,5
16750,8
16751,10
16752,10
16753,8
16754,7
16755,6
16756,2
16757,5
16758,5
16759,1
16760,4
16761,7
16762,6
16763,6
16764,4
16765,5
16766,6
16767,4
16768,5
16769,8
16770,2
16771,10
16772,4
16773,9
16774,4
16775,6
16776,7
16777,7
16778,6
16779,4
16780,10
16781,7
16782,6
16783,6
16784,2
16785,6
16786,5
16787,9
16788,4
16789,3
16790,6
16791,3
16792,7
16793,10
16794,5
16795,10
16796,6
16797,0
16798,9
16799,2
16800,6
16801,2
16802,3
16803,9
16804,8
16805,6
16806,6
16807,9
16808,10
16809,6
16810,6
16811,7
16812,9
16813,1
16814,6
16815,5
16816,8
16817,1
16818,1
16819,8
16820,5
16821,4
16822,3
16823,6
16824,8
16825,3
16826,7
16827,4
16828,6
16829,3
16830,6
16831,0
16832,8
16833,1
16834,10
16835,3
16836,8
16837,6
16838,4
16839,6
16840,5
16841,6
16842,8
16843,4
16844,6
16845,2
16846,2
16847,0
16848,6
16849,0
16850,6
16851,6
16852,10
16853,6
16854,10
16855,9
16856,1
16857,4
16858,9
16859,6
16860,10
16861,4
16862,4
16863,4
16864,4
16865,8
16866,2
16867,7
16868,9
16869,8
16870,10
16871,0
16872,4
16873,4
16874,2
16875,9
16876,6
16877,5
16878,2
16879,10
16880,7
16881,6
16882,4
16883,6
16884,9
16885,6
16886,5
16887,9
16888,9
16889,9
16890,4
16891,4
16892,6
16893,9
16894,4
16895,8
16896,7
16897,7
16898,6
16899,10
16900,6
16901,8
16902,0
16903,2
16904,8
16905,6
16906,6
16907,6
16908,1
16909,10
16910,8
16911,5
16912,9
16913,6
16914,5
16915,6
16916,6
16917,6
16918,6
16919,1
16920,5
16921,4
16922,6
16923,5
16924,6
16925,6
16926,6
16927,3
16928,7
16929,6
16930,3
16931,2
16932,6
16933,5
16934,2
16935,2
16936,9
16937,8
16938,2
16939,6
16940,3
16941,5
16942,10
16943,6
16944,9
16945,9
16946,8
16947,3
16948,7
16949,6
16950,4
16951,6
16952,5
16953,4
16954,6
16955,8
16956,5
16957,2
16958,8
16959,2
16960,4
16961,7
16962,5
16963,0
16964,3
16965,2
16966,9
16967,9
16968,3
16969,4
16970,4
16971,3
16972,9
16973,8
16974,0
16975,6
16976,3
16977,0
16978,4
16979,8
16980,6
16981,9
16982,9
16983,8
16984,7
16985,4
16986,6
16987,10
16988,7
16989,2
16990,8
16991,6
16992,4
16993,8
16994,4
16995,6
16996,5
16997,6
16998,8
16999,4
17000,4
17001,6
17002,6
17003,10
17004,7
17005,3
17006,7
17007,5
17008,6
17009,2
17010,5
17011,6
17012,8
17013,10
17014,9
17015,7
17016,8
17017,5
17018,5
17019,6
17020,2
17021,7
17022,6
17023,2
17024,0
17025,8
17026,7
17027,6
17028,10
17029,4
17030,7
17031,0
17032,0
17033,1
17034,6
17035,2
17036,5
17037,9
17038,4
17039,0
17040,0
17041,6
17042,5
17043,8
17044,2
17045,9
17046,2
17047,10
17048,4
17049,0
17050,6
17051,4
17052,7
17053,7
17054,6
17055,0
17056,10
17057,10
17058,9
17059,6
17060,6
17061,6
17062,10
17063,5
17064,5
17065,0
17066,10
17067,0
17068,9
17069,3
17070,7
17071,10
17072,1
17073,0
17074,7
17075,2
17076,0
17077,8
17078,6
17079,4
17080,10
17081,8
17082,9
17083,10
17084,6
17085,3
17086,4
17087,2
17088,8
17089,6
17090,7
17091,5
17092,9
17093,5
17094,8
17095,8
17096,8
17097,9
17098,4
17099,5
17100,4
17101,6
17102,7
17103,2
17104,7
17105,0
17106,6
17107,8
17108,9
17109,10
17110,10
17111,2
17112,10
17113,6
17114,6
17115,5
17116,9
17117,6
17118,8
17119,5
17120,9
17121,9
17122,10
17123,5
17124,6
17125,7
17126,6
17127,6
17128,7
17129,6
17130,1
17131,6
17132,6
17133,10
17134,5
17135,6
17136,6
17137,3
17138,6
17139,5
17140,7
17141,7
17142,2
17143,8
17144,5
17145,5
17146,6
17147,10
17148,8
17149,9
17150,6
17151,4
17152,9
17153,4
17154,1
17155,6
17156,4
17157,4
17158,7
17159,6
17160,6
17161,0
17162,1
17163,0
17164,8
17165,4
17166,3
17167,4
17168,3
17169,6
17170,4
17171,6
17172,4
17173,9
17174,6
17175,4
17176,4
17177,5
17178,7
17179,6
17180,3
17181,4
17182,4
17183,6
17184,1
17185,6
17186,4
17187,6
17188,6
17189,8
17190,2
17191,6
17192,5
17193,8
17194,1
17195,5
17196,7
17197,8
17198,9
17199,8
17200,5
17201,5
17202,2
17203,4
17204,7
17205,6
17206,1
17207,10
17208,4
17209,6
17210,5
17211,1
17212,6
17213,6
17214,9
17215,6
17216,2
17217,2
17218,8
17219,7
17220,8
17221,6
17222,8
17223,4
17224,2
17225,4
17226,3
17227,1
17228,9
17229,6
17230,8
17231,8
17232,6
17233,6
17234,6
17235,6
17236,6
17237,10
17238,4
17239,6
17240,6
17241,5
17242,4
17243,9
17244,4
17245,8
17246,7
17247,3
17248,6
17249,4
17250,2
17251,6
17252,4
17253,4
17254,8
17255,7
17256,6
17257,7
17258,4
17259,4
17260,8
17261,2
17262,8
17263,10
17264,5
17265,6
17266,7
17267,4
17268,6
17269,0
17270,7
17271,5
17272,9
17273,6
17274,1
17275,5
17276,8
17277,5
17278,4
17279,10
17280,6
17281,0
17282,6
17283,8
17284,7
17285,9
17286,1
17287,3
17288,7
17289,6
17290,6
17291,10
17292,6
17293,6
17294,6
17295,2
17296,8
17297,6
17298,5
17299,10
17300,6
17301,4
17302,10
17303,10
17304,5
17305,10
17306,6
17307,7
17308,7
17309,4
17310,3
17311,6
17312,7
17313,9
17314,7
17315,6
17316,6
17317,6
17318,8
17319,0
17320,7
17321,5
17322,6
17323,7
17324,6
17325,8
17326,10
17327,8
17328,5
17329,6
17330,9
17331,10
17332,5
17333,5
17334,5
17335,9
17336,10
17337,1
17338,2
17339,6
17340,8
17341,7
17342,3
17343,8
17344,9
17345,9
17346,8
17347,6
17348,5
17349,5
17350,4
17351,5
17352,5
17353,6
17354,7
17355,1
17356,6
17357,4
17358,7
17359,10
17360,7
17361,6
17362,4
17363,3
17364,6
17365,5
17366,6
17367,10
17368,6
17369,7
17370,6
17371,7
17372,9
17373,5
17374,8
17375,10
17376,7
17377,6
17378,5
17379,6
17380,7
17381,5
17382,4
17383,6
17384,4
17385,2
17386,9
17387,6
17388,6
17389,3
17390,5
17391,9
17392,4
17393,6
17394,0
17395,6
17396,7
17397,5
17398,6
17399,5
17400,8
17401,7
17402,2
17403,5
17404,3
17405,6
17406,5
17407,8
17408,6
17409,6
17410,6
17411,7
17412,2
17413,2
17414,6
17415,6
17416,6
17417,8
17418,7
17419,4
17420,8
17421,5
17422,2
17423,6
17424,2
17425,9
17426,6
17427,4
17428,8
17429,5
17430,3
17431,0
17432,5
17433,9
17434,2
17435,4
17436,4
17437,10
17438,8
17439,9
17440,1
17441,7
17442,1
17443,6
17444,6
17445,6
17446,6
17447,6
17448,8
17449,7
17450,10
17451,4
17452,9
17453,9
17454,8
17455,4
17456,7
17457,5
17458,5
17459,6
17460,0
17461,7
17462,7
17463,6
17464,7
17465,5
17466,9
17467,4
17468,0
17469,6
17470,2
17471,8
17472,2
17473,9
17474,6
17475,8
17476,5
17477,6
17478,2
17479,6
17480,6
17481,6
17482,7
17483,6
17484,2
17485,10
17486,6
17487,9
17488,6
17489,6
17490,6
17491,7
17492,7
17493,10
17494,7
17495,0
17496,6
17497,5
17498,7
17499,9
17500,7
17501,10
17502,4
17503,8
17504,7
17505,8
17506,6
17507,9
17508,6
17509,6
17510,5
17511,7
17512,1
17513,8
17514,2
17515,8
17516,8
17517,4
17518,9
17519,7
17520,5
17521,8
17522,0
17523,2
17524,8
17525,10
17526,0
17527,8
17528,6
17529,8
17530,5
17531,9
17532,10
17533,7
17534,8
17535,6
17536,5
17537,3
17538,8
17539,6
17540,9
17541,7
17542,2
17543,6
17544,6
17545,6
17546,8
17547,9
17548,0
17549,1
17550,10
17551,8
17552,9
17553,4
17554,7
17555,4
17556,1
17557,4
17558,8
17559,9
17560,10
17561,9
17562,5
17563,9
17564,5
17565,6
17566,2
17567,4
17568,6
17569,8
17570,6
17571,6
17572,4
17573,4
17574,5
17575,6
17576,6
17577,6
17578,1
17579,2
17580,2
17581,6
17582,0
17583,8
17584,4
17585,10
17586,3
17587,8
17588,6
17589,4
17590,6
17591,7
17592,6
17593,4
17594,8
17595,4
17596,8
17597,10
17598,5
17599,4
17600,6
17601,8
17602,10
17603,0
17604,5
17605,4
17606,0
17607,10
17608,10
17609,1
17610,9
17611,7
17612,6
17613,9
17614,9
17615,3
17616,9
17617,6
17618,2
17619,4
17620,5
17621,2
17622,8
17623,7
17624,6
17625,5
17626,6
17627,6
17628,1
17629,10
17630,7
17631,8
17632,8
17633,8
17634,7
17635,10
17636,10
17637,6
17638,9
17639,6
17640,7
17641,5
17642,6
17643,4
17644,6
17645,5
17646,0
17647,6
17648,5
17649,6
17650,4
17651,6
17652,0
17653,0
17654,5
17655,10
17656,9
17657,9
17658,6
17659,9
17660,6
17661,6
17662,5
17663,8
17664,5
17665,8
17666,8
17667,9
17668,6
17669,7
17670,6
17671,7
17672,6
17673,2
17674,5
17675,2
17676,5
17677,7
17678,2
17679,6
17680,1
17681,7
17682,1
17683,9
17684,1
17685,0
17686,8
17687,10
17688,0
17689,6
17690,0
17691,2
17692,5
17693,7
17694,2
17695,2
17696,6
17697,6
17698,5
17699,7
17700,6
17701,6
17702,9
17703,6
17704,2
17705,4
17706,3
17707,6
17708,6
17709,8
17710,9
17711,4
17712,5
17713,6
17714,6
17715,3
17716,6
17717,6
17718,8
17719,6
17720,6
17721,4
17722,6
17723,6
17724,6
17725,5
17726,6
17727,6
17728,6
17729,9
17730,8
17731,6
17732,6
17733,4
17734,2
17735,4
17736,5
17737,9
17738,3
17739,8
17740,6
17741,9
17742,8
17743,8
17744,1
17745,5
17746,6
17747,9
17748,4
17749,2
17750,2
17751,2
17752,3
17753,6
17754,6
17755,2
17756,0
17757,6
17758,6
17759,7
17760,6
17761,3
17762,1
17763,0
17764,10
17765,0
17766,9
17767,8
17768,10
17769,6
17770,0
17771,5
17772,1
17773,9
17774,9
17775,4
17776,4
17777,7
