index,id
0,4
1,0
2,6
3,6
4,3
5,0
6,6
7,7
8,0
9,6
10,9
11,7
12,5
13,4
14,7
15,3
16,0
17,8
18,5
19,10
20,6
21,10
22,2
23,5
24,5
25,5
26,0
27,5
28,10
29,5
30,7
31,4
32,4
33,7
34,6
35,9
36,6
37,10
38,6
39,10
40,10
41,10
42,6
43,5
44,10
45,0
46,7
47,1
48,5
49,6
50,5
51,8
52,6
53,4
54,9
55,9
56,8
57,6
58,6
59,6
60,5
61,7
62,0
63,10
64,3
65,6
66,6
67,7
68,5
69,0
70,6
71,6
72,10
73,5
74,6
75,5
76,5
77,10
78,5
79,5
80,6
81,3
82,6
83,7
84,4
85,6
86,5
87,6
88,6
89,5
90,6
91,7
92,10
93,5
94,10
95,6
96,6
97,6
98,10
99,4
100,5
101,8
102,5
103,5
104,6
105,3
106,0
107,5
108,5
109,4
110,4
111,10
112,7
113,5
114,5
115,6
116,3
117,3
118,8
119,7
120,7
121,10
122,6
123,5
124,9
125,3
126,0
127,6
128,3
129,5
130,3
131,3
132,6
133,9
134,10
135,6
136,0
137,9
138,4
139,6
140,6
141,7
142,5
143,7
144,6
145,4
146,3
147,5
148,10
149,10
150,6
151,5
152,9
153,8
154,5
155,10
156,3
157,3
158,6
159,6
160,6
161,7
162,6
163,3
164,6
165,6
166,5
167,5
168,8
169,8
170,9
171,10
172,4
173,4
174,8
175,0
176,3
177,7
178,8
179,7
180,7
181,7
182,4
183,3
184,6
185,0
186,10
187,7
188,6
189,10
190,5
191,7
192,10
193,10
194,4
195,1
196,6
197,10
198,3
199,0
200,1
201,9
202,0
203,5
204,6
205,5
206,9
207,6
208,4
209,4
210,3
211,0
212,7
213,10
214,9
215,6
216,3
217,6
218,5
219,5
220,4
221,7
222,5
223,0
224,3
225,0
226,0
227,7
228,5
229,4
230,0
231,9
232,6
233,8
234,8
235,4
236,5
237,7
238,6
239,10
240,8
241,0
242,5
243,8
244,10
245,5
246,5
247,0
248,2
249,6
250,7
251,2
252,4
253,10
254,5
255,10
256,10
257,5
258,3
259,8
260,5
261,8
262,4
263,0
264,5
265,3
266,0
267,10
268,3
269,6
270,6
271,6
272,3
273,5
274,6
275,5
276,6
277,7
278,3
279,6
280,6
281,6
282,4
283,4
284,1
285,10
286,5
287,5
288,4
289,3
290,5
291,6
292,7
293,6
294,5
295,0
296,8
297,9
298,3
299,10
300,7
301,4
302,9
303,6
304,10
305,4
306,5
307,6
308,6
309,10
310,0
311,9
312,7
313,0
314,5
315,7
316,1
317,10
318,10
319,7
320,6
321,0
322,4
323,6
324,4
325,1
326,6
327,9
328,7
329,3
330,5
331,6
332,5
333,0
334,4
335,6
336,6
337,4
338,10
339,6
340,5
341,6
342,10
343,7
344,5
345,0
346,5
347,6
348,6
349,7
350,6
351,5
352,6
353,6
354,6
355,6
356,9
357,10
358,4
359,9
360,5
361,8
362,2
363,8
364,0
365,5
366,0
367,6
368,5
369,0
370,6
371,6
372,3
373,7
374,9
375,6
376,0
377,6
378,1
379,5
380,8
381,6
382,6
383,6
384,1
385,5
386,6
387,6
388,10
389,6
390,4
391,6
392,6
393,3
394,10
395,4
396,8
397,5
398,9
399,3
400,6
401,5
402,3
403,2
404,3
405,1
406,5
407,6
408,6
409,0
410,7
411,10
412,0
413,10
414,5
415,5
416,6
417,7
418,10
419,0
420,0
421,10
422,3
423,5
424,6
425,6
426,6
427,6
428,0
429,1
430,6
431,7
432,10
433,6
434,6
435,7
436,5
437,7
438,6
439,5
440,5
441,3
442,10
443,3
444,7
445,0
446,4
447,8
448,6
449,6
450,3
451,4
452,3
453,6
454,9
455,9
456,9
457,6
458,6
459,8
460,5
461,6
462,10
463,1
464,8
465,8
466,5
467,5
468,10
469,10
470,10
471,3
472,9
473,0
474,6
475,9
476,8
477,5
478,8
479,0
480,10
481,5
482,6
483,6
484,0
485,6
486,0
487,10
488,6
489,7
490,6
491,5
492,7
493,9
494,6
495,5
496,6
497,8
498,5
499,6
500,6
501,4
502,5
503,5
504,6
505,2
506,0
507,4
508,1
509,5
510,4
511,6
512,6
513,5
514,5
515,5
516,6
517,0
518,6
519,10
520,6
521,6
522,3
523,5
524,0
525,5
526,5
527,7
528,6
529,0
530,7
531,10
532,5
533,3
534,6
535,6
536,7
537,5
538,10
539,6
540,3
541,5
542,3
543,4
544,6
545,3
546,8
547,10
548,6
549,6
550,0
551,1
552,6
553,5
554,5
555,6
556,5
557,3
558,5
559,10
560,0
561,6
562,7
563,6
564,9
565,6
566,1
567,6
568,7
569,5
570,6
571,9
572,6
573,5
574,4
575,7
576,5
577,6
578,5
579,2
580,7
581,4
582,6
583,10
584,3
585,3
586,6
587,0
588,9
589,0
590,5
591,7
592,6
593,5
594,4
595,10
596,3
597,0
598,7
599,7
600,5
601,6
602,5
603,10
604,6
605,6
606,5
607,5
608,7
609,6
610,10
611,3
612,4
613,6
614,6
615,7
616,3
617,6
618,5
619,6
620,5
621,6
622,6
623,6
624,6
625,0
626,6
627,6
628,6
629,8
630,6
631,5
632,8
633,8
634,1
635,10
636,5
637,7
638,6
639,6
640,9
641,5
642,7
643,8
644,9
645,4
646,9
647,8
648,4
649,6
650,6
651,5
652,10
653,0
654,7
655,6
656,6
657,6
658,5
659,10
660,6
661,5
662,4
663,9
664,6
665,6
666,10
667,10
668,3
669,4
670,4
671,9
672,0
673,7
674,9
675,5
676,6
677,6
678,7
679,7
680,8
681,8
682,6
683,5
684,6
685,6
686,4
687,0
688,6
689,3
690,8
691,6
692,6
693,10
694,3
695,6
696,3
697,5
698,8
699,5
700,5
701,6
702,5
703,6
704,8
705,0
706,10
707,3
708,5
709,5
710,6
711,6
712,9
713,6
714,6
715,0
716,6
717,5
718,6
719,0
720,7
721,5
722,4
723,0
724,6
725,9
726,4
727,10
728,2
729,10
730,9
731,3
732,7
733,6
734,5
735,4
736,6
737,7
738,6
739,5
740,6
741,8
742,9
743,3
744,5
745,6
746,5
747,6
748,6
749,3
750,10
751,6
752,3
753,5
754,7
755,5
756,0
757,6
758,3
759,4
760,10
761,6
762,0
763,6
764,1
765,5
766,5
767,1
768,3
769,6
770,6
771,1
772,5
773,6
774,5
775,8
776,6
777,5
778,9
779,9
780,8
781,8
782,6
783,5
784,7
785,1
786,4
787,10
788,7
789,6
790,3
791,5
792,9
793,5
794,6
795,3
796,9
797,5
798,5
799,7
800,10
801,3
802,8
803,9
804,5
805,6
806,6
807,8
808,5
809,7
810,5
811,6
812,6
813,5
814,0
815,6
816,5
817,6
818,8
819,8
820,3
821,3
822,6
823,9
824,7
825,10
826,6
827,7
828,6
829,6
830,6
831,3
832,3
833,9
834,6
835,7
836,7
837,6
838,8
839,6
840,7
841,10
842,6
843,3
844,5
845,9
846,5
847,6
848,10
849,6
850,0
851,6
852,5
853,0
854,7
855,0
856,7
857,6
858,8
859,6
860,5
861,5
862,5
863,6
864,1
865,6
866,4
867,8
868,6
869,5
870,0
871,5
872,7
873,1
874,5
875,10
876,5
877,5
878,3
879,0
880,2
881,5
882,10
883,8
884,0
885,6
886,5
887,9
888,5
889,5
890,4
891,7
892,0
893,7
894,0
895,5
896,7
897,5
898,5
899,0
900,10
901,9
902,8
903,6
904,3
905,10
906,0
907,6
908,6
909,6
910,6
911,6
912,10
913,6
914,5
915,6
916,6
917,9
918,6
919,5
920,7
921,1
922,4
923,1
924,0
925,3
926,1
927,1
928,1
929,0
930,4
931,7
932,6
933,10
934,10
935,5
936,10
937,7
938,7
939,6
940,6
941,5
942,4
943,7
944,4
945,7
946,5
947,0
948,4
949,5
950,0
951,0
952,10
953,0
954,6
955,6
956,10
957,6
958,1
959,4
960,0
961,0
962,6
963,1
964,6
965,6
966,3
967,9
968,0
969,6
970,9
971,6
972,5
973,5
974,9
975,6
976,6
977,5
978,6
979,7
980,2
981,9
982,7
983,7
984,6
985,5
986,8
987,5
988,10
989,6
990,5
991,6
992,7
993,5
994,4
995,6
996,10
997,8
998,6
999,0
1000,0
1001,7
1002,7
1003,3
1004,3
1005,10
1006,10
1007,7
1008,6
1009,6
1010,0
1011,7
1012,3
1013,3
1014,5
1015,7
1016,7
1017,10
1018,3
1019,0
1020,6
1021,6
1022,4
1023,6
1024,6
1025,6
1026,5
1027,6
1028,5
1029,8
1030,4
1031,4
1032,8
1033,5
1034,7
1035,6
1036,10
1037,0
1038,6
1039,9
1040,8
1041,6
1042,7
1043,6
1044,6
1045,6
1046,6
1047,10
1048,10
1049,6
1050,5
1051,7
1052,10
1053,5
1054,10
1055,3
1056,5
1057,2
1058,1
1059,5
1060,6
1061,1
1062,6
1063,8
1064,5
1065,5
1066,6
1067,1
1068,8
1069,3
1070,8
1071,5
1072,8
1073,0
1074,7
1075,6
1076,3
1077,10
1078,7
1079,0
1080,0
1081,6
1082,6
1083,6
1084,1
1085,6
1086,0
1087,4
1088,1
1089,10
1090,0
1091,5
1092,6
1093,5
1094,6
1095,7
1096,6
1097,8
1098,5
1099,4
1100,6
1101,10
1102,5
1103,0
1104,7
1105,0
1106,5
1107,8
1108,7
1109,3
1110,6
1111,5
1112,3
1113,5
1114,10
1115,6
1116,3
1117,2
1118,5
1119,10
1120,8
1121,5
1122,8
1123,6
1124,7
1125,4
1126,6
1127,4
1128,0
1129,9
1130,5
1131,0
1132,6
1133,5
1134,8
1135,0
1136,6
1137,7
1138,4
1139,8
1140,0
1141,7
1142,6
1143,6
1144,6
1145,5
1146,4
1147,7
1148,10
1149,5
1150,4
1151,3
1152,5
1153,3
1154,5
1155,5
1156,10
1157,4
1158,0
1159,6
1160,10
1161,4
1162,5
1163,10
1164,3
1165,7
1166,3
1167,4
1168,7
1169,9
1170,0
1171,6
1172,0
1173,6
1174,6
1175,7
1176,3
1177,7
1178,6
1179,6
1180,6
1181,8
1182,6
1183,7
1184,5
1185,5
1186,6
1187,10
1188,10
1189,5
1190,6
1191,6
1192,8
1193,6
1194,7
1195,8
1196,0
1197,7
1198,6
1199,3
1200,10
1201,0
1202,10
1203,0
1204,6
1205,7
1206,6
1207,6
1208,0
1209,5
1210,5
1211,5
1212,6
1213,1
1214,7
1215,10
1216,5
1217,9
1218,7
1219,5
1220,9
1221,10
1222,6
1223,10
1224,1
1225,1
1226,7
1227,5
1228,6
1229,7
1230,6
1231,10
1232,5
1233,6
1234,4
1235,6
1236,7
1237,9
1238,4
1239,6
1240,3
1241,6
1242,5
1243,7
1244,9
1245,6
1246,4
1247,5
1248,7
1249,6
1250,9
1251,0
1252,5
1253,9
1254,4
1255,6
1256,10
1257,6
1258,6
1259,5
1260,6
1261,6
1262,5
1263,5
1264,10
1265,7
1266,7
1267,5
1268,6
1269,5
1270,6
1271,4
1272,7
1273,6
1274,6
1275,5
1276,5
1277,6
1278,4
1279,10
1280,6
1281,0
1282,5
1283,3
1284,4
1285,6
1286,8
1287,9
1288,3
1289,9
1290,10
1291,4
1292,5
1293,6
1294,6
1295,6
1296,6
1297,3
1298,8
1299,4
1300,3
1301,9
1302,7
1303,5
1304,2
1305,7
1306,5
1307,6
1308,7
1309,10
1310,5
1311,5
1312,0
1313,7
1314,2
1315,6
1316,7
1317,7
1318,2
1319,10
1320,5
1321,4
1322,9
1323,6
1324,10
1325,6
1326,7
1327,7
1328,3
1329,3
1330,0
1331,6
1332,10
1333,6
1334,5
1335,4
1336,5
1337,7
1338,6
1339,5
1340,6
1341,6
1342,6
1343,6
1344,6
1345,1
1346,4
1347,6
1348,7
1349,6
1350,9
1351,10
1352,5
1353,2
1354,7
1355,9
1356,9
1357,6
1358,6
1359,8
1360,5
1361,6
1362,6
1363,7
1364,0
1365,9
1366,6
1367,5
1368,3
1369,5
1370,5
1371,5
1372,6
1373,7
1374,10
1375,5
1376,10
1377,6
1378,7
1379,6
1380,0
1381,3
1382,4
1383,4
1384,10
1385,4
1386,5
1387,5
1388,0
1389,6
1390,6
1391,7
1392,5
1393,8
1394,1
1395,5
1396,7
1397,4
1398,6
1399,8
1400,5
1401,6
1402,5
1403,5
1404,4
1405,6
1406,6
1407,8
1408,5
1409,6
1410,9
1411,9
1412,6
1413,6
1414,10
1415,3
1416,0
1417,5
1418,6
1419,2
1420,10
1421,4
1422,6
1423,6
1424,5
1425,3
1426,9
1427,6
1428,5
1429,6
1430,10
1431,3
1432,0
1433,3
1434,8
1435,8
1436,4
1437,5
1438,6
1439,9
1440,6
1441,6
1442,3
1443,5
1444,3
1445,10
1446,7
1447,4
1448,6
1449,6
1450,9
1451,0
1452,8
1453,9
1454,10
1455,10
1456,7
1457,10
1458,10
1459,3
1460,7
1461,4
1462,5
1463,7
1464,10
1465,5
1466,6
1467,4
1468,6
1469,5
1470,0
1471,6
1472,3
1473,8
1474,10
1475,3
1476,1
1477,8
1478,8
1479,5
1480,0
1481,6
1482,7
1483,10
1484,0
1485,1
1486,7
1487,7
1488,6
1489,4
1490,6
1491,10
1492,8
1493,9
1494,6
1495,4
1496,1
1497,9
1498,7
1499,5
1500,10
1501,6
1502,7
1503,5
1504,3
1505,0
1506,10
1507,6
1508,6
1509,7
1510,3
1511,6
1512,4
1513,7
1514,9
1515,6
1516,4
1517,4
1518,6
1519,1
1520,5
1521,7
1522,0
1523,6
1524,3
1525,4
1526,7
1527,8
1528,7
1529,2
1530,9
1531,4
1532,1
1533,3
1534,6
1535,6
1536,6
1537,7
1538,5
1539,6
1540,6
1541,0
1542,9
1543,5
1544,6
1545,6
1546,10
1547,5
1548,6
1549,5
1550,6
1551,6
1552,3
1553,8
1554,6
1555,9
1556,6
1557,5
1558,9
1559,9
1560,6
1561,1
1562,5
1563,7
1564,5
1565,6
1566,4
1567,4
1568,9
1569,6
1570,1
1571,6
1572,7
1573,7
1574,7
1575,3
1576,6
1577,6
1578,0
1579,1
1580,7
1581,10
1582,9
1583,6
1584,3
1585,3
1586,5
1587,6
1588,9
1589,5
1590,8
1591,1
1592,10
1593,6
1594,6
1595,0
1596,5
1597,9
1598,10
1599,3
1600,5
1601,6
1602,6
1603,3
1604,0
1605,9
1606,9
1607,6
1608,0
1609,6
1610,6
1611,7
1612,7
1613,6
1614,7
1615,5
1616,1
1617,5
1618,3
1619,10
1620,8
1621,3
1622,3
1623,7
1624,1
1625,6
1626,3
1627,6
1628,9
1629,4
1630,7
1631,6
1632,5
1633,6
1634,8
1635,6
1636,6
1637,1
1638,5
1639,9
1640,0
1641,1
1642,7
1643,6
1644,6
1645,3
1646,6
1647,7
1648,6
1649,7
1650,7
1651,5
1652,9
1653,9
1654,3
1655,6
1656,5
1657,5
1658,6
1659,0
1660,4
1661,6
1662,1
1663,0
1664,7
1665,3
1666,3
1667,6
1668,6
1669,8
1670,4
1671,7
1672,0
1673,3
1674,8
1675,9
1676,5
1677,10
1678,3
1679,7
1680,6
1681,10
1682,0
1683,0
1684,10
1685,8
1686,0
1687,10
1688,6
1689,9
1690,10
1691,1
1692,8
1693,0
1694,9
1695,3
1696,6
1697,5
1698,0
1699,3
1700,6
1701,6
1702,5
1703,6
1704,9
1705,0
1706,10
1707,1
1708,10
1709,5
1710,1
1711,4
1712,4
1713,4
1714,7
1715,5
1716,5
1717,6
1718,6
1719,6
1720,8
1721,8
1722,6
1723,3
1724,3
1725,4
1726,7
1727,3
1728,6
1729,3
1730,3
1731,3
1732,6
1733,0
1734,3
1735,5
1736,6
1737,0
1738,5
1739,10
1740,5
1741,10
1742,0
1743,6
1744,10
1745,5
1746,7
1747,6
1748,0
1749,5
1750,6
1751,3
1752,5
1753,0
1754,0
1755,7
1756,3
1757,5
1758,7
1759,7
1760,5
1761,1
1762,3
1763,7
1764,6
1765,2
1766,5
1767,7
1768,7
1769,3
1770,6
1771,7
1772,6
1773,6
1774,3
1775,6
1776,6
1777,7
1778,4
1779,3
1780,5
1781,6
1782,10
1783,10
1784,7
1785,4
1786,4
1787,3
1788,9
1789,6
1790,5
1791,3
1792,3
1793,0
1794,5
1795,10
1796,6
1797,6
1798,0
1799,8
1800,10
1801,1
1802,5
1803,6
1804,5
1805,7
1806,0
1807,6
1808,5
1809,4
1810,1
1811,6
1812,6
1813,4
1814,7
1815,10
1816,5
1817,4
1818,9
1819,6
1820,7
1821,3
1822,0
1823,6
1824,7
1825,0
1826,0
1827,6
1828,3
1829,4
1830,6
1831,10
1832,5
1833,10
1834,5
1835,5
1836,7
1837,3
1838,5
1839,6
1840,6
1841,4
1842,3
1843,3
1844,7
1845,7
1846,5
1847,6
1848,6
1849,4
1850,6
1851,0
1852,0
1853,6
1854,6
1855,3
1856,10
1857,9
1858,10
1859,6
1860,7
1861,10
1862,7
1863,2
1864,3
1865,6
1866,6
1867,10
1868,6
1869,3
1870,6
1871,0
1872,9
1873,6
1874,0
1875,6
1876,8
1877,10
1878,6
1879,5
1880,8
1881,0
1882,6
1883,0
1884,6
1885,3
1886,5
1887,10
1888,6
1889,4
1890,9
1891,9
1892,6
1893,3
1894,8
1895,4
1896,3
1897,3
1898,6
1899,9
1900,4
1901,8
1902,6
1903,5
1904,7
1905,0
1906,9
1907,6
1908,7
1909,4
1910,9
1911,6
1912,5
1913,6
1914,0
1915,0
1916,4
1917,6
1918,5
1919,6
1920,6
1921,3
1922,8
1923,10
1924,7
1925,6
1926,0
1927,5
1928,6
1929,3
1930,5
1931,6
1932,3
1933,0
1934,8
1935,8
1936,0
1937,5
1938,5
1939,4
1940,6
1941,6
1942,3
1943,0
1944,8
1945,6
1946,5
1947,3
1948,8
1949,5
1950,6
1951,6
1952,7
1953,6
1954,5
1955,4
1956,9
1957,10
1958,7
1959,4
1960,5
1961,10
1962,0
1963,5
1964,6
1965,5
1966,0
1967,6
1968,5
1969,6
1970,6
1971,0
1972,6
1973,7
1974,7
1975,3
1976,5
1977,6
1978,1
1979,5
1980,6
1981,7
1982,5
1983,6
1984,3
1985,6
1986,5
1987,8
1988,4
1989,5
1990,10
1991,6
1992,4
1993,9
1994,5
1995,6
1996,6
1997,3
1998,6
1999,10
2000,6
2001,1
2002,10
2003,10
2004,9
2005,3
2006,1
2007,5
2008,5
2009,6
2010,5
2011,7
2012,6
2013,8
2014,6
2015,4
2016,10
2017,6
2018,10
2019,5
2020,3
2021,10
2022,7
2023,5
2024,5
2025,7
2026,6
2027,0
2028,3
2029,3
2030,6
2031,5
2032,6
2033,6
2034,10
2035,6
2036,5
2037,10
2038,5
2039,6
2040,9
2041,6
2042,10
2043,3
2044,6
2045,8
2046,10
2047,3
2048,9
2049,6
2050,1
2051,5
2052,0
2053,5
2054,10
2055,0
2056,10
2057,7
2058,3
2059,4
2060,6
2061,5
2062,9
2063,10
2064,8
2065,5
2066,6
2067,3
2068,7
2069,1
2070,3
2071,8
2072,10
2073,6
2074,6
2075,7
2076,5
2077,8
2078,3
2079,0
2080,9
2081,4
2082,0
2083,5
2084,5
2085,7
2086,6
2087,7
2088,9
2089,6
2090,3
2091,6
2092,3
2093,5
2094,5
2095,5
2096,1
2097,0
2098,7
2099,5
2100,8
2101,7
2102,6
2103,10
2104,7
2105,1
2106,4
2107,8
2108,10
2109,6
2110,10
2111,8
2112,9
2113,6
2114,4
2115,10
2116,7
2117,10
2118,7
2119,6
2120,9
2121,5
2122,8
2123,6
2124,7
2125,0
2126,9
2127,0
2128,8
2129,8
2130,3
2131,10
2132,4
2133,9
2134,0
2135,1
2136,8
2137,10
2138,10
2139,6
2140,8
2141,10
2142,5
2143,3
2144,6
2145,0
2146,8
2147,10
2148,6
2149,5
2150,7
2151,6
2152,0
2153,10
2154,8
2155,3
2156,10
2157,0
2158,3
2159,10
2160,6
2161,0
2162,0
2163,5
2164,10
2165,3
2166,2
2167,6
2168,10
2169,6
2170,6
2171,6
2172,5
2173,7
2174,5
2175,0
2176,5
2177,5
2178,8
2179,6
2180,10
2181,10
2182,10
2183,4
2184,8
2185,5
2186,10
2187,10
2188,6
2189,6
2190,6
2191,6
2192,9
2193,5
2194,0
2195,5
2196,10
2197,0
2198,5
2199,0
2200,5
2201,5
2202,6
2203,6
2204,6
2205,5
2206,6
2207,0
2208,4
2209,5
2210,3
2211,10
2212,6
2213,10
2214,6
2215,1
2216,5
2217,7
2218,1
2219,5
2220,3
2221,10
2222,5
2223,5
2224,6
2225,7
2226,7
2227,6
2228,4
2229,5
2230,6
2231,10
2232,6
2233,5
2234,6
2235,3
2236,6
2237,5
2238,6
2239,10
2240,0
2241,1
2242,3
2243,10
2244,6
2245,5
2246,0
2247,3
2248,6
2249,2
2250,5
2251,6
2252,7
2253,9
2254,6
2255,8
2256,8
2257,4
2258,7
2259,7
2260,6
2261,9
2262,3
2263,6
2264,6
2265,4
2266,5
2267,0
2268,9
2269,8
2270,1
2271,6
2272,6
2273,6
2274,7
2275,6
2276,3
2277,5
2278,9
2279,10
2280,6
2281,3
2282,5
2283,0
2284,7
2285,6
2286,9
2287,3
2288,6
2289,6
2290,3
2291,4
2292,0
2293,5
2294,6
2295,7
2296,6
2297,5
2298,7
2299,0
2300,6
2301,0
2302,5
2303,5
2304,6
2305,5
2306,7
2307,1
2308,0
2309,10
2310,4
2311,9
2312,6
2313,0
2314,1
2315,3
2316,7
2317,10
2318,6
2319,3
2320,7
2321,4
2322,5
2323,10
2324,5
2325,6
2326,6
2327,4
2328,6
2329,4
2330,6
2331,4
2332,10
2333,6
2334,5
2335,6
2336,4
2337,7
2338,9
2339,10
2340,6
2341,6
2342,5
2343,7
2344,5
2345,10
2346,5
2347,6
2348,6
2349,6
2350,4
2351,7
2352,4
2353,3
2354,7
2355,5
2356,5
2357,4
2358,5
2359,5
2360,3
2361,0
2362,4
2363,6
2364,0
2365,7
2366,6
2367,8
2368,0
2369,7
2370,1
2371,6
2372,3
2373,7
2374,6
2375,5
2376,10
2377,6
2378,9
2379,3
2380,6
2381,0
2382,7
2383,7
2384,3
2385,5
2386,6
2387,9
2388,6
2389,7
2390,7
2391,7
2392,0
2393,5
2394,5
2395,5
2396,5
2397,9
2398,6
2399,1
2400,9
2401,6
2402,7
2403,0
2404,3
2405,6
2406,9
2407,6
2408,7
2409,5
2410,6
2411,3
2412,0
2413,2
2414,1
2415,9
2416,5
2417,6
2418,6
2419,6
2420,5
2421,6
2422,0
2423,6
2424,5
2425,5
2426,5
2427,3
2428,5
2429,5
2430,0
2431,5
2432,10
2433,6
2434,5
2435,3
2436,5
2437,6
2438,9
2439,10
2440,3
2441,3
2442,7
2443,1
2444,7
2445,8
2446,5
2447,6
2448,9
2449,5
2450,6
2451,10
2452,5
2453,7
2454,9
2455,6
2456,6
2457,1
2458,4
2459,8
2460,3
2461,0
2462,6
2463,5
2464,6
2465,6
2466,3
2467,7
2468,4
2469,8
2470,6
2471,8
2472,8
2473,9
2474,6
2475,5
2476,4
2477,1
2478,6
2479,0
2480,6
2481,10
2482,6
2483,10
2484,6
2485,6
2486,5
2487,3
2488,6
2489,7
2490,9
2491,10
2492,0
2493,10
2494,3
2495,5
2496,6
2497,4
2498,5
2499,5
2500,9
2501,5
2502,6
2503,10
2504,0
2505,6
2506,5
2507,10
2508,6
2509,3
2510,0
2511,6
2512,10
2513,7
2514,6
2515,5
2516,10
2517,3
2518,6
2519,6
2520,7
2521,4
2522,5
2523,5
2524,6
2525,3
2526,3
2527,6
2528,0
2529,8
2530,0
2531,6
2532,6
2533,5
2534,6
2535,6
2536,4
2537,6
2538,3
2539,5
2540,8
2541,3
2542,7
2543,3
2544,5
2545,6
2546,5
2547,8
2548,0
2549,6
2550,10
2551,6
2552,5
2553,6
2554,0
2555,0
2556,3
2557,10
2558,3
2559,0
2560,0
2561,8
2562,7
2563,4
2564,6
2565,6
2566,6
2567,6
2568,3
2569,5
2570,6
2571,7
2572,0
2573,10
2574,0
2575,0
2576,1
2577,5
2578,3
2579,6
2580,6
2581,7
2582,6
2583,6
2584,3
2585,5
2586,10
2587,5
2588,7
2589,3
2590,1
2591,6
2592,6
2593,6
2594,0
2595,3
2596,7
2597,6
2598,3
2599,3
2600,5
2601,8
2602,1
2603,0
2604,5
2605,4
2606,2
2607,6
2608,7
2609,0
2610,1
2611,6
2612,6
2613,6
2614,5
2615,5
2616,6
2617,7
2618,1
2619,5
2620,6
2621,7
2622,5
2623,6
2624,6
2625,6
2626,6
2627,6
2628,5
2629,10
2630,8
2631,1
2632,6
2633,5
2634,5
2635,8
2636,6
2637,10
2638,7
2639,4
2640,5
2641,7
2642,7
2643,6
2644,0
2645,6
2646,7
2647,0
2648,3
2649,6
2650,6
2651,3
2652,7
2653,6
2654,10
2655,6
2656,5
2657,5
2658,3
2659,0
2660,4
2661,3
2662,6
2663,3
2664,6
2665,6
2666,9
2667,10
2668,5
2669,6
2670,10
2671,10
2672,10
2673,6
2674,9
2675,7
2676,7
2677,5
2678,4
2679,3
2680,7
2681,2
2682,10
2683,6
2684,0
2685,10
2686,6
2687,6
2688,6
2689,3
2690,5
2691,5
2692,5
2693,1
2694,6
2695,9
2696,0
2697,0
2698,5
2699,6
2700,6
2701,5
2702,6
2703,5
2704,6
2705,5
2706,6
2707,5
2708,6
2709,3
2710,6
2711,5
2712,5
2713,10
2714,6
2715,10
2716,0
2717,9
2718,3
2719,5
2720,4
2721,9
2722,3
2723,4
2724,6
2725,9
2726,5
2727,8
2728,6
2729,2
2730,5
2731,9
2732,0
2733,0
2734,7
2735,6
2736,0
2737,3
2738,2
2739,5
2740,10
2741,7
2742,3
2743,9
2744,5
2745,9
2746,5
2747,0
2748,6
2749,9
2750,6
2751,7
2752,9
2753,6
2754,10
2755,6
2756,6
2757,6
2758,4
2759,6
2760,6
2761,10
2762,6
2763,8
2764,6
2765,0
2766,7
2767,6
2768,5
2769,7
2770,9
2771,10
2772,6
2773,6
2774,6
2775,6
2776,0
2777,1
2778,10
2779,4
2780,6
2781,5
2782,7
2783,6
2784,7
2785,5
2786,10
2787,9
2788,5
2789,3
2790,0
2791,6
2792,10
2793,5
2794,5
2795,7
2796,9
2797,4
2798,6
2799,4
2800,6
2801,5
2802,7
2803,5
2804,1
2805,7
2806,6
2807,6
2808,10
2809,1
2810,0
2811,5
2812,6
2813,6
2814,7
2815,5
2816,0
2817,10
2818,0
2819,4
2820,5
2821,6
2822,5
2823,6
2824,6
2825,10
2826,9
2827,0
2828,8
2829,4
2830,5
2831,4
2832,5
2833,10
2834,0
2835,9
2836,5
2837,6
2838,6
2839,6
2840,6
2841,10
2842,7
2843,4
2844,5
2845,6
2846,5
2847,1
2848,10
2849,7
2850,0
2851,3
2852,6
2853,5
2854,7
2855,10
2856,0
2857,10
2858,4
2859,4
2860,4
2861,5
2862,8
2863,6
2864,9
2865,8
2866,0
2867,3
2868,6
2869,6
2870,6
2871,6
2872,6
2873,7
2874,6
2875,3
2876,4
2877,3
2878,5
2879,4
2880,6
2881,10
2882,7
2883,9
2884,6
2885,3
2886,7
2887,10
2888,4
2889,4
2890,6
2891,0
2892,6
2893,8
2894,5
2895,1
2896,4
2897,6
2898,9
2899,6
2900,6
2901,4
2902,6
2903,8
2904,7
2905,6
2906,6
2907,7
2908,5
2909,0
2910,6
2911,5
2912,0
2913,9
2914,6
2915,8
2916,7
2917,0
2918,10
2919,0
2920,5
2921,9
2922,5
2923,3
2924,6
2925,0
2926,6
2927,1
2928,3
2929,10
2930,6
2931,3
2932,10
2933,5
2934,4
2935,8
2936,6
2937,1
2938,7
2939,2
2940,6
2941,0
2942,7
2943,6
2944,10
2945,5
2946,5
2947,6
2948,5
2949,4
2950,5
2951,6
2952,6
2953,6
2954,6
2955,3
2956,6
2957,7
2958,9
2959,7
2960,6
2961,5
2962,3
2963,6
2964,10
2965,6
2966,7
2967,10
2968,8
2969,3
2970,4
2971,7
2972,8
2973,8
2974,0
2975,7
2976,6
2977,0
2978,3
2979,3
2980,6
2981,5
2982,3
2983,5
2984,4
2985,6
2986,7
2987,6
2988,0
2989,10
2990,10
2991,7
2992,1
2993,8
2994,3
2995,1
2996,0
2997,6
2998,3
2999,4
3000,10
3001,4
3002,5
3003,6
3004,8
3005,10
3006,8
3007,6
3008,6
3009,6
3010,8
3011,6
3012,5
3013,6
3014,5
3015,0
3016,6
3017,0
3018,3
3019,9
3020,5
3021,4
3022,4
3023,9
3024,3
3025,10
3026,6
3027,10
3028,7
3029,6
3030,6
3031,5
3032,10
3033,5
3034,7
3035,4
3036,6
3037,8
3038,6
3039,6
3040,5
3041,8
3042,6
3043,0
3044,6
3045,10
3046,3
3047,6
3048,0
3049,0
3050,6
3051,4
3052,4
3053,6
3054,6
3055,8
3056,3
3057,5
3058,6
3059,3
3060,7
3061,3
3062,5
3063,6
3064,6
3065,4
3066,3
3067,8
3068,6
3069,0
3070,0
3071,6
3072,10
3073,0
3074,7
3075,0
3076,6
3077,5
3078,5
3079,0
3080,10
3081,6
3082,6
3083,10
3084,7
3085,7
3086,5
3087,6
3088,7
3089,7
3090,6
3091,9
3092,3
3093,6
3094,0
3095,9
3096,8
3097,6
3098,5
3099,4
3100,6
3101,6
3102,5
3103,6
3104,3
3105,6
3106,5
3107,0
3108,6
3109,10
3110,2
3111,6
3112,7
3113,9
3114,6
3115,10
3116,3
3117,5
3118,4
3119,1
3120,6
3121,6
3122,4
3123,6
3124,5
3125,6
3126,6
3127,6
3128,5
3129,5
3130,6
3131,5
3132,3
3133,5
3134,10
3135,3
3136,10
3137,10
3138,7
3139,4
3140,4
3141,8
3142,9
3143,4
3144,1
3145,5
3146,10
3147,6
3148,5
3149,6
3150,4
3151,6
3152,7
3153,7
3154,7
3155,6
3156,10
3157,8
3158,6
3159,10
3160,6
3161,5
3162,0
3163,10
3164,6
3165,3
3166,6
3167,6
3168,10
3169,6
3170,6
3171,6
3172,5
3173,10
3174,5
3175,6
3176,5
3177,3
3178,6
3179,10
3180,6
3181,0
3182,5
3183,4
3184,10
3185,5
3186,6
3187,6
3188,5
3189,3
3190,6
3191,4
3192,10
3193,3
3194,3
3195,4
3196,6
3197,10
3198,5
3199,3
3200,5
3201,8
3202,8
3203,8
3204,9
3205,6
3206,10
3207,6
3208,5
3209,2
3210,7
3211,7
3212,6
3213,5
3214,5
3215,6
3216,5
3217,8
3218,6
3219,4
3220,5
3221,7
3222,0
3223,5
3224,3
3225,8
3226,6
3227,7
3228,5
3229,0
3230,6
3231,3
3232,0
3233,10
3234,8
3235,6
3236,9
3237,5
3238,3
3239,10
3240,5
3241,6
3242,3
3243,10
3244,6
3245,0
3246,8
3247,1
3248,7
3249,10
3250,6
3251,5
3252,9
3253,4
3254,5
3255,6
3256,8
3257,10
3258,6
3259,6
3260,5
3261,6
3262,6
3263,10
3264,5
3265,6
3266,1
3267,6
3268,6
3269,5
3270,6
3271,4
3272,6
3273,6
3274,6
3275,5
3276,5
3277,6
3278,6
3279,3
3280,6
3281,2
3282,7
3283,5
3284,0
3285,4
3286,10
3287,7
3288,10
3289,0
3290,6
3291,10
3292,8
3293,3
3294,7
3295,4
3296,5
3297,5
3298,8
3299,5
3300,8
3301,6
3302,0
3303,5
3304,10
3305,6
3306,6
3307,9
3308,5
3309,6
3310,3
3311,6
3312,3
3313,9
3314,3
3315,5
3316,6
3317,3
3318,6
3319,4
3320,0
3321,10
3322,7
3323,4
3324,1
3325,8
3326,6
3327,3
3328,6
3329,10
3330,6
3331,5
3332,1
3333,9
3334,6
3335,6
3336,1
3337,3
3338,10
3339,0
3340,7
3341,10
3342,7
3343,6
3344,6
3345,4
3346,6
3347,9
3348,3
3349,3
3350,5
3351,7
3352,10
3353,7
3354,0
3355,6
3356,8
3357,3
3358,10
3359,6
3360,6
3361,5
3362,9
3363,10
3364,6
3365,10
3366,3
3367,10
3368,6
3369,3
3370,5
3371,6
3372,6
3373,6
3374,6
3375,4
3376,10
3377,6
3378,10
3379,9
3380,6
3381,3
3382,4
3383,6
3384,9
3385,10
3386,10
3387,4
3388,6
3389,6
3390,6
3391,0
3392,0
3393,6
3394,0
3395,6
3396,7
3397,3
3398,6
3399,6
3400,6
3401,0
3402,6
3403,6
3404,9
3405,6
3406,6
3407,10
3408,5
3409,6
3410,0
3411,10
3412,9
3413,0
3414,3
3415,7
3416,1
3417,6
3418,0
3419,10
3420,10
3421,6
3422,3
3423,5
3424,6
3425,0
3426,10
3427,7
3428,2
3429,10
3430,6
3431,6
3432,6
3433,10
3434,8
3435,6
3436,3
3437,6
3438,5
3439,3
3440,6
3441,5
3442,0
3443,6
3444,5
3445,5
3446,0
3447,0
3448,6
3449,0
3450,5
3451,9
3452,7
3453,6
3454,7
3455,3
3456,6
3457,5
3458,0
3459,7
3460,2
3461,7
3462,10
3463,9
3464,6
3465,3
3466,6
3467,9
3468,6
3469,5
3470,6
3471,6
3472,3
3473,10
3474,8
3475,5
3476,4
3477,5
3478,10
3479,7
3480,10
3481,8
3482,6
3483,6
3484,7
3485,3
3486,7
3487,5
3488,10
3489,6
3490,6
3491,6
3492,6
3493,5
3494,1
3495,9
3496,10
3497,5
3498,0
3499,5
3500,6
3501,8
3502,3
3503,0
3504,3
3505,9
3506,3
3507,5
3508,5
3509,1
3510,6
3511,6
3512,2
3513,5
3514,8
3515,5
3516,6
3517,8
3518,6
3519,6
3520,6
3521,6
3522,8
3523,3
3524,10
3525,9
3526,1
3527,6
3528,8
3529,1
3530,0
3531,8
3532,9
3533,6
3534,5
3535,8
3536,9
3537,10
3538,8
3539,9
3540,10
3541,1
3542,9
3543,5
3544,7
3545,3
3546,0
3547,0
3548,4
3549,6
3550,5
3551,7
3552,5
3553,8
3554,3
3555,5
3556,3
3557,6
3558,6
3559,6
3560,7
3561,6
3562,5
3563,0
3564,6
3565,6
3566,6
3567,3
3568,10
3569,6
3570,6
3571,9
3572,8
3573,6
3574,5
3575,6
3576,6
3577,3
3578,0
3579,4
3580,3
3581,3
3582,9
3583,5
3584,5
3585,0
3586,7
3587,1
3588,6
3589,6
3590,7
3591,4
3592,7
3593,7
3594,6
3595,7
3596,7
3597,0
3598,3
3599,10
3600,6
3601,7
3602,6
3603,0
3604,6
3605,4
3606,3
3607,5
3608,7
3609,9
3610,0
3611,9
3612,6
3613,4
3614,5
3615,5
3616,10
3617,10
3618,8
3619,6
3620,3
3621,0
3622,5
3623,2
3624,3
3625,6
3626,6
3627,6
3628,0
3629,3
3630,5
3631,5
3632,6
3633,3
3634,6
3635,5
3636,3
3637,10
3638,5
3639,0
3640,7
3641,7
3642,6
3643,6
3644,9
3645,5
3646,0
3647,10
3648,6
3649,6
3650,8
3651,9
3652,6
3653,0
3654,4
3655,6
3656,6
3657,6
3658,10
3659,7
3660,8
3661,0
3662,10
3663,5
3664,8
3665,6
3666,3
3667,7
3668,5
3669,1
3670,8
3671,6
3672,7
3673,8
3674,6
3675,7
3676,6
3677,0
3678,6
3679,6
3680,8
3681,3
3682,6
3683,6
3684,6
3685,6
3686,1
3687,7
3688,6
3689,6
3690,5
3691,9
3692,6
3693,6
3694,10
3695,0
3696,3
3697,6
3698,6
3699,10
3700,4
3701,6
3702,8
3703,8
3704,1
3705,6
3706,10
3707,6
3708,7
3709,6
3710,10
3711,7
3712,0
3713,7
3714,1
3715,6
3716,0
3717,8
3718,8
3719,6
3720,6
3721,6
3722,7
3723,5
3724,3
3725,5
3726,2
3727,5
3728,0
3729,6
3730,3
3731,2
3732,5
3733,6
3734,6
3735,0
3736,5
3737,0
3738,1
3739,6
3740,5
3741,10
3742,9
3743,6
3744,6
3745,4
3746,10
3747,4
3748,3
3749,3
3750,6
3751,10
3752,8
3753,3
3754,6
3755,10
3756,3
3757,3
3758,6
3759,5
3760,0
3761,5
3762,4
3763,5
3764,8
3765,5
3766,0
3767,8
3768,0
3769,7
3770,0
3771,6
3772,5
3773,8
3774,6
3775,8
3776,0
3777,10
3778,6
3779,0
3780,4
3781,3
3782,5
3783,9
3784,3
3785,3
3786,7
3787,10
3788,6
3789,9
3790,4
3791,0
3792,7
3793,5
3794,6
3795,7
3796,0
3797,10
3798,0
3799,3
3800,8
3801,0
3802,8
3803,7
3804,5
3805,5
3806,6
3807,6
3808,7
3809,2
3810,4
3811,8
3812,5
3813,0
3814,7
3815,0
3816,4
3817,3
3818,6
3819,8
3820,6
3821,3
3822,3
3823,6
3824,5
3825,6
3826,7
3827,8
3828,7
3829,0
3830,0
3831,8
3832,3
3833,5
3834,6
3835,8
3836,6
3837,10
3838,7
3839,6
3840,1
3841,4
3842,9
3843,0
3844,3
3845,3
3846,5
3847,6
3848,4
3849,0
3850,6
3851,8
3852,1
3853,3
3854,6
3855,7
3856,6
3857,4
3858,1
3859,4
3860,2
3861,6
3862,6
3863,7
3864,3
3865,5
3866,9
3867,5
3868,8
3869,10
3870,5
3871,4
3872,7
3873,6
3874,4
3875,3
3876,0
3877,8
3878,10
3879,10
3880,5
3881,5
3882,9
3883,0
3884,10
3885,7
3886,6
3887,2
3888,5
3889,5
3890,6
3891,1
3892,9
3893,0
3894,4
3895,10
3896,4
3897,5
3898,5
3899,8
3900,0
3901,6
3902,8
3903,5
3904,3
3905,5
3906,9
3907,6
3908,5
3909,3
3910,5
3911,3
3912,4
3913,8
3914,0
3915,5
3916,5
3917,3
3918,0
3919,8
3920,1
3921,5
3922,5
3923,4
3924,5
3925,6
3926,6
3927,7
3928,1
3929,10
3930,3
3931,9
3932,6
3933,6
3934,10
3935,8
3936,3
3937,3
3938,5
3939,7
3940,6
3941,3
3942,2
3943,0
3944,6
3945,10
3946,3
3947,6
3948,9
3949,9
3950,5
3951,7
3952,10
3953,7
3954,0
3955,10
3956,8
3957,0
3958,9
3959,7
3960,10
3961,6
3962,3
3963,3
3964,6
3965,9
3966,4
3967,4
3968,6
3969,1
3970,5
3971,6
3972,6
3973,6
3974,8
3975,5
3976,6
3977,3
3978,6
3979,8
3980,7
3981,0
3982,5
3983,5
3984,5
3985,5
3986,7
3987,4
3988,6
3989,3
3990,6
3991,10
3992,7
3993,0
3994,6
3995,6
3996,6
3997,5
3998,0
3999,6
4000,3
4001,6
4002,8
4003,6
4004,9
4005,8
4006,3
4007,4
4008,0
4009,6
4010,3
4011,6
4012,4
4013,6
4014,0
4015,6
4016,6
4017,9
4018,8
4019,6
4020,5
4021,5
4022,6
4023,6
4024,5
4025,5
4026,5
4027,0
4028,6
4029,6
4030,3
4031,5
4032,9
4033,5
4034,3
4035,8
4036,0
4037,0
4038,10
4039,7
4040,6
4041,6
4042,10
4043,0
4044,7
4045,9
4046,7
4047,6
4048,7
4049,6
4050,0
4051,6
4052,5
4053,6
4054,6
4055,9
4056,9
4057,6
4058,9
4059,8
4060,10
4061,6
4062,9
4063,5
4064,10
4065,3
4066,8
4067,6
4068,0
4069,3
4070,3
4071,0
4072,3
4073,4
4074,10
4075,9
4076,5
4077,1
4078,6
4079,6
4080,4
4081,3
4082,9
4083,7
4084,10
4085,6
4086,6
4087,0
4088,9
4089,7
4090,10
4091,4
4092,5
4093,6
4094,5
4095,5
4096,3
4097,7
4098,6
4099,5
4100,0
4101,3
4102,9
4103,6
4104,8
4105,4
4106,10
4107,6
4108,7
4109,5
4110,6
4111,8
4112,4
4113,0
4114,0
4115,5
4116,5
4117,6
4118,10
4119,7
4120,9
4121,5
4122,6
4123,6
4124,5
4125,6
4126,5
4127,6
4128,10
4129,6
4130,10
4131,10
4132,6
4133,8
4134,6
4135,6
4136,7
4137,3
4138,0
4139,7
4140,7
4141,5
4142,4
4143,7
4144,0
4145,9
4146,4
4147,8
4148,2
4149,3
4150,6
4151,8
4152,6
4153,7
4154,6
4155,8
4156,7
4157,3
4158,5
4159,6
4160,9
4161,4
4162,10
4163,5
4164,9
4165,5
4166,6
4167,6
4168,8
4169,1
4170,3
4171,7
4172,7
4173,6
4174,5
4175,1
4176,6
4177,1
4178,10
4179,7
4180,6
4181,3
4182,5
4183,0
4184,8
4185,8
4186,5
4187,5
4188,5
4189,9
4190,0
4191,10
4192,2
4193,6
4194,6
4195,6
4196,10
4197,3
4198,6
4199,6
4200,9
4201,7
4202,4
4203,7
4204,5
4205,6
4206,6
4207,7
4208,0
4209,0
4210,9
4211,5
4212,5
4213,6
4214,4
4215,2
4216,0
4217,6
4218,6
4219,6
4220,0
4221,5
4222,6
4223,3
4224,0
4225,3
4226,6
4227,10
4228,10
4229,6
4230,7
4231,7
4232,10
4233,10
4234,10
4235,4
4236,5
4237,7
4238,9
4239,4
4240,1
4241,3
4242,6
4243,5
4244,1
4245,5
4246,1
4247,4
4248,3
4249,5
4250,3
4251,5
4252,10
4253,10
4254,0
4255,3
4256,3
4257,6
4258,8
4259,3
4260,8
4261,6
4262,5
4263,8
4264,9
4265,5
4266,8
4267,0
4268,6
4269,6
4270,6
4271,6
4272,6
4273,6
4274,3
4275,8
4276,0
4277,8
4278,10
4279,0
4280,10
4281,6
4282,5
4283,3
4284,3
4285,0
4286,0
4287,8
4288,0
4289,5
4290,7
4291,4
4292,5
4293,3
4294,4
4295,9
4296,4
4297,6
4298,3
4299,6
4300,5
4301,0
4302,3
4303,5
4304,4
4305,3
4306,7
4307,6
4308,6
4309,5
4310,4
4311,9
4312,10
4313,6
4314,6
4315,3
4316,6
4317,5
4318,10
4319,6
4320,0
4321,8
4322,5
4323,7
4324,5
4325,6
4326,5
4327,6
4328,6
4329,6
4330,6
4331,5
4332,6
4333,6
4334,5
4335,5
4336,5
4337,6
4338,0
4339,10
4340,6
4341,4
4342,6
4343,8
4344,10
4345,5
4346,7
4347,8
4348,6
4349,6
4350,6
4351,5
4352,6
4353,0
4354,0
4355,3
4356,5
4357,4
4358,6
4359,6
4360,6
4361,6
4362,5
4363,9
4364,5
4365,3
4366,3
4367,7
4368,0
4369,6
4370,10
4371,5
4372,6
4373,4
4374,8
4375,6
4376,6
4377,10
4378,5
4379,6
4380,5
4381,10
4382,6
4383,6
4384,4
4385,7
4386,6
4387,8
4388,6
4389,10
4390,6
4391,6
4392,0
4393,5
4394,6
4395,10
4396,6
4397,5
4398,0
4399,5
4400,4
4401,10
4402,8
4403,3
4404,6
4405,6
4406,4
4407,5
4408,6
4409,6
4410,6
4411,7
4412,6
4413,0
4414,4
4415,6
4416,6
4417,0
4418,5
4419,6
4420,6
4421,8
4422,8
4423,6
4424,5
4425,6
4426,0
4427,7
4428,5
4429,7
4430,5
4431,6
4432,3
4433,10
4434,0
4435,6
4436,5
4437,6
4438,6
4439,10
4440,4
4441,7
4442,6
4443,10
4444,2
4445,0
4446,3
4447,1
4448,6
4449,7
4450,0
4451,4
4452,9
4453,7
4454,7
4455,7
4456,7
4457,8
4458,7
4459,6
4460,5
4461,5
4462,6
4463,7
4464,6
4465,6
4466,5
4467,4
4468,6
4469,8
4470,6
4471,6
4472,5
4473,6
4474,5
4475,7
4476,6
4477,5
4478,6
4479,9
4480,0
4481,6
4482,5
4483,0
4484,3
4485,6
4486,4
4487,7
4488,6
4489,5
4490,6
4491,5
4492,6
4493,4
4494,7
4495,5
4496,6
4497,8
4498,5
4499,6
4500,6
4501,6
4502,6
4503,6
4504,5
4505,7
4506,6
4507,5
4508,4
4509,5
4510,6
4511,8
4512,7
4513,3
4514,6
4515,0
4516,6
4517,5
4518,5
4519,2
4520,8
4521,8
4522,5
4523,10
4524,10
4525,10
4526,1
4527,6
4528,8
4529,6
4530,10
4531,8
4532,5
4533,10
4534,0
4535,4
4536,9
4537,4
4538,10
4539,0
4540,6
4541,5
4542,6
4543,6
4544,8
4545,3
4546,7
4547,7
4548,6
4549,7
4550,2
4551,7
4552,5
4553,7
4554,6
4555,3
4556,1
4557,5
4558,6
4559,0
4560,4
4561,0
4562,5
4563,5
4564,6
4565,7
4566,9
4567,10
4568,8
4569,5
4570,6
4571,10
4572,3
4573,6
4574,4
4575,7
4576,6
4577,0
4578,3
4579,7
4580,5
4581,5
4582,8
4583,3
4584,7
4585,4
4586,6
4587,5
4588,6
4589,5
4590,8
4591,9
4592,7
4593,3
4594,5
4595,6
4596,2
4597,5
4598,3
4599,6
4600,6
4601,0
4602,0
4603,6
4604,6
4605,0
4606,8
4607,8
4608,0
4609,1
4610,6
4611,5
4612,3
4613,8
4614,6
4615,4
4616,5
4617,6
4618,5
4619,3
4620,6
4621,7
4622,0
4623,3
4624,3
4625,5
4626,5
4627,7
4628,10
4629,5
4630,6
4631,6
4632,5
4633,5
4634,7
4635,5
4636,7
4637,5
4638,7
4639,9
4640,6
4641,6
4642,6
4643,5
4644,7
4645,7
4646,6
4647,5
4648,6
4649,5
4650,6
4651,6
4652,4
4653,0
4654,5
4655,5
4656,6
4657,3
4658,4
4659,5
4660,0
4661,10
4662,8
4663,7
4664,6
4665,8
4666,10
4667,5
4668,10
4669,4
4670,3
4671,3
4672,4
4673,6
4674,5
4675,5
4676,0
4677,6
4678,6
4679,6
4680,0
4681,0
4682,6
4683,7
4684,9
4685,10
4686,10
4687,7
4688,3
4689,5
4690,6
4691,6
4692,4
4693,10
4694,3
4695,0
4696,5
4697,6
4698,7
4699,6
4700,0
4701,5
4702,8
4703,5
4704,7
4705,5
4706,6
4707,0
4708,0
4709,6
4710,5
4711,3
4712,5
4713,7
4714,10
4715,3
4716,6
4717,7
4718,6
4719,6
4720,0
4721,9
4722,6
4723,6
4724,7
4725,6
4726,6
4727,5
4728,0
4729,6
4730,10
4731,0
4732,1
4733,6
4734,6
4735,0
4736,5
4737,8
4738,6
4739,10
4740,9
4741,10
4742,3
4743,7
4744,6
4745,8
4746,5
4747,7
4748,5
4749,4
4750,6
4751,6
4752,5
4753,6
4754,5
4755,5
4756,3
4757,0
4758,8
4759,10
4760,7
4761,3
4762,4
4763,8
4764,8
4765,3
4766,5
4767,6
4768,1
4769,7
4770,9
4771,6
4772,1
4773,5
4774,8
4775,5
4776,6
4777,0
4778,7
4779,3
4780,6
4781,10
4782,10
4783,6
4784,10
4785,5
4786,5
4787,7
4788,5
4789,5
4790,5
4791,5
4792,4
4793,6
4794,6
4795,5
4796,6
4797,5
4798,6
4799,7
4800,3
4801,3
4802,5
4803,0
4804,6
4805,3
4806,6
4807,5
4808,0
4809,5
4810,3
4811,5
4812,6
4813,3
4814,0
4815,4
4816,4
4817,6
4818,5
4819,6
4820,10
4821,7
4822,5
4823,0
4824,6
4825,0
4826,2
4827,0
4828,6
4829,4
4830,5
4831,5
4832,6
4833,8
4834,4
4835,0
4836,0
4837,10
4838,5
4839,6
4840,7
4841,6
4842,3
4843,5
4844,3
4845,4
4846,0
4847,6
4848,6
4849,10
4850,7
4851,1
4852,8
4853,5
4854,3
4855,7
4856,5
4857,9
4858,4
4859,6
4860,0
4861,0
4862,5
4863,4
4864,6
4865,6
4866,6
4867,3
4868,6
4869,0
4870,9
4871,1
4872,5
4873,6
4874,6
4875,3
4876,3
4877,5
4878,3
4879,0
4880,0
4881,5
4882,0
4883,4
4884,5
4885,7
4886,8
4887,6
4888,5
4889,7
4890,6
4891,9
4892,3
4893,4
4894,6
4895,5
4896,6
4897,3
4898,7
4899,5
4900,7
4901,5
4902,5
4903,6
4904,9
4905,0
4906,6
4907,6
4908,6
4909,0
4910,5
4911,4
4912,5
4913,3
4914,6
4915,8
4916,10
4917,10
4918,5
4919,6
4920,8
4921,8
4922,8
4923,6
4924,6
4925,1
4926,0
4927,0
4928,7
4929,10
4930,10
4931,6
4932,7
4933,6
4934,5
4935,0
4936,0
4937,6
4938,5
4939,6
4940,6
4941,9
4942,6
4943,5
4944,6
4945,2
4946,5
4947,3
4948,6
4949,10
4950,8
4951,8
4952,10
4953,0
4954,0
4955,3
4956,4
4957,1
4958,8
4959,5
4960,7
4961,6
4962,6
4963,10
4964,5
4965,5
4966,6
4967,1
4968,6
4969,9
4970,6
4971,8
4972,3
4973,10
4974,6
4975,0
4976,6
4977,5
4978,6
4979,3
4980,6
4981,8
4982,6
4983,6
4984,7
4985,0
4986,3
4987,6
4988,5
4989,7
4990,7
4991,7
4992,6
4993,5
4994,6
4995,6
4996,6
4997,9
4998,0
4999,5
5000,4
5001,6
5002,0
5003,0
5004,8
5005,8
5006,4
5007,0
5008,10
5009,10
5010,7
5011,0
5012,9
5013,5
5014,5
5015,3
5016,6
5017,9
5018,8
5019,7
5020,7
5021,0
5022,6
5023,6
5024,6
5025,5
5026,6
5027,6
5028,4
5029,0
5030,6
5031,8
5032,0
5033,5
5034,10
5035,8
5036,2
5037,6
5038,7
5039,5
5040,3
5041,0
5042,3
5043,0
5044,7
5045,4
5046,7
5047,1
5048,5
5049,8
5050,6
5051,5
5052,6
5053,4
5054,3
5055,0
5056,5
5057,3
5058,6
5059,5
5060,3
5061,6
5062,8
5063,5
5064,6
5065,6
5066,3
5067,3
5068,4
5069,6
5070,3
5071,5
5072,1
5073,7
5074,8
5075,7
5076,0
5077,6
5078,8
5079,3
5080,8
5081,7
5082,6
5083,10
5084,3
5085,4
5086,5
5087,0
5088,7
5089,4
5090,3
5091,7
5092,10
5093,10
5094,8
5095,5
5096,9
5097,10
5098,10
5099,7
5100,8
5101,5
5102,5
5103,3
5104,0
5105,6
5106,8
5107,4
5108,7
5109,3
5110,2
5111,6
5112,8
5113,0
5114,10
5115,9
5116,0
5117,10
5118,9
5119,0
5120,7
5121,6
5122,0
5123,5
5124,9
5125,6
5126,0
5127,6
5128,6
5129,5
5130,6
5131,4
5132,10
5133,6
5134,5
5135,0
5136,8
5137,7
5138,4
5139,5
5140,9
5141,6
5142,6
5143,1
5144,6
5145,1
5146,10
5147,6
5148,5
5149,6
5150,0
5151,7
5152,6
5153,5
5154,3
5155,10
5156,10
5157,10
5158,5
5159,0
5160,6
5161,10
5162,4
5163,1
5164,4
5165,3
5166,0
5167,6
5168,0
5169,5
5170,7
5171,3
5172,6
5173,4
5174,6
5175,6
5176,5
5177,7
5178,5
5179,3
5180,6
5181,3
5182,0
5183,0
5184,6
5185,5
5186,9
5187,7
5188,10
5189,10
5190,6
5191,3
5192,10
5193,6
5194,0
5195,6
5196,9
5197,7
5198,6
5199,10
5200,5
5201,4
5202,5
5203,5
5204,7
5205,6
5206,6
5207,3
5208,7
5209,3
5210,5
5211,6
5212,5
5213,7
5214,10
5215,2
5216,6
5217,8
5218,3
5219,6
5220,7
5221,8
5222,5
5223,5
5224,7
5225,5
5226,0
5227,4
5228,3
5229,5
5230,3
5231,0
5232,7
5233,9
5234,9
5235,10
5236,5
5237,1
5238,7
5239,9
5240,6
5241,7
5242,3
5243,10
5244,0
5245,5
5246,5
5247,5
5248,5
5249,6
5250,6
5251,6
5252,6
5253,2
5254,6
5255,3
5256,5
5257,5
5258,6
5259,7
5260,5
5261,10
5262,6
5263,3
5264,6
5265,0
5266,0
5267,7
5268,4
5269,6
5270,6
5271,5
5272,9
5273,5
5274,3
5275,4
5276,0
5277,5
5278,9
5279,6
5280,3
5281,8
5282,7
5283,8
5284,8
5285,7
5286,8
5287,6
5288,6
5289,0
5290,4
5291,6
5292,0
5293,0
5294,6
5295,0
5296,6
5297,5
5298,5
5299,10
5300,0
5301,10
5302,5
5303,5
5304,5
5305,0
5306,3
5307,5
5308,5
5309,5
5310,0
5311,10
5312,6
5313,0
5314,5
5315,3
5316,6
5317,6
5318,6
5319,7
5320,5
5321,1
5322,6
5323,9
5324,3
5325,5
5326,5
5327,6
5328,4
5329,0
5330,6
5331,6
5332,2
5333,9
5334,9
5335,6
5336,7
5337,6
5338,7
5339,10
5340,1
5341,3
5342,1
5343,10
5344,8
5345,4
5346,6
5347,5
5348,1
5349,0
5350,9
5351,0
5352,6
5353,6
5354,7
5355,6
5356,10
5357,4
5358,10
5359,0
5360,0
5361,7
5362,6
5363,8
5364,9
5365,5
5366,4
5367,6
5368,5
5369,5
5370,6
5371,5
5372,10
5373,10
5374,4
5375,7
5376,8
5377,6
5378,3
5379,6
5380,3
5381,0
5382,5
5383,3
5384,6
5385,6
5386,3
5387,5
5388,3
5389,8
5390,8
5391,10
5392,10
5393,0
5394,6
5395,7
5396,10
5397,10
5398,7
5399,0
5400,6
5401,6
5402,5
5403,4
5404,4
5405,10
5406,0
5407,2
5408,6
5409,10
5410,6
5411,0
5412,6
5413,6
5414,5
5415,3
5416,0
5417,10
5418,9
5419,6
5420,5
5421,0
5422,6
5423,9
5424,7
5425,1
5426,3
5427,8
5428,6
5429,6
5430,5
5431,6
5432,3
5433,5
5434,5
5435,5
5436,5
5437,6
5438,3
5439,10
5440,6
5441,3
5442,6
5443,5
5444,5
5445,4
5446,6
5447,10
5448,10
5449,9
5450,5
5451,5
5452,3
5453,8
5454,6
5455,6
5456,6
5457,0
5458,6
5459,6
5460,5
5461,5
5462,6
5463,5
5464,3
5465,5
5466,3
5467,0
5468,6
5469,4
5470,6
5471,4
5472,6
5473,5
5474,0
5475,10
5476,1
5477,6
5478,6
5479,1
5480,0
5481,0
5482,8
5483,5
5484,7
5485,6
5486,6
5487,8
5488,5
5489,6
5490,8
5491,6
5492,5
5493,5
5494,4
5495,6
5496,3
5497,9
5498,0
5499,6
5500,5
5501,3
5502,3
5503,3
5504,6
5505,0
5506,6
5507,10
5508,4
5509,9
5510,3
5511,6
5512,1
5513,3
5514,9
5515,10
5516,8
5517,4
5518,0
5519,6
5520,4
5521,7
5522,7
5523,7
5524,5
5525,9
5526,3
5527,6
5528,5
5529,3
5530,5
5531,4
5532,6
5533,5
5534,5
5535,5
5536,6
5537,5
5538,6
5539,0
5540,5
5541,9
5542,6
5543,5
5544,4
5545,0
5546,5
5547,10
5548,6
5549,5
5550,9
5551,7
5552,6
5553,8
5554,10
5555,0
5556,8
5557,4
5558,6
5559,3
5560,4
5561,5
5562,5
5563,4
5564,4
5565,10
5566,10
5567,0
5568,0
5569,8
5570,6
5571,3
5572,6
5573,5
5574,10
5575,0
5576,6
5577,7
5578,6
5579,6
5580,6
5581,5
5582,5
5583,0
5584,6
5585,6
5586,6
5587,7
5588,5
5589,5
5590,6
5591,7
5592,0
5593,6
5594,5
5595,6
5596,7
5597,6
5598,0
5599,5
5600,5
5601,3
5602,5
5603,8
5604,6
5605,7
5606,4
5607,6
5608,8
5609,8
5610,6
5611,6
5612,6
5613,7
5614,0
5615,10
5616,6
5617,5
5618,5
5619,4
5620,9
5621,6
5622,10
5623,5
5624,6
5625,8
5626,6
5627,10
5628,7
5629,5
5630,4
5631,5
5632,6
5633,5
5634,3
5635,6
5636,5
5637,9
5638,6
5639,5
5640,5
5641,7
5642,7
5643,6
5644,5
5645,0
5646,6
5647,8
5648,1
5649,9
5650,4
5651,5
5652,5
5653,6
5654,6
5655,5
5656,10
5657,0
5658,7
5659,8
5660,5
5661,8
5662,5
5663,6
5664,1
5665,8
5666,3
5667,6
5668,9
5669,0
5670,7
5671,1
5672,8
5673,5
5674,6
5675,3
5676,6
5677,2
5678,1
5679,5
5680,0
5681,6
5682,7
5683,9
5684,7
5685,6
5686,6
5687,1
5688,0
5689,6
5690,3
5691,9
5692,7
5693,1
5694,6
5695,6
5696,5
5697,7
5698,3
5699,10
5700,5
5701,7
5702,1
5703,4
5704,0
5705,7
5706,6
5707,7
5708,6
5709,4
5710,0
5711,3
5712,6
5713,6
5714,9
5715,5
5716,7
5717,2
5718,6
5719,7
5720,4
5721,0
5722,6
5723,0
5724,3
5725,9
5726,10
5727,2
5728,9
5729,9
5730,6
5731,7
5732,6
5733,1
5734,5
5735,6
5736,6
5737,6
5738,4
5739,10
5740,5
5741,9
5742,5
5743,9
5744,7
5745,6
5746,2
5747,6
5748,6
5749,3
5750,6
5751,8
5752,5
5753,5
5754,5
5755,8
5756,8
5757,6
5758,5
5759,6
5760,6
5761,5
5762,4
5763,5
5764,6
5765,9
5766,10
5767,1
5768,5
5769,6
5770,6
5771,8
5772,3
5773,7
5774,2
5775,5
5776,4
5777,6
5778,3
5779,10
5780,4
5781,5
5782,10
5783,10
5784,0
5785,6
5786,10
5787,7
5788,3
5789,0
5790,6
5791,4
5792,5
5793,0
5794,6
5795,7
5796,5
5797,3
5798,3
5799,7
5800,6
5801,6
5802,5
5803,6
5804,0
5805,5
5806,0
5807,8
5808,0
5809,0
5810,5
5811,0
5812,6
5813,6
5814,0
5815,3
5816,3
5817,0
5818,7
5819,10
5820,3
5821,9
5822,7
5823,5
5824,10
5825,3
5826,7
5827,6
5828,4
5829,0
5830,6
5831,5
5832,3
5833,5
5834,0
5835,5
5836,5
5837,8
5838,6
5839,7
5840,9
5841,10
5842,10
5843,7
5844,3
5845,8
5846,7
5847,5
5848,7
5849,3
5850,8
5851,1
5852,6
5853,10
5854,6
5855,5
5856,5
5857,10
5858,5
5859,7
5860,6
5861,5
5862,9
5863,5
5864,6
5865,0
5866,5
5867,6
5868,0
5869,5
5870,5
5871,7
5872,10
5873,5
5874,3
5875,3
5876,7
5877,7
5878,9
5879,10
5880,9
5881,8
5882,0
5883,6
5884,9
5885,0
5886,3
5887,3
5888,5
5889,6
5890,6
5891,6
5892,5
5893,8
5894,5
5895,7
5896,1
5897,8
5898,2
5899,6
5900,9
5901,3
5902,8
5903,7
5904,6
5905,5
5906,6
5907,10
5908,5
5909,3
5910,6
5911,10
5912,8
5913,3
5914,0
5915,10
5916,6
5917,0
5918,3
5919,5
5920,6
5921,3
5922,10
5923,7
5924,7
5925,7
5926,0
5927,7
5928,5
5929,0
5930,5
5931,6
5932,7
5933,10
5934,3
5935,7
5936,6
5937,6
5938,4
5939,6
5940,5
5941,5
5942,4
5943,2
5944,6
5945,8
5946,8
5947,7
5948,3
5949,6
5950,6
5951,6
5952,8
5953,7
5954,6
5955,5
5956,7
5957,9
5958,6
5959,10
5960,5
5961,6
5962,4
5963,5
5964,6
5965,3
5966,6
5967,6
5968,5
5969,9
5970,6
5971,8
5972,10
5973,6
5974,10
5975,6
5976,5
5977,6
5978,0
5979,10
5980,9
5981,6
5982,3
5983,3
5984,7
5985,6
5986,10
5987,6
5988,5
5989,6
5990,8
5991,10
5992,0
5993,10
5994,5
5995,8
5996,5
5997,7
5998,6
5999,5
6000,5
6001,10
6002,6
6003,6
6004,5
6005,1
6006,3
6007,0
6008,6
6009,5
6010,4
6011,6
6012,5
6013,4
6014,9
6015,0
6016,5
6017,3
6018,5
6019,3
6020,7
6021,4
6022,5
6023,6
6024,3
6025,6
6026,6
6027,5
6028,1
6029,6
6030,6
6031,6
6032,8
6033,3
6034,9
6035,9
6036,7
6037,5
6038,7
6039,6
6040,6
6041,10
6042,0
6043,6
6044,9
6045,1
6046,5
6047,9
6048,6
6049,5
6050,3
6051,4
6052,6
6053,6
6054,7
6055,9
6056,5
6057,3
6058,3
6059,6
6060,3
6061,1
6062,4
6063,10
6064,10
6065,8
6066,9
6067,6
6068,6
6069,6
6070,7
6071,5
6072,10
6073,7
6074,10
6075,6
6076,9
6077,6
6078,5
6079,5
6080,5
6081,6
6082,5
6083,2
6084,5
6085,3
6086,6
6087,6
6088,6
6089,7
6090,0
6091,7
6092,0
6093,6
6094,10
6095,7
6096,6
6097,3
6098,4
6099,6
6100,2
6101,7
6102,7
6103,10
6104,6
6105,9
6106,3
6107,1
6108,4
6109,6
6110,0
6111,1
6112,7
6113,4
6114,6
6115,6
6116,3
6117,6
6118,6
6119,6
6120,6
6121,7
6122,3
6123,6
6124,6
6125,9
6126,0
6127,6
6128,5
6129,5
6130,1
6131,10
6132,10
6133,4
6134,1
6135,5
6136,5
6137,6
6138,10
6139,9
6140,6
6141,10
6142,7
6143,6
6144,7
6145,8
6146,6
6147,10
6148,3
6149,6
6150,5
6151,0
6152,9
6153,2
6154,6
6155,1
6156,5
6157,3
6158,5
6159,10
6160,8
6161,0
6162,9
6163,6
6164,6
6165,10
6166,6
6167,6
6168,5
6169,10
6170,0
6171,6
6172,7
6173,0
6174,7
6175,9
6176,4
6177,9
6178,5
6179,3
6180,3
6181,3
6182,6
6183,5
6184,5
6185,6
6186,6
6187,3
6188,10
6189,6
6190,6
6191,3
6192,6
6193,5
6194,9
6195,6
6196,6
6197,5
6198,6
6199,9
6200,8
6201,1
6202,6
6203,5
6204,9
6205,5
6206,5
6207,3
6208,6
6209,6
6210,5
6211,0
6212,6
6213,10
6214,5
6215,3
6216,9
6217,5
6218,0
6219,6
6220,5
6221,8
6222,6
6223,5
6224,1
6225,6
6226,5
6227,5
6228,6
6229,0
6230,10
6231,8
6232,8
6233,6
6234,0
6235,3
6236,3
6237,6
6238,6
6239,3
6240,6
6241,7
6242,6
6243,5
6244,7
6245,6
6246,6
6247,6
6248,3
6249,6
6250,6
6251,1
6252,0
6253,6
6254,6
6255,7
6256,8
6257,6
6258,6
6259,6
6260,5
6261,0
6262,10
6263,6
6264,5
6265,6
6266,9
6267,0
6268,10
6269,6
6270,4
6271,0
6272,7
6273,3
6274,0
6275,5
6276,3
6277,5
6278,8
6279,7
6280,6
6281,9
6282,6
6283,1
6284,3
6285,6
6286,5
6287,9
6288,0
6289,5
6290,8
6291,8
6292,10
6293,7
6294,5
6295,1
6296,5
6297,0
6298,8
6299,6
6300,7
6301,3
6302,0
6303,5
6304,3
6305,3
6306,6
6307,5
6308,5
6309,6
6310,6
6311,8
6312,5
6313,7
6314,7
6315,9
6316,4
6317,0
6318,5
6319,1
6320,4
6321,10
6322,6
6323,4
6324,0
6325,8
6326,6
6327,6
6328,6
6329,0
6330,6
6331,3
6332,5
6333,8
6334,3
6335,5
6336,7
6337,6
6338,0
6339,8
6340,2
6341,4
6342,5
6343,4
6344,8
6345,5
6346,0
6347,10
6348,6
6349,10
6350,0
6351,3
6352,4
6353,4
6354,7
6355,7
6356,0
6357,7
6358,6
6359,10
6360,3
6361,0
6362,3
6363,7
6364,2
6365,7
6366,10
6367,5
6368,7
6369,7
6370,6
6371,3
6372,1
6373,6
6374,9
6375,4
6376,6
6377,7
6378,9
6379,5
6380,4
6381,8
6382,5
6383,9
6384,1
6385,6
6386,8
6387,6
6388,6
6389,10
6390,0
6391,5
6392,10
6393,6
6394,5
6395,4
6396,9
6397,9
6398,6
6399,0
6400,6
6401,6
6402,10
6403,0
6404,0
6405,0
6406,0
6407,5
6408,6
6409,9
6410,3
6411,1
6412,5
6413,10
6414,8
6415,3
6416,0
6417,7
6418,6
6419,6
6420,3
6421,7
6422,5
6423,4
6424,5
6425,5
6426,2
6427,1
6428,3
6429,10
6430,5
6431,4
6432,10
6433,7
6434,10
6435,1
6436,6
6437,6
6438,1
6439,7
6440,5
6441,6
6442,5
6443,10
6444,3
6445,6
6446,6
6447,0
6448,6
6449,4
6450,5
6451,6
6452,3
6453,0
6454,6
6455,6
6456,5
6457,7
6458,5
6459,8
6460,5
6461,10
6462,2
6463,5
6464,7
6465,5
6466,5
6467,5
6468,4
6469,6
6470,7
6471,5
6472,6
6473,9
6474,5
6475,4
6476,5
6477,0
6478,10
6479,4
6480,7
6481,7
6482,6
6483,5
6484,6
6485,10
6486,5
6487,3
6488,5
6489,8
6490,1
6491,7
6492,8
6493,6
6494,3
6495,6
6496,6
6497,5
6498,9
6499,3
6500,7
6501,9
6502,5
6503,0
6504,1
6505,3
6506,5
6507,5
6508,0
6509,3
6510,3
6511,3
6512,6
6513,5
6514,5
6515,7
6516,7
6517,5
6518,0
6519,6
6520,6
6521,4
6522,5
6523,5
6524,3
6525,0
6526,6
6527,0
6528,3
6529,1
6530,4
6531,5
6532,3
6533,3
6534,10
6535,3
6536,4
6537,5
6538,5
6539,3
6540,5
6541,5
6542,5
6543,4
6544,5
6545,6
6546,3
6547,6
6548,6
6549,7
6550,0
6551,6
6552,4
6553,7
6554,7
6555,10
6556,1
6557,7
6558,9
6559,7
6560,4
6561,7
6562,4
6563,6
6564,5
6565,6
6566,0
6567,5
6568,0
6569,5
6570,6
6571,9
6572,5
6573,0
6574,7
6575,6
6576,6
6577,0
6578,5
6579,4
6580,8
6581,3
6582,0
6583,4
6584,9
6585,5
6586,7
6587,2
6588,6
6589,5
6590,6
6591,5
6592,6
6593,0
6594,0
6595,6
6596,3
6597,4
6598,8
6599,7
6600,0
6601,6
6602,7
6603,6
6604,6
6605,6
6606,10
6607,10
6608,6
6609,6
6610,5
6611,0
6612,6
6613,5
6614,3
6615,7
6616,10
6617,0
6618,9
6619,6
6620,7
6621,9
6622,6
6623,7
6624,6
6625,8
6626,0
6627,9
6628,1
6629,7
6630,6
6631,8
6632,5
6633,4
6634,5
6635,7
6636,3
6637,3
6638,5
6639,3
6640,6
6641,5
6642,6
6643,3
6644,4
6645,5
6646,6
6647,6
6648,4
6649,5
6650,6
6651,10
6652,6
6653,10
6654,7
6655,4
6656,4
6657,5
6658,10
6659,1
6660,6
6661,10
6662,5
6663,10
6664,5
6665,7
6666,6
6667,4
6668,5
6669,5
6670,1
6671,7
6672,7
6673,9
6674,6
6675,6
6676,6
6677,1
6678,10
6679,6
6680,6
6681,10
6682,3
6683,3
6684,10
6685,9
6686,3
6687,5
6688,7
6689,6
6690,6
6691,1
6692,0
6693,4
6694,6
6695,9
6696,8
6697,5
6698,8
6699,3
6700,7
6701,6
6702,5
6703,10
6704,5
6705,5
6706,0
6707,5
6708,6
6709,6
6710,5
6711,0
6712,0
6713,9
6714,9
6715,3
6716,6
6717,4
6718,6
6719,5
6720,5
6721,5
6722,0
6723,8
6724,8
6725,0
6726,6
6727,10
6728,0
6729,2
6730,6
6731,5
6732,5
6733,6
6734,3
6735,4
6736,6
6737,7
6738,4
6739,5
6740,6
6741,10
6742,6
6743,6
6744,3
6745,0
6746,1
6747,0
6748,0
6749,5
6750,7
6751,5
6752,5
6753,5
6754,5
6755,6
6756,3
6757,6
6758,6
6759,3
6760,10
6761,10
6762,0
6763,6
6764,7
6765,0
6766,3
6767,8
6768,6
6769,0
6770,6
6771,10
6772,4
6773,5
6774,0
6775,6
6776,5
6777,5
6778,6
6779,6
6780,3
6781,6
6782,8
6783,6
6784,8
6785,6
6786,4
6787,6
6788,6
6789,3
6790,7
6791,10
6792,3
6793,6
6794,3
6795,7
6796,5
6797,6
6798,4
6799,10
6800,4
6801,8
6802,6
6803,8
6804,10
6805,9
6806,6
6807,7
6808,7
6809,5
6810,3
6811,6
6812,7
6813,6
6814,8
6815,3
6816,5
6817,3
6818,5
6819,3
6820,6
6821,6
6822,7
6823,9
6824,0
6825,5
6826,5
6827,9
6828,5
6829,7
6830,0
6831,0
6832,3
6833,8
6834,5
6835,1
6836,7
6837,4
6838,6
6839,6
6840,8
6841,1
6842,3
6843,8
6844,5
6845,8
6846,0
6847,7
6848,0
6849,6
6850,6
6851,10
6852,6
6853,9
6854,6
6855,9
6856,1
6857,7
6858,6
6859,1
6860,5
6861,6
6862,9
6863,0
6864,8
6865,4
6866,6
6867,6
6868,4
6869,3
6870,8
6871,3
6872,1
6873,7
6874,5
6875,5
6876,7
6877,5
6878,1
6879,7
6880,5
6881,7
6882,7
6883,3
6884,7
6885,3
6886,0
6887,0
6888,0
6889,0
6890,7
6891,3
6892,5
6893,9
6894,6
6895,8
6896,5
6897,4
6898,0
6899,0
6900,7
6901,3
6902,5
6903,5
6904,6
6905,1
6906,7
6907,7
6908,9
6909,3
6910,6
6911,6
6912,6
6913,5
6914,0
6915,10
6916,5
6917,7
6918,5
6919,3
6920,5
6921,7
6922,3
6923,0
6924,6
6925,6
6926,5
6927,8
6928,10
6929,6
6930,6
6931,8
6932,4
6933,7
6934,6
6935,7
6936,6
6937,8
6938,6
6939,6
6940,10
6941,8
6942,6
6943,1
6944,6
6945,0
6946,5
6947,10
6948,5
6949,10
6950,9
6951,6
6952,6
6953,6
6954,5
6955,1
6956,0
6957,3
6958,6
6959,3
6960,3
6961,8
6962,6
6963,6
6964,5
6965,6
6966,6
6967,3
6968,9
6969,5
6970,6
6971,5
6972,9
6973,3
6974,6
6975,6
6976,0
6977,0
6978,10
6979,1
6980,7
6981,4
6982,10
6983,0
6984,6
6985,5
6986,7
6987,10
6988,3
6989,8
6990,8
6991,10
6992,4
6993,0
6994,5
6995,6
6996,6
6997,6
6998,6
6999,5
7000,7
7001,8
7002,5
7003,6
7004,4
7005,10
7006,5
7007,8
7008,5
7009,7
7010,6
7011,4
7012,10
7013,8
7014,0
7015,4
7016,6
7017,5
7018,8
7019,6
7020,1
7021,7
7022,7
7023,3
7024,8
7025,6
7026,5
7027,0
7028,6
7029,8
7030,9
7031,4
7032,3
7033,6
7034,8
7035,0
7036,10
7037,8
7038,0
7039,3
7040,0
7041,0
7042,5
7043,10
7044,9
7045,8
7046,6
7047,8
7048,6
7049,3
7050,6
7051,5
7052,10
7053,4
7054,8
7055,7
7056,6
7057,6
7058,9
7059,5
7060,5
7061,10
7062,6
7063,1
7064,7
7065,9
7066,6
7067,7
7068,6
7069,6
7070,6
7071,6
7072,2
7073,5
7074,8
7075,5
7076,6
7077,6
7078,4
7079,0
7080,3
7081,5
7082,6
7083,5
7084,0
7085,8
7086,6
7087,5
7088,3
7089,6
7090,5
7091,5
7092,7
7093,6
7094,3
7095,6
7096,5
7097,0
7098,6
7099,6
7100,6
7101,5
7102,10
7103,6
7104,8
7105,5
7106,4
7107,6
7108,3
7109,6
7110,0
7111,6
7112,5
7113,4
7114,4
7115,5
7116,6
7117,6
7118,4
7119,7
7120,3
7121,4
7122,4
7123,7
7124,6
7125,3
7126,5
7127,4
7128,3
7129,3
7130,6
7131,4
7132,10
7133,9
7134,5
7135,7
7136,1
7137,8
7138,10
7139,4
7140,6
7141,7
7142,6
7143,0
7144,6
7145,9
7146,9
7147,5
7148,5
7149,8
7150,0
7151,6
7152,3
7153,4
7154,5
7155,5
7156,6
7157,3
7158,0
7159,6
7160,7
7161,4
7162,6
7163,8
7164,10
7165,2
7166,6
7167,10
7168,1
7169,3
7170,6
7171,8
7172,6
7173,3
7174,6
7175,4
7176,6
7177,6
7178,6
7179,6
7180,7
7181,3
7182,1
7183,7
7184,9
7185,6
7186,10
7187,6
7188,9
7189,10
7190,3
7191,5
7192,3
7193,0
7194,6
7195,9
7196,7
7197,0
7198,7
7199,6
7200,7
7201,5
7202,5
7203,10
7204,6
7205,7
7206,6
7207,6
7208,4
7209,1
7210,7
7211,4
7212,0
7213,7
7214,5
7215,5
7216,4
7217,4
7218,6
7219,5
7220,6
7221,1
7222,6
7223,5
7224,0
7225,3
7226,0
7227,6
7228,6
7229,10
7230,5
7231,8
7232,9
7233,6
7234,6
7235,8
7236,1
7237,9
7238,1
7239,10
7240,6
7241,6
7242,9
7243,3
7244,6
7245,3
7246,6
7247,6
7248,7
7249,0
7250,6
7251,5
7252,7
7253,5
7254,9
7255,6
7256,6
7257,6
7258,9
7259,5
7260,6
7261,6
7262,6
7263,3
7264,8
7265,6
7266,10
7267,5
7268,5
7269,6
7270,10
7271,6
7272,6
7273,6
7274,5
7275,6
7276,6
7277,7
7278,3
7279,6
7280,0
7281,3
7282,8
7283,6
7284,8
7285,1
7286,1
7287,5
7288,10
7289,6
7290,5
7291,6
7292,5
7293,4
7294,6
7295,5
7296,0
7297,3
7298,6
7299,4
7300,6
7301,0
7302,4
7303,5
7304,4
7305,9
7306,5
7307,6
7308,6
7309,0
7310,10
7311,6
7312,6
7313,0
7314,5
7315,10
7316,8
7317,6
7318,3
7319,5
7320,9
7321,5
7322,9
7323,6
7324,7
7325,4
7326,1
7327,3
7328,3
7329,0
7330,9
7331,0
7332,0
7333,6
7334,4
7335,9
7336,6
7337,3
7338,5
7339,10
7340,6
7341,7
7342,10
7343,6
7344,4
7345,5
7346,7
7347,4
7348,0
7349,5
7350,7
7351,8
7352,6
7353,6
7354,6
7355,7
7356,5
7357,9
7358,10
7359,10
7360,4
7361,6
7362,6
7363,5
7364,7
7365,3
7366,3
7367,6
7368,5
7369,7
7370,5
7371,3
7372,5
7373,3
7374,6
7375,10
7376,5
7377,6
7378,2
7379,6
7380,6
7381,5
7382,7
7383,4
7384,6
7385,3
7386,3
7387,6
7388,0
7389,6
7390,6
7391,3
7392,5
7393,4
7394,4
7395,6
7396,4
7397,10
7398,5
7399,10
7400,5
7401,8
7402,6
7403,6
7404,5
7405,3
7406,5
7407,10
7408,8
7409,0
7410,1
7411,9
7412,5
7413,6
7414,4
7415,5
7416,3
7417,10
7418,3
7419,5
7420,9
7421,6
7422,10
7423,9
7424,3
7425,10
7426,5
7427,7
7428,6
7429,0
7430,6
7431,7
7432,4
7433,3
7434,6
7435,10
7436,1
7437,6
7438,4
7439,0
7440,8
7441,10
7442,6
7443,7
7444,7
7445,5
7446,5
7447,9
7448,6
7449,9
7450,7
7451,4
7452,4
7453,6
7454,6
7455,6
7456,5
7457,8
7458,7
7459,3
7460,7
7461,3
7462,10
7463,6
7464,6
7465,10
7466,5
7467,0
7468,0
7469,6
7470,6
7471,5
7472,5
7473,5
7474,10
7475,3
7476,5
7477,6
7478,10
7479,9
7480,8
7481,6
7482,0
7483,10
7484,8
7485,5
7486,6
7487,7
7488,6
7489,6
7490,5
7491,6
7492,3
7493,10
7494,3
7495,9
7496,6
7497,0
7498,3
7499,3
7500,10
7501,6
7502,3
7503,5
7504,6
7505,6
7506,6
7507,8
7508,6
7509,6
7510,10
7511,6
7512,10
7513,9
7514,6
7515,4
7516,0
7517,10
7518,0
7519,10
7520,5
7521,10
7522,0
7523,9
7524,6
7525,0
7526,10
7527,6
7528,7
7529,0
7530,8
7531,0
7532,8
7533,5
7534,6
7535,6
7536,6
7537,10
7538,9
7539,1
7540,8
7541,5
7542,4
7543,0
7544,9
7545,6
7546,6
7547,5
7548,5
7549,6
7550,6
7551,5
7552,5
7553,6
7554,4
7555,6
7556,5
7557,8
7558,9
7559,9
7560,0
7561,5
7562,6
7563,4
7564,5
7565,6
7566,7
7567,7
7568,10
7569,10
7570,0
7571,4
7572,0
7573,6
7574,1
7575,0
7576,6
7577,7
7578,3
7579,6
7580,5
7581,5
7582,1
7583,6
7584,8
7585,8
7586,10
7587,4
7588,10
7589,7
7590,9
7591,6
7592,3
7593,6
7594,0
7595,10
7596,5
7597,8
7598,5
7599,6
7600,6
7601,4
7602,6
7603,6
7604,3
7605,6
7606,3
7607,3
7608,0
7609,5
7610,10
7611,8
7612,5
7613,6
7614,6
7615,6
7616,0
7617,5
7618,6
7619,5
7620,3
7621,3
7622,0
7623,10
7624,6
7625,7
7626,6
7627,0
7628,6
7629,3
7630,6
7631,5
7632,3
7633,6
7634,5
7635,5
7636,6
7637,6
7638,6
7639,6
7640,5
7641,5
7642,5
7643,3
7644,5
7645,6
7646,10
7647,6
7648,8
7649,5
7650,6
7651,5
7652,0
7653,5
7654,9
7655,0
7656,10
7657,6
7658,9
7659,1
7660,3
7661,10
7662,4
7663,6
7664,7
7665,6
7666,6
7667,5
7668,6
7669,7
7670,5
7671,6
7672,10
7673,6
7674,5
7675,3
7676,10
7677,10
7678,10
7679,6
7680,6
7681,5
7682,10
7683,6
7684,4
7685,5
7686,9
7687,6
7688,4
7689,6
7690,3
7691,5
7692,7
7693,6
7694,3
7695,7
7696,3
7697,5
7698,0
7699,4
7700,6
7701,5
7702,6
7703,0
7704,5
7705,8
7706,10
7707,5
7708,10
7709,6
7710,6
7711,6
7712,6
7713,3
7714,5
7715,3
7716,5
7717,0
7718,8
7719,5
7720,6
7721,7
7722,3
7723,10
7724,5
7725,6
7726,5
7727,6
7728,10
7729,3
7730,1
7731,5
7732,5
7733,10
7734,0
7735,9
7736,9
7737,6
7738,3
7739,0
7740,1
7741,3
7742,5
7743,5
7744,6
7745,6
7746,9
7747,6
7748,7
7749,0
7750,1
7751,5
7752,7
7753,5
7754,10
7755,4
7756,5
7757,10
7758,5
7759,6
7760,5
7761,6
7762,10
7763,5
7764,6
7765,6
7766,7
7767,6
7768,10
7769,10
7770,5
7771,4
7772,8
7773,4
7774,5
7775,4
7776,6
7777,4
7778,6
7779,6
7780,3
7781,7
7782,6
7783,10
7784,0
7785,10
7786,0
7787,6
7788,7
7789,1
7790,8
7791,5
7792,10
7793,6
7794,7
7795,6
7796,6
7797,10
7798,3
7799,1
7800,6
7801,5
7802,3
7803,9
7804,6
7805,6
7806,9
7807,5
7808,7
7809,3
7810,6
7811,8
7812,10
7813,6
7814,9
7815,6
7816,6
7817,9
7818,10
7819,0
7820,0
7821,0
7822,5
7823,6
7824,5
7825,4
7826,8
7827,6
7828,4
7829,1
7830,5
7831,0
7832,10
7833,6
7834,2
7835,5
7836,0
7837,7
7838,0
7839,6
7840,6
7841,7
7842,8
7843,9
7844,6
7845,9
7846,5
7847,5
7848,6
7849,5
7850,10
7851,6
7852,8
7853,3
7854,3
7855,8
7856,8
7857,8
7858,10
7859,10
7860,5
7861,8
7862,5
7863,5
7864,3
7865,6
7866,6
7867,4
7868,6
7869,6
7870,5
7871,7
7872,7
7873,5
7874,6
7875,5
7876,5
7877,10
7878,9
7879,3
7880,6
7881,4
7882,10
7883,10
7884,0
7885,2
7886,1
7887,7
7888,8
7889,1
7890,10
7891,6
7892,7
7893,6
7894,3
7895,6
7896,8
7897,6
7898,7
7899,7
7900,9
7901,0
7902,3
7903,3
7904,7
7905,10
7906,10
7907,3
7908,5
7909,8
7910,7
7911,0
7912,10
7913,4
7914,4
7915,5
7916,6
7917,0
7918,6
7919,4
7920,5
7921,6
7922,0
7923,6
7924,7
7925,6
7926,8
7927,2
7928,7
7929,4
7930,3
7931,6
7932,6
7933,6
7934,7
7935,9
7936,5
7937,6
7938,4
7939,0
7940,3
7941,3
7942,3
7943,7
7944,5
7945,6
7946,6
7947,5
7948,8
7949,2
7950,9
7951,4
7952,10
7953,5
7954,6
7955,6
7956,9
7957,8
7958,10
7959,6
7960,4
7961,6
7962,8
7963,0
7964,0
7965,9
7966,7
7967,5
7968,6
7969,10
7970,5
7971,10
7972,6
7973,5
7974,0
7975,0
7976,1
7977,5
7978,6
7979,7
7980,6
7981,1
7982,10
7983,3
7984,6
7985,0
7986,7
7987,5
7988,0
7989,3
7990,4
7991,5
7992,0
7993,0
7994,5
7995,4
7996,6
7997,4
7998,10
7999,10
8000,6
8001,3
8002,6
8003,8
8004,10
8005,9
8006,10
8007,4
8008,10
8009,5
8010,6
8011,6
8012,0
8013,10
8014,5
8015,1
8016,3
8017,6
8018,7
8019,10
8020,10
8021,6
8022,5
8023,6
8024,6
8025,0
8026,3
8027,5
8028,9
8029,0
8030,4
8031,10
8032,5
8033,8
8034,6
8035,6
8036,5
8037,6
8038,4
8039,6
8040,7
8041,10
8042,7
8043,5
8044,8
8045,6
8046,0
8047,6
8048,7
8049,9
8050,10
8051,10
8052,5
8053,5
8054,10
8055,3
8056,8
8057,1
8058,6
8059,3
8060,5
8061,6
8062,6
8063,8
8064,6
8065,5
8066,4
8067,6
8068,6
8069,10
8070,10
8071,4
8072,6
8073,2
8074,5
8075,6
8076,6
8077,0
8078,6
8079,5
8080,6
8081,0
8082,7
8083,3
8084,7
8085,6
8086,1
8087,10
8088,6
8089,5
8090,9
8091,6
8092,0
8093,6
8094,6
8095,5
8096,4
8097,3
8098,5
8099,6
8100,3
8101,5
8102,6
8103,6
8104,1
8105,4
8106,7
8107,6
8108,6
8109,5
8110,7
8111,0
8112,5
8113,0
8114,6
8115,6
8116,7
8117,6
8118,6
8119,8
8120,5
8121,8
8122,10
8123,7
8124,5
8125,8
8126,6
8127,6
8128,1
8129,5
8130,5
8131,6
8132,0
8133,9
8134,7
8135,4
8136,6
8137,3
8138,6
8139,6
8140,5
8141,6
8142,6
8143,6
8144,6
8145,6
8146,6
8147,0
8148,10
8149,5
8150,6
8151,10
8152,6
8153,8
8154,10
8155,6
8156,1
8157,6
8158,0
8159,7
8160,5
8161,9
8162,6
8163,6
8164,0
8165,6
8166,6
8167,7
8168,6
8169,6
8170,8
8171,10
8172,9
8173,6
8174,0
8175,1
8176,5
8177,2
8178,6
8179,0
8180,5
8181,9
8182,10
8183,5
8184,6
8185,6
8186,10
8187,6
8188,9
8189,4
8190,5
8191,0
8192,6
8193,9
8194,5
8195,9
8196,9
8197,4
8198,6
8199,8
8200,9
8201,7
8202,3
8203,10
8204,1
8205,10
8206,7
8207,5
8208,10
8209,1
8210,5
8211,6
8212,6
8213,6
8214,3
8215,2
8216,6
8217,5
8218,6
8219,6
8220,1
8221,6
8222,6
8223,7
8224,9
8225,8
8226,9
8227,9
8228,6
8229,3
8230,6
8231,1
8232,5
8233,8
8234,7
8235,5
8236,6
8237,6
8238,7
8239,5
8240,4
8241,6
8242,6
8243,6
8244,6
8245,7
8246,4
8247,9
8248,6
8249,6
8250,4
8251,8
8252,5
8253,6
8254,5
8255,9
8256,5
8257,9
8258,6
8259,6
8260,6
8261,0
8262,6
8263,6
8264,7
8265,5
8266,6
8267,6
8268,0
8269,6
8270,9
8271,10
8272,6
8273,6
8274,1
8275,8
8276,6
8277,7
8278,4
8279,8
8280,3
8281,0
8282,1
8283,10
8284,10
8285,6
8286,8
8287,3
8288,9
8289,4
8290,1
8291,0
8292,10
8293,0
8294,0
8295,5
8296,4
8297,9
8298,3
8299,7
8300,10
8301,6
8302,6
8303,0
8304,1
8305,3
8306,8
8307,10
8308,7
8309,5
8310,5
8311,10
8312,5
8313,8
8314,6
8315,3
8316,7
8317,4
8318,4
8319,0
8320,6
8321,7
8322,6
8323,3
8324,6
8325,7
8326,6
8327,7
8328,4
8329,4
8330,7
8331,5
8332,0
8333,5
8334,9
8335,7
8336,5
8337,6
8338,9
8339,7
8340,3
8341,5
8342,6
8343,9
8344,4
8345,6
8346,4
8347,5
8348,6
8349,6
8350,0
8351,4
8352,10
8353,10
8354,8
8355,6
8356,6
8357,7
8358,6
8359,7
8360,6
8361,0
8362,8
8363,5
8364,6
8365,4
8366,5
8367,5
8368,8
8369,9
8370,5
8371,7
8372,5
8373,6
8374,4
8375,6
8376,6
8377,7
8378,6
8379,5
8380,4
8381,10
8382,5
8383,8
8384,4
8385,1
8386,5
8387,6
8388,5
8389,6
8390,8
8391,4
8392,0
8393,9
8394,0
8395,4
8396,6
8397,0
8398,10
8399,7
8400,1
8401,8
8402,4
8403,6
8404,6
8405,5
8406,7
8407,5
8408,0
8409,8
8410,5
8411,4
8412,10
8413,3
8414,5
8415,10
8416,3
8417,0
8418,9
8419,6
8420,5
8421,6
8422,7
8423,6
8424,7
8425,7
8426,7
8427,3
8428,6
8429,1
8430,5
8431,6
8432,9
8433,6
8434,7
8435,2
8436,1
8437,10
8438,5
8439,1
8440,3
8441,5
8442,6
8443,0
8444,7
8445,10
8446,0
8447,6
8448,6
8449,6
8450,0
8451,3
8452,7
8453,9
8454,6
8455,4
8456,5
8457,3
8458,10
8459,0
8460,3
8461,8
8462,5
8463,3
8464,7
8465,8
8466,6
8467,6
8468,10
8469,3
8470,10
8471,5
8472,5
8473,8
8474,8
8475,7
8476,6
8477,8
8478,5
8479,9
8480,5
8481,6
8482,8
8483,6
8484,0
8485,10
8486,8
8487,10
8488,1
8489,6
8490,9
8491,6
8492,8
8493,0
8494,7
8495,7
8496,7
8497,10
8498,8
8499,5
8500,10
8501,4
8502,6
8503,10
8504,5
8505,6
8506,3
8507,5
8508,7
8509,7
8510,5
8511,9
8512,6
8513,7
8514,0
8515,7
8516,4
8517,6
8518,0
8519,9
8520,6
8521,3
8522,4
8523,7
8524,1
8525,5
8526,6
8527,4
8528,0
8529,0
8530,0
8531,5
8532,0
8533,10
8534,6
8535,5
8536,7
8537,3
8538,6
8539,5
8540,5
8541,6
8542,10
8543,0
8544,5
8545,5
8546,8
8547,4
8548,7
8549,9
8550,5
8551,6
8552,10
8553,1
8554,1
8555,6
8556,7
8557,0
8558,6
8559,10
8560,6
8561,10
8562,4
8563,10
8564,3
8565,6
8566,9
8567,4
8568,3
8569,5
8570,8
8571,6
8572,5
8573,7
8574,4
8575,7
8576,6
8577,9
8578,6
8579,10
8580,5
8581,6
8582,9
8583,4
8584,6
8585,5
8586,8
8587,7
8588,10
8589,5
8590,0
8591,0
8592,10
8593,5
8594,9
8595,9
8596,6
8597,10
8598,2
8599,6
8600,0
8601,7
8602,7
8603,5
8604,3
8605,4
8606,7
8607,5
8608,4
8609,5
8610,8
8611,6
8612,3
8613,5
8614,5
8615,6
8616,7
8617,8
8618,6
8619,4
8620,4
8621,1
8622,4
8623,6
8624,6
8625,3
8626,9
8627,0
8628,3
8629,8
8630,3
8631,9
8632,0
8633,6
8634,0
8635,6
8636,5
8637,6
8638,5
8639,1
8640,5
8641,0
8642,0
8643,6
8644,4
8645,7
8646,0
8647,7
8648,7
8649,6
8650,6
8651,8
8652,1
8653,5
8654,9
8655,10
8656,4
8657,7
8658,0
8659,5
8660,6
8661,6
8662,6
8663,8
8664,2
8665,6
8666,6
8667,6
8668,6
8669,6
8670,6
8671,6
8672,2
8673,7
8674,10
8675,0
8676,6
8677,5
8678,10
8679,5
8680,6
8681,7
8682,4
8683,9
8684,6
8685,6
8686,7
8687,5
8688,5
8689,6
8690,5
8691,0
8692,8
8693,0
8694,6
8695,5
8696,6
8697,5
8698,10
8699,10
8700,1
8701,0
8702,6
8703,6
8704,6
8705,1
8706,3
8707,6
8708,0
8709,3
8710,5
8711,5
8712,6
8713,0
8714,7
8715,5
8716,9
8717,8
8718,6
8719,6
8720,6
8721,5
8722,5
8723,6
8724,5
8725,10
8726,6
8727,6
8728,5
8729,10
8730,0
8731,6
8732,3
8733,10
8734,0
8735,5
8736,6
8737,7
8738,3
8739,6
8740,3
8741,10
8742,10
8743,7
8744,5
8745,6
8746,3
8747,7
8748,6
8749,5
8750,6
8751,7
8752,10
8753,5
8754,4
8755,10
8756,3
8757,4
8758,0
8759,6
8760,6
8761,0
8762,3
8763,10
8764,3
8765,10
8766,9
8767,5
8768,5
8769,6
8770,9
8771,5
8772,6
8773,0
8774,0
8775,6
8776,6
8777,3
8778,3
8779,4
8780,3
8781,0
8782,5
8783,2
8784,6
8785,10
8786,3
8787,7
8788,6
8789,1
8790,6
8791,5
8792,4
8793,0
8794,4
8795,0
8796,6
8797,5
8798,4
8799,0
8800,5
8801,6
8802,7
8803,1
8804,5
8805,6
8806,0
8807,3
8808,6
8809,5
8810,7
8811,7
8812,3
8813,3
8814,0
8815,9
8816,6
8817,10
8818,7
8819,0
8820,7
8821,6
8822,0
8823,10
8824,0
8825,3
8826,6
8827,6
8828,5
8829,5
8830,3
8831,0
8832,9
8833,7
8834,3
8835,6
8836,10
8837,7
8838,0
8839,3
8840,6
8841,3
8842,5
8843,4
8844,4
8845,6
8846,4
8847,10
8848,7
8849,6
8850,7
8851,6
8852,10
8853,5
8854,6
8855,6
8856,8
8857,6
8858,8
8859,3
8860,6
8861,3
8862,3
8863,4
8864,7
8865,0
8866,3
8867,6
8868,7
8869,5
8870,7
8871,3
8872,3
8873,9
8874,6
8875,0
8876,4
8877,6
8878,5
8879,6
8880,10
8881,2
8882,6
8883,4
8884,8
8885,10
8886,5
8887,6
8888,6
8889,6
8890,5
8891,0
8892,6
8893,4
8894,6
8895,7
8896,7
8897,9
8898,6
8899,6
8900,6
8901,9
8902,0
8903,0
8904,7
8905,9
8906,3
8907,6
8908,5
8909,8
8910,0
8911,6
8912,10
8913,7
8914,10
8915,1
8916,5
8917,4
8918,6
8919,10
8920,6
8921,9
8922,3
8923,5
8924,6
8925,7
8926,5
8927,6
8928,6
8929,5
8930,6
8931,5
8932,10
8933,0
8934,6
8935,10
8936,1
8937,10
8938,5
8939,4
8940,6
8941,9
8942,3
8943,5
8944,6
8945,3
8946,6
8947,0
8948,6
8949,9
8950,8
8951,10
8952,3
8953,10
8954,6
8955,3
8956,0
8957,9
8958,3
8959,9
8960,10
8961,7
8962,3
8963,9
8964,6
8965,8
8966,7
8967,6
8968,5
8969,6
8970,5
8971,5
8972,10
8973,5
8974,0
8975,7
8976,6
8977,0
8978,6
8979,4
8980,9
8981,5
8982,6
8983,0
8984,0
8985,6
8986,0
8987,10
8988,6
8989,6
8990,3
8991,4
8992,7
8993,10
8994,0
8995,6
8996,6
8997,4
8998,9
8999,5
9000,9
9001,6
9002,4
9003,10
9004,0
9005,6
9006,6
9007,4
9008,6
9009,0
9010,4
9011,6
9012,6
9013,3
9014,5
9015,8
9016,5
9017,6
9018,3
9019,6
9020,3
9021,10
9022,7
9023,0
9024,6
9025,1
9026,6
9027,6
9028,6
9029,6
9030,9
9031,10
9032,6
9033,3
9034,5
9035,0
9036,9
9037,0
9038,3
9039,9
9040,7
9041,9
9042,10
9043,1
9044,7
9045,10
9046,3
9047,10
9048,5
9049,6
9050,6
9051,0
9052,2
9053,6
9054,6
9055,6
9056,9
9057,10
9058,4
9059,6
9060,4
9061,6
9062,7
9063,6
9064,5
9065,5
9066,2
9067,0
9068,10
9069,6
9070,10
9071,8
9072,5
9073,5
9074,7
9075,5
9076,0
9077,5
9078,1
9079,5
9080,6
9081,6
9082,5
9083,3
9084,0
9085,6
9086,8
9087,7
9088,6
9089,1
9090,4
9091,0
9092,0
9093,9
9094,6
9095,8
9096,0
9097,6
9098,6
9099,1
9100,5
9101,10
9102,3
9103,4
9104,6
9105,4
9106,9
9107,5
9108,6
9109,5
9110,6
9111,6
9112,4
9113,6
9114,5
9115,8
9116,0
9117,1
9118,6
9119,9
9120,6
9121,5
9122,6
9123,6
9124,10
9125,5
9126,10
9127,7
9128,10
9129,10
9130,6
9131,0
9132,7
9133,6
9134,6
9135,5
9136,6
9137,7
9138,10
9139,9
9140,4
9141,9
9142,0
9143,6
9144,7
9145,6
9146,8
9147,10
9148,0
9149,6
9150,6
9151,5
9152,0
9153,5
9154,6
9155,0
9156,6
9157,6
9158,6
9159,6
9160,3
9161,3
9162,0
9163,7
9164,10
9165,9
9166,5
9167,0
9168,5
9169,6
9170,10
9171,8
9172,5
9173,6
9174,9
9175,6
9176,6
9177,5
9178,7
9179,5
9180,6
9181,10
9182,7
9183,5
9184,2
9185,9
9186,6
9187,9
9188,8
9189,7
9190,6
9191,3
9192,5
9193,4
9194,6
9195,7
9196,5
9197,5
9198,6
9199,9
9200,9
9201,6
9202,0
9203,6
9204,0
9205,8
9206,9
9207,6
9208,0
9209,5
9210,10
9211,3
9212,5
9213,7
9214,6
9215,5
9216,6
9217,7
9218,6
9219,10
9220,6
9221,9
9222,6
9223,5
9224,5
9225,6
9226,9
9227,10
9228,8
9229,0
9230,0
9231,5
9232,10
9233,5
9234,6
9235,2
9236,3
9237,6
9238,3
9239,9
9240,10
9241,7
9242,6
9243,7
9244,0
9245,9
9246,4
9247,10
9248,1
9249,9
9250,5
9251,5
9252,0
9253,6
9254,1
9255,7
9256,0
9257,3
9258,3
9259,5
9260,6
9261,7
9262,10
9263,5
9264,8
9265,6
9266,6
9267,3
9268,6
9269,6
9270,3
9271,3
9272,6
9273,4
9274,6
9275,5
9276,6
9277,5
9278,9
9279,3
9280,10
9281,10
9282,6
9283,1
9284,0
9285,7
9286,10
9287,6
9288,8
9289,5
9290,7
9291,7
9292,10
9293,5
9294,6
9295,6
9296,5
9297,8
9298,8
9299,0
9300,3
9301,6
9302,3
9303,4
9304,5
9305,8
9306,8
9307,5
9308,4
9309,5
9310,0
9311,5
9312,10
9313,1
9314,7
9315,6
9316,6
9317,10
9318,4
9319,4
9320,0
9321,1
9322,5
9323,1
9324,10
9325,6
9326,6
9327,5
9328,9
9329,10
9330,0
9331,6
9332,10
9333,6
9334,5
9335,7
9336,6
9337,0
9338,9
9339,1
9340,5
9341,0
9342,9
9343,4
9344,4
9345,6
9346,9
9347,0
9348,6
9349,3
9350,1
9351,7
9352,5
9353,6
9354,9
9355,3
9356,5
9357,5
9358,1
9359,9
9360,7
9361,6
9362,10
9363,5
9364,6
9365,7
9366,5
9367,5
9368,5
9369,5
9370,5
9371,5
9372,9
9373,4
9374,4
9375,0
9376,6
9377,6
9378,4
9379,7
9380,7
9381,3
9382,1
9383,4
9384,6
9385,10
9386,6
9387,10
9388,10
9389,3
9390,6
9391,5
9392,6
9393,6
9394,7
9395,8
9396,6
9397,5
9398,6
9399,6
9400,6
9401,6
9402,3
9403,8
9404,0
9405,5
9406,6
9407,4
9408,7
9409,6
9410,0
9411,6
9412,8
9413,6
9414,10
9415,6
9416,10
9417,8
9418,6
9419,9
9420,6
9421,7
9422,5
9423,0
9424,8
9425,0
9426,9
9427,2
9428,6
9429,6
9430,6
9431,10
9432,6
9433,10
9434,3
9435,4
9436,5
9437,8
9438,1
9439,5
9440,10
9441,6
9442,5
9443,0
9444,7
9445,6
9446,6
9447,0
9448,2
9449,7
9450,6
9451,0
9452,7
9453,5
9454,6
9455,6
9456,1
9457,3
9458,6
9459,6
9460,8
9461,9
9462,3
9463,6
9464,5
9465,8
9466,6
9467,6
9468,6
9469,5
9470,6
9471,0
9472,8
9473,6
9474,6
9475,5
9476,10
9477,5
9478,8
9479,6
9480,10
9481,3
9482,6
9483,7
9484,3
9485,6
9486,6
9487,6
9488,6
9489,2
9490,1
9491,6
9492,6
9493,5
9494,6
9495,10
9496,9
9497,6
9498,6
9499,0
9500,6
9501,3
9502,6
9503,6
9504,0
9505,0
9506,10
9507,5
9508,5
9509,6
9510,6
9511,0
9512,6
9513,6
9514,8
9515,5
9516,6
9517,7
9518,5
9519,6
9520,8
9521,7
9522,7
9523,5
9524,8
9525,9
9526,6
9527,6
9528,5
9529,5
9530,8
9531,0
9532,6
9533,6
9534,10
9535,3
9536,0
9537,10
9538,5
9539,5
9540,2
9541,7
9542,5
9543,6
9544,5
9545,10
9546,6
9547,9
9548,8
9549,6
9550,1
9551,3
9552,7
9553,6
9554,6
9555,6
9556,5
9557,3
9558,6
9559,6
9560,3
9561,3
9562,6
9563,4
9564,3
9565,10
9566,0
9567,6
9568,0
9569,6
9570,7
9571,9
9572,6
9573,6
9574,9
9575,6
9576,10
9577,6
9578,6
9579,10
9580,0
9581,6
9582,7
9583,6
9584,10
9585,9
9586,6
9587,9
9588,9
9589,6
9590,0
9591,6
9592,6
9593,6
9594,5
9595,6
9596,4
9597,6
9598,8
9599,3
9600,10
9601,6
9602,5
9603,4
9604,1
9605,6
9606,1
9607,10
9608,6
9609,0
9610,4
9611,6
9612,9
9613,0
9614,2
9615,8
9616,6
9617,1
9618,5
9619,6
9620,7
9621,3
9622,9
9623,6
9624,7
9625,0
9626,3
9627,6
9628,6
9629,10
9630,5
9631,3
9632,9
9633,5
9634,6
9635,8
9636,10
9637,10
9638,7
9639,5
9640,5
9641,5
9642,7
9643,0
9644,7
9645,3
9646,6
9647,10
9648,0
9649,6
9650,6
9651,7
9652,10
9653,6
9654,6
9655,6
9656,6
9657,0
9658,6
9659,6
9660,3
9661,8
9662,5
9663,9
9664,4
9665,6
9666,5
9667,5
9668,7
9669,1
9670,10
9671,3
9672,5
9673,10
9674,5
9675,3
9676,3
9677,9
9678,6
9679,8
9680,3
9681,10
9682,3
9683,10
9684,6
9685,5
9686,5
9687,3
9688,6
9689,3
9690,5
9691,6
9692,6
9693,6
9694,5
9695,4
9696,6
9697,6
9698,10
9699,9
9700,0
9701,6
9702,10
9703,4
9704,4
9705,5
9706,6
9707,6
9708,6
9709,7
9710,0
9711,6
9712,7
9713,7
9714,10
9715,7
9716,0
9717,6
9718,10
9719,6
9720,7
9721,5
9722,5
9723,0
9724,1
9725,5
9726,10
9727,6
9728,6
9729,10
9730,6
9731,6
9732,6
9733,10
9734,5
9735,8
9736,0
9737,5
9738,3
9739,7
9740,7
9741,1
9742,5
9743,6
9744,3
9745,6
9746,6
9747,6
9748,5
9749,0
9750,10
9751,6
9752,1
9753,6
9754,6
9755,7
9756,2
9757,6
9758,6
9759,6
9760,8
9761,3
9762,6
9763,6
9764,6
9765,3
9766,9
9767,7
9768,1
9769,5
9770,6
9771,6
9772,6
9773,7
9774,5
9775,9
9776,6
9777,6
9778,10
9779,5
9780,9
9781,3
9782,0
9783,5
9784,4
9785,4
9786,6
9787,5
9788,0
9789,5
9790,6
9791,10
9792,5
9793,8
9794,6
9795,4
9796,7
9797,7
9798,4
9799,3
9800,2
9801,10
9802,6
9803,6
9804,6
9805,10
9806,6
9807,5
9808,5
9809,7
9810,5
9811,4
9812,6
9813,10
9814,6
9815,10
9816,5
9817,6
9818,9
9819,6
9820,5
9821,6
9822,6
9823,1
9824,10
9825,1
9826,3
9827,3
9828,6
9829,6
9830,5
9831,5
9832,7
9833,6
9834,7
9835,10
9836,6
9837,0
9838,9
9839,9
9840,7
9841,5
9842,6
9843,10
9844,3
9845,6
9846,7
9847,5
9848,6
9849,8
9850,3
9851,3
9852,6
9853,9
9854,9
9855,0
9856,3
9857,6
9858,5
9859,10
9860,0
9861,6
9862,6
9863,6
9864,6
9865,7
9866,5
9867,6
9868,8
9869,4
9870,2
9871,10
9872,0
9873,6
9874,6
9875,9
9876,6
9877,9
9878,10
9879,3
9880,6
9881,7
9882,10
9883,5
9884,6
9885,3
9886,10
9887,5
9888,6
9889,3
9890,6
9891,3
9892,6
9893,8
9894,5
9895,5
9896,4
9897,9
9898,6
9899,4
9900,5
9901,6
9902,6
9903,6
9904,6
9905,3
9906,4
9907,5
9908,7
9909,8
9910,6
9911,5
9912,6
9913,7
9914,3
9915,5
9916,9
9917,1
9918,10
9919,0
9920,10
9921,8
9922,4
9923,6
9924,0
9925,0
9926,7
9927,4
9928,6
9929,1
9930,6
9931,6
9932,10
9933,0
9934,7
9935,10
9936,7
9937,8
9938,2
9939,5
9940,5
9941,0
9942,2
9943,1
9944,6
9945,6
9946,6
9947,4
9948,5
9949,3
9950,10
9951,3
9952,8
9953,4
9954,10
9955,3
9956,8
9957,3
9958,4
9959,5
9960,3
9961,6
9962,8
9963,3
9964,6
9965,6
9966,6
9967,5
9968,6
9969,7
9970,6
9971,3
9972,3
9973,10
9974,9
9975,6
9976,10
9977,8
9978,3
9979,5
9980,8
9981,5
9982,10
9983,8
9984,4
9985,6
9986,4
9987,6
9988,5
9989,1
9990,5
9991,10
9992,6
9993,7
9994,7
9995,1
9996,7
9997,3
9998,5
9999,5
10000,6
10001,6
10002,7
10003,3
10004,1
10005,6
10006,3
10007,1
10008,7
10009,7
10010,5
10011,1
10012,6
10013,6
10014,10
10015,5
10016,8
10017,10
10018,7
10019,5
10020,7
10021,5
10022,6
10023,4
10024,3
10025,4
10026,6
10027,6
10028,6
10029,6
10030,7
10031,6
10032,10
10033,10
10034,1
10035,5
10036,8
10037,5
10038,6
10039,6
10040,5
10041,10
10042,0
10043,7
10044,5
10045,5
10046,7
10047,0
10048,5
10049,5
10050,7
10051,3
10052,6
10053,5
10054,6
10055,8
10056,6
10057,3
10058,10
10059,5
10060,0
10061,10
10062,6
10063,6
10064,4
10065,0
10066,3
10067,10
10068,10
10069,9
10070,6
10071,5
10072,1
10073,4
10074,6
10075,4
10076,6
10077,6
10078,5
10079,9
10080,6
10081,6
10082,10
10083,10
10084,5
10085,9
10086,3
10087,4
10088,8
10089,9
10090,6
10091,10
10092,10
10093,6
10094,4
10095,5
10096,0
10097,8
10098,5
10099,8
10100,8
10101,10
10102,10
10103,10
10104,1
10105,5
10106,5
10107,0
10108,0
10109,6
10110,7
10111,5
10112,5
10113,8
10114,3
10115,5
10116,5
10117,0
10118,9
10119,3
10120,7
10121,6
10122,3
10123,5
10124,3
10125,7
10126,0
10127,7
10128,6
10129,5
10130,5
10131,10
10132,5
10133,4
10134,3
10135,6
10136,5
10137,7
10138,5
10139,6
10140,3
10141,6
10142,10
10143,6
10144,5
10145,5
10146,0
10147,3
10148,5
10149,0
10150,6
10151,7
10152,6
10153,8
10154,5
10155,8
10156,9
10157,6
10158,6
10159,6
10160,10
10161,6
10162,1
10163,4
10164,6
10165,10
10166,2
10167,6
10168,9
10169,6
10170,6
10171,6
10172,6
10173,4
10174,9
10175,7
10176,10
10177,5
10178,9
10179,2
10180,9
10181,8
10182,10
10183,5
10184,6
10185,5
10186,8
10187,3
10188,0
10189,5
10190,10
10191,10
10192,3
10193,10
10194,6
10195,6
10196,6
10197,6
10198,7
10199,6
10200,5
10201,7
10202,8
10203,8
10204,3
10205,4
10206,3
10207,3
10208,6
10209,10
10210,6
10211,5
10212,7
10213,7
10214,3
10215,6
10216,2
10217,8
10218,6
10219,2
10220,5
10221,6
10222,6
10223,7
10224,6
10225,1
10226,10
10227,9
10228,6
10229,7
10230,0
10231,10
10232,5
10233,3
10234,6
10235,6
10236,5
10237,6
10238,6
10239,0
10240,10
10241,7
10242,6
10243,6
10244,5
10245,4
10246,5
10247,6
10248,7
10249,6
10250,6
10251,6
10252,6
10253,6
10254,7
10255,6
10256,6
10257,9
10258,7
10259,10
10260,5
10261,6
10262,6
10263,5
10264,6
10265,4
10266,8
10267,9
10268,9
10269,4
10270,6
10271,10
10272,7
10273,7
10274,6
10275,5
10276,6
10277,6
10278,8
10279,10
10280,6
10281,6
10282,6
10283,7
10284,7
10285,0
10286,3
10287,3
10288,6
10289,7
10290,6
10291,1
10292,9
10293,6
10294,6
10295,5
10296,6
10297,5
10298,7
10299,10
10300,6
10301,0
10302,6
10303,6
10304,10
10305,6
10306,5
10307,6
10308,10
10309,7
10310,6
10311,6
10312,7
10313,3
10314,9
10315,10
10316,10
10317,5
10318,8
10319,0
10320,7
10321,3
10322,3
10323,4
10324,7
10325,9
10326,5
10327,6
10328,4
10329,5
10330,6
10331,5
10332,7
10333,4
10334,8
10335,2
10336,0
10337,8
10338,5
10339,5
10340,6
10341,0
10342,7
10343,6
10344,7
10345,0
10346,0
10347,3
10348,2
10349,5
10350,6
10351,3
10352,0
10353,0
10354,10
10355,5
10356,6
10357,4
10358,3
10359,5
10360,5
10361,7
10362,0
10363,4
10364,7
10365,6
10366,6
10367,5
10368,5
10369,10
10370,10
10371,10
10372,10
10373,8
10374,6
10375,7
10376,10
10377,10
10378,5
10379,5
10380,0
10381,6
10382,1
10383,1
10384,6
10385,3
10386,6
10387,7
10388,3
10389,6
10390,0
10391,5
10392,6
10393,8
10394,0
10395,8
10396,6
10397,6
10398,1
10399,6
10400,6
10401,8
10402,5
10403,7
10404,5
10405,6
10406,10
10407,6
10408,5
10409,10
10410,0
10411,0
10412,5
10413,9
10414,8
10415,6
10416,5
10417,6
10418,6
10419,4
10420,0
10421,5
10422,9
10423,7
10424,6
10425,8
10426,6
10427,8
10428,7
10429,3
10430,5
10431,9
10432,9
10433,8
10434,6
10435,6
10436,5
10437,6
10438,5
10439,5
10440,6
10441,10
10442,6
10443,10
10444,0
10445,0
10446,4
10447,3
10448,7
10449,6
10450,6
10451,7
10452,5
10453,1
10454,5
10455,5
10456,7
10457,10
10458,10
10459,6
10460,5
10461,5
10462,10
10463,7
10464,3
10465,6
10466,3
10467,4
10468,5
10469,10
10470,8
10471,0
10472,5
10473,6
10474,3
10475,8
10476,7
10477,6
10478,6
10479,5
10480,9
10481,6
10482,7
10483,5
10484,4
10485,6
10486,6
10487,7
10488,5
10489,8
10490,0
10491,10
10492,6
10493,3
10494,4
10495,5
10496,5
10497,1
10498,4
10499,10
10500,8
10501,0
10502,10
10503,0
10504,5
10505,4
10506,6
10507,5
10508,5
10509,6
10510,4
10511,5
10512,10
10513,6
10514,6
10515,0
10516,5
10517,6
10518,7
10519,10
10520,5
10521,7
10522,6
10523,0
10524,7
10525,7
10526,10
10527,5
10528,6
10529,10
10530,0
10531,6
10532,10
10533,5
10534,5
10535,10
10536,10
10537,6
10538,6
10539,5
10540,0
10541,10
10542,9
10543,6
10544,6
10545,8
10546,7
10547,6
10548,6
10549,5
10550,3
10551,4
10552,3
10553,6
10554,5
10555,1
10556,10
10557,5
10558,9
10559,10
10560,5
10561,6
10562,6
10563,6
10564,4
10565,10
10566,1
10567,1
10568,8
10569,3
10570,6
10571,6
10572,10
10573,9
10574,10
10575,6
10576,3
10577,3
10578,6
10579,9
10580,7
10581,6
10582,3
10583,0
10584,8
10585,7
10586,5
10587,3
10588,6
10589,3
10590,1
10591,0
10592,5
10593,9
10594,5
10595,5
10596,4
10597,5
10598,8
10599,6
10600,1
10601,6
10602,7
10603,8
10604,9
10605,6
10606,7
10607,5
10608,6
10609,6
10610,2
10611,5
10612,7
10613,7
10614,3
10615,6
10616,6
10617,4
10618,5
10619,3
10620,5
10621,6
10622,5
10623,7
10624,7
10625,5
10626,0
10627,6
10628,9
10629,6
10630,3
10631,10
10632,3
10633,10
10634,3
10635,7
10636,5
10637,6
10638,1
10639,0
10640,9
10641,6
10642,7
10643,0
10644,5
10645,6
10646,6
10647,6
10648,5
10649,5
10650,3
10651,10
10652,10
10653,0
10654,6
10655,5
10656,0
10657,10
10658,10
10659,6
10660,5
10661,5
10662,10
10663,7
10664,10
10665,8
10666,0
10667,7
10668,6
10669,4
10670,10
10671,4
10672,8
10673,9
10674,7
10675,6
10676,0
10677,5
10678,10
10679,10
10680,9
10681,6
10682,0
10683,0
10684,6
10685,10
10686,2
10687,6
10688,9
10689,3
10690,3
10691,2
10692,1
10693,5
10694,5
10695,4
10696,0
10697,2
10698,7
10699,0
10700,10
10701,4
10702,10
10703,8
10704,8
10705,6
10706,0
10707,6
10708,10
10709,3
10710,5
10711,2
10712,6
10713,10
10714,6
10715,3
10716,9
10717,6
10718,6
10719,3
10720,0
10721,10
10722,0
10723,5
10724,4
10725,0
10726,10
10727,9
10728,6
10729,5
10730,6
10731,3
10732,10
10733,9
10734,4
10735,3
10736,8
10737,6
10738,4
10739,3
10740,2
10741,10
10742,6
10743,5
10744,3
10745,0
10746,3
10747,8
10748,10
10749,0
10750,10
10751,6
10752,3
10753,3
10754,4
10755,6
10756,6
10757,8
10758,6
10759,0
10760,6
10761,5
10762,6
10763,9
10764,5
10765,3
10766,5
10767,7
10768,7
10769,8
10770,6
10771,6
10772,4
10773,0
10774,0
10775,10
10776,7
10777,6
10778,6
10779,6
10780,5
10781,10
10782,8
10783,0
10784,7
10785,6
10786,10
10787,6
10788,4
10789,3
10790,5
10791,3
10792,6
10793,10
10794,5
10795,4
10796,10
10797,5
10798,5
10799,6
10800,9
10801,3
10802,3
10803,7
10804,5
10805,6
10806,5
10807,5
10808,4
10809,5
10810,1
10811,4
10812,5
10813,7
10814,6
10815,0
10816,6
10817,6
10818,7
10819,6
10820,6
10821,7
10822,5
10823,3
10824,9
10825,9
10826,7
10827,7
10828,6
10829,6
10830,0
10831,6
10832,0
10833,0
10834,6
10835,9
10836,6
10837,7
10838,0
10839,3
10840,9
10841,10
10842,5
10843,5
10844,4
10845,6
10846,6
10847,9
10848,3
10849,3
10850,7
10851,5
10852,10
10853,9
10854,3
10855,0
10856,6
10857,7
10858,5
10859,10
10860,10
10861,5
10862,6
10863,6
10864,3
10865,9
10866,3
10867,7
10868,10
10869,3
10870,0
10871,6
10872,5
10873,6
10874,0
10875,3
10876,10
10877,6
10878,5
10879,5
10880,4
10881,4
10882,7
10883,7
10884,6
10885,5
10886,6
10887,5
10888,6
10889,8
10890,3
10891,5
10892,6
10893,0
10894,3
10895,6
10896,5
10897,0
10898,0
10899,10
10900,6
10901,1
10902,7
10903,8
10904,4
10905,8
10906,6
10907,6
10908,5
10909,6
10910,6
10911,6
10912,9
10913,7
10914,0
10915,5
10916,3
10917,5
10918,3
10919,6
10920,5
10921,10
10922,8
10923,3
10924,4
10925,5
10926,6
10927,7
10928,1
10929,8
10930,6
10931,6
10932,6
10933,5
10934,5
10935,6
10936,10
10937,10
10938,7
10939,5
10940,9
10941,9
10942,0
10943,3
10944,0
10945,3
10946,5
10947,3
10948,6
10949,4
10950,3
10951,6
10952,10
10953,6
10954,6
10955,9
10956,3
10957,4
10958,3
10959,0
10960,10
10961,0
10962,0
10963,10
10964,8
10965,6
10966,3
10967,6
10968,4
10969,10
10970,6
10971,3
10972,3
10973,6
10974,8
10975,10
10976,1
10977,3
10978,6
10979,5
10980,6
10981,5
10982,5
10983,6
10984,9
10985,7
10986,6
10987,5
10988,4
10989,9
10990,6
10991,8
10992,6
10993,3
10994,9
10995,0
10996,0
10997,6
10998,5
10999,6
11000,7
11001,0
11002,10
11003,5
11004,10
11005,1
11006,7
11007,6
11008,5
11009,6
11010,7
11011,10
11012,5
11013,9
11014,5
11015,4
11016,6
11017,6
11018,5
11019,0
11020,6
11021,7
11022,0
11023,6
11024,4
11025,3
11026,10
11027,10
11028,6
11029,8
11030,7
11031,6
11032,6
11033,6
11034,5
11035,5
11036,7
11037,5
11038,5
11039,5
11040,3
11041,5
11042,1
11043,6
11044,6
11045,5
11046,5
11047,3
11048,0
11049,6
11050,5
11051,4
11052,6
11053,6
11054,5
11055,6
11056,5
11057,6
11058,4
11059,6
11060,5
11061,10
11062,3
11063,0
11064,10
11065,3
11066,5
11067,6
11068,6
11069,10
11070,0
11071,3
11072,10
11073,4
11074,5
11075,7
11076,6
11077,4
11078,9
11079,7
11080,6
11081,1
11082,3
11083,10
11084,5
11085,8
11086,1
11087,0
11088,4
11089,3
11090,5
11091,5
11092,3
11093,5
11094,5
11095,6
11096,5
11097,10
11098,6
11099,6
11100,5
11101,6
11102,5
11103,10
11104,8
11105,5
11106,1
11107,6
11108,5
11109,10
11110,10
11111,5
11112,6
11113,6
11114,5
11115,5
11116,0
11117,10
11118,5
11119,6
11120,6
11121,5
11122,6
11123,6
11124,3
11125,3
11126,6
11127,10
11128,5
11129,10
11130,6
11131,5
11132,7
11133,6
11134,0
11135,6
11136,3
11137,4
11138,4
11139,6
11140,6
11141,0
11142,0
11143,3
11144,6
11145,3
11146,4
11147,7
11148,7
11149,5
11150,5
11151,4
11152,3
11153,10
11154,10
11155,0
11156,10
11157,6
11158,5
11159,6
11160,7
11161,6
11162,5
11163,6
11164,7
11165,10
11166,4
11167,10
11168,9
11169,5
11170,4
11171,6
11172,9
11173,5
11174,10
11175,5
11176,5
11177,6
11178,8
11179,5
11180,6
11181,4
11182,5
11183,5
11184,7
11185,9
11186,0
11187,7
11188,7
11189,4
11190,10
11191,5
11192,10
11193,4
11194,5
11195,6
11196,6
11197,0
11198,10
11199,10
11200,0
11201,3
11202,3
11203,4
11204,6
11205,7
11206,7
11207,6
11208,5
11209,10
11210,0
11211,6
11212,7
11213,10
11214,0
11215,0
11216,6
11217,8
11218,5
11219,2
11220,0
11221,0
11222,7
11223,8
11224,9
11225,9
11226,5
11227,7
11228,6
11229,8
11230,7
11231,9
11232,6
11233,9
11234,3
11235,8
11236,7
11237,10
11238,5
11239,4
11240,3
11241,4
11242,6
11243,6
11244,0
11245,4
11246,3
11247,5
11248,5
11249,7
11250,1
11251,3
11252,5
11253,6
11254,6
11255,6
11256,7
11257,10
11258,10
11259,0
11260,0
11261,6
11262,10
11263,10
11264,0
11265,5
11266,6
11267,6
11268,0
11269,3
11270,3
11271,5
11272,6
11273,6
11274,6
11275,0
11276,6
11277,0
11278,6
11279,6
11280,3
11281,10
11282,7
11283,6
11284,0
11285,0
11286,7
11287,10
11288,8
11289,0
11290,6
11291,0
11292,2
11293,3
11294,6
11295,5
11296,4
11297,1
11298,1
11299,5
11300,3
11301,3
11302,3
11303,0
11304,3
11305,3
11306,6
11307,5
11308,7
11309,3
11310,3
11311,5
11312,10
11313,9
11314,4
11315,6
11316,10
11317,5
11318,5
11319,9
11320,7
11321,3
11322,7
11323,7
11324,7
11325,7
11326,5
11327,5
11328,6
11329,3
11330,6
11331,10
11332,4
11333,3
11334,9
11335,4
11336,5
11337,6
11338,10
11339,0
11340,6
11341,3
11342,6
11343,6
11344,10
11345,3
11346,0
11347,6
11348,5
11349,10
11350,8
11351,6
11352,4
11353,5
11354,6
11355,10
11356,7
11357,6
11358,3
11359,5
11360,4
11361,5
11362,5
11363,5
11364,6
11365,4
11366,9
11367,7
11368,5
11369,4
11370,6
11371,5
11372,6
11373,3
11374,10
11375,6
11376,5
11377,7
11378,6
11379,3
11380,0
11381,10
11382,6
11383,5
11384,7
11385,7
11386,0
11387,0
11388,5
11389,9
11390,6
11391,6
11392,6
11393,5
11394,6
11395,6
11396,10
11397,5
11398,3
11399,5
11400,6
11401,5
11402,5
11403,6
11404,4
11405,5
11406,3
11407,3
11408,3
11409,1
11410,5
11411,10
11412,6
11413,5
11414,6
11415,6
11416,6
11417,5
11418,8
11419,9
11420,4
11421,1
11422,5
11423,4
11424,6
11425,5
11426,6
11427,6
11428,4
11429,6
11430,10
11431,6
11432,6
11433,5
11434,5
11435,5
11436,0
11437,0
11438,10
11439,0
11440,0
11441,5
11442,0
11443,6
11444,3
11445,6
11446,6
11447,3
11448,0
11449,5
11450,5
11451,5
11452,7
11453,6
11454,6
11455,3
11456,0
11457,9
11458,10
11459,6
11460,6
11461,3
11462,6
11463,4
11464,6
11465,7
11466,5
11467,8
11468,10
11469,6
11470,7
11471,6
11472,10
11473,4
11474,3
11475,5
11476,6
11477,5
11478,0
11479,7
11480,5
11481,6
11482,0
11483,3
11484,7
11485,3
11486,3
11487,5
11488,4
11489,5
11490,0
11491,5
11492,3
11493,7
11494,10
11495,5
11496,6
11497,0
11498,6
11499,6
11500,10
11501,7
11502,5
11503,5
11504,6
11505,0
11506,5
11507,10
11508,5
11509,9
11510,10
11511,1
11512,10
11513,6
11514,6
11515,7
11516,3
11517,5
11518,7
11519,5
11520,6
11521,7
11522,0
11523,6
11524,5
11525,0
11526,6
11527,9
11528,7
11529,6
11530,4
11531,5
11532,6
11533,6
11534,4
11535,6
11536,5
11537,4
11538,5
11539,0
11540,5
11541,10
11542,5
11543,0
11544,6
11545,8
11546,10
11547,7
11548,3
11549,7
11550,6
11551,0
11552,5
11553,7
11554,1
11555,6
11556,0
11557,5
11558,8
11559,4
11560,0
11561,3
11562,6
11563,5
11564,6
11565,6
11566,4
11567,5
11568,6
11569,3
11570,6
11571,5
11572,10
11573,6
11574,0
11575,0
11576,9
11577,3
11578,0
11579,0
11580,10
11581,7
11582,3
11583,7
11584,3
11585,3
11586,5
11587,6
11588,5
11589,5
11590,9
11591,9
11592,6
11593,8
11594,0
11595,5
11596,6
11597,5
11598,7
11599,6
11600,1
11601,9
11602,6
11603,10
11604,6
11605,0
11606,5
11607,6
11608,6
11609,6
11610,4
11611,6
11612,10
11613,5
11614,0
11615,6
11616,6
11617,1
11618,3
11619,5
11620,8
11621,6
11622,6
11623,5
11624,3
11625,9
11626,5
11627,5
11628,6
11629,10
11630,6
11631,6
11632,5
11633,7
11634,0
11635,9
11636,3
11637,4
11638,9
11639,8
11640,8
11641,7
11642,4
11643,5
11644,6
11645,5
11646,10
11647,4
11648,6
11649,0
11650,6
11651,3
11652,3
11653,7
11654,5
11655,6
11656,2
11657,6
11658,3
11659,8
11660,6
11661,7
11662,5
11663,6
11664,6
11665,6
11666,7
11667,4
11668,4
11669,3
11670,6
11671,5
11672,0
11673,9
11674,0
11675,6
11676,6
11677,6
11678,9
11679,5
11680,5
11681,5
11682,5
11683,0
11684,8
11685,7
11686,9
11687,4
11688,5
11689,5
11690,6
11691,3
11692,6
11693,9
11694,6
11695,6
11696,4
11697,6
11698,3
11699,10
11700,3
11701,6
11702,6
11703,6
11704,3
11705,6
11706,9
11707,9
11708,8
11709,6
11710,6
11711,5
11712,6
11713,0
11714,5
11715,9
11716,5
11717,6
11718,6
11719,0
11720,6
11721,5
11722,6
11723,4
11724,3
11725,6
11726,10
11727,6
11728,6
11729,10
11730,6
11731,9
11732,9
11733,0
11734,6
11735,6
11736,5
11737,6
11738,5
11739,2
11740,1
11741,6
11742,0
11743,6
11744,7
11745,10
11746,6
11747,6
11748,0
11749,10
11750,7
11751,1
11752,7
11753,6
11754,7
11755,6
11756,6
11757,10
11758,5
11759,6
11760,10
11761,5
11762,0
11763,0
11764,6
11765,6
11766,0
11767,5
11768,0
11769,0
11770,5
11771,5
11772,6
11773,5
11774,10
11775,5
11776,10
11777,5
11778,3
11779,5
11780,5
11781,6
11782,7
11783,9
11784,6
11785,6
11786,8
11787,0
11788,5
11789,8
11790,10
11791,4
11792,6
11793,10
11794,4
11795,6
11796,5
11797,6
11798,6
11799,0
11800,5
11801,5
11802,5
11803,1
11804,0
11805,4
11806,8
11807,0
11808,9
11809,7
11810,10
11811,3
11812,6
11813,3
11814,4
11815,9
11816,6
11817,10
11818,7
11819,3
11820,10
11821,1
11822,5
11823,10
11824,5
11825,9
11826,6
11827,6
11828,6
11829,10
11830,10
11831,7
11832,6
11833,4
11834,6
11835,10
11836,6
11837,6
11838,0
11839,6
11840,3
11841,6
11842,0
11843,6
11844,0
11845,6
11846,0
11847,6
11848,3
11849,5
11850,10
11851,5
11852,1
11853,8
11854,0
11855,8
11856,6
11857,4
11858,7
11859,7
11860,0
11861,10
11862,6
11863,7
11864,10
11865,6
11866,4
11867,6
11868,5
11869,5
11870,3
11871,5
11872,1
11873,5
11874,5
11875,10
11876,0
11877,7
11878,9
11879,6
11880,4
11881,7
11882,10
11883,10
11884,6
11885,8
11886,3
11887,0
11888,6
11889,5
11890,5
11891,6
11892,0
11893,5
11894,3
11895,7
11896,6
11897,7
11898,9
11899,3
11900,6
11901,7
11902,6
11903,6
11904,10
11905,6
11906,6
11907,3
11908,0
11909,3
11910,5
11911,6
11912,0
11913,10
11914,9
11915,4
11916,0
11917,9
11918,4
11919,8
11920,6
11921,5
11922,0
11923,0
11924,6
11925,6
11926,3
11927,7
11928,4
11929,6
11930,10
11931,0
11932,7
11933,8
11934,0
11935,6
11936,6
11937,3
11938,6
11939,0
11940,9
11941,6
11942,3
11943,5
11944,6
11945,0
11946,5
11947,8
11948,8
11949,6
11950,6
11951,5
11952,7
11953,6
11954,3
11955,10
11956,6
11957,0
11958,3
11959,3
11960,7
11961,6
11962,1
11963,7
11964,6
11965,6
11966,3
11967,7
11968,5
11969,3
11970,8
11971,6
11972,0
11973,2
11974,6
11975,7
11976,1
11977,10
11978,6
11979,6
11980,1
11981,4
11982,3
11983,10
11984,3
11985,6
11986,6
11987,5
11988,5
11989,5
11990,10
11991,4
11992,1
11993,0
11994,6
11995,7
11996,8
11997,5
11998,6
11999,5
12000,6
12001,7
12002,9
12003,4
12004,5
12005,6
12006,7
12007,5
12008,7
12009,5
12010,6
12011,6
12012,4
12013,5
12014,3
12015,2
12016,1
12017,5
12018,6
12019,6
12020,10
12021,6
12022,7
12023,6
12024,10
12025,0
12026,7
12027,7
12028,7
12029,2
12030,6
12031,9
12032,5
12033,5
12034,7
12035,6
12036,9
12037,9
12038,9
12039,6
12040,6
12041,8
12042,10
12043,6
12044,6
12045,6
12046,5
12047,10
12048,0
12049,8
12050,0
12051,6
12052,6
12053,6
12054,6
12055,10
12056,7
12057,6
12058,4
12059,4
12060,6
12061,6
12062,5
12063,5
12064,6
12065,8
12066,6
12067,6
12068,6
12069,6
12070,5
12071,6
12072,4
12073,6
12074,5
12075,8
12076,0
12077,3
12078,10
12079,6
12080,2
12081,7
12082,4
12083,7
12084,10
12085,6
12086,3
12087,9
12088,6
12089,8
12090,3
12091,0
12092,0
12093,6
12094,8
12095,6
12096,9
12097,5
12098,5
12099,6
12100,0
12101,6
12102,0
12103,4
12104,6
12105,0
12106,8
12107,5
12108,6
12109,6
12110,7
12111,5
12112,5
12113,5
12114,6
12115,9
12116,7
12117,6
12118,5
12119,6
12120,5
12121,5
12122,8
12123,10
12124,6
12125,5
12126,6
12127,5
12128,6
12129,5
12130,4
12131,5
12132,4
12133,7
12134,8
12135,5
12136,8
12137,5
12138,6
12139,3
12140,5
12141,6
12142,5
12143,10
12144,10
12145,7
12146,5
12147,5
12148,10
12149,7
12150,10
12151,5
12152,10
12153,0
12154,6
12155,5
12156,10
12157,8
12158,3
12159,3
12160,10
12161,8
12162,4
12163,10
12164,1
12165,6
12166,5
12167,6
12168,5
12169,6
12170,9
12171,10
12172,6
12173,4
12174,6
12175,6
12176,10
12177,2
12178,6
12179,6
12180,2
12181,5
12182,7
12183,6
12184,6
12185,5
12186,6
12187,9
12188,5
12189,6
12190,3
12191,4
12192,8
12193,7
12194,9
12195,4
12196,6
12197,6
12198,6
12199,3
12200,7
12201,6
12202,9
12203,6
12204,6
12205,9
12206,5
12207,8
12208,6
12209,6
12210,3
12211,6
12212,7
12213,7
12214,10
12215,6
12216,6
12217,7
12218,6
12219,5
12220,3
12221,9
12222,9
12223,8
12224,10
12225,6
12226,4
12227,6
12228,10
12229,10
12230,5
12231,3
12232,0
12233,0
12234,0
12235,0
12236,10
12237,7
12238,9
12239,6
12240,7
12241,9
12242,0
12243,5
12244,6
12245,2
12246,0
12247,4
12248,10
12249,5
12250,3
12251,4
12252,0
12253,6
12254,8
12255,10
12256,6
12257,5
12258,3
12259,10
12260,6
12261,4
12262,3
12263,10
12264,3
12265,7
12266,6
12267,10
12268,7
12269,1
12270,2
12271,9
12272,10
12273,4
12274,0
12275,10
12276,0
12277,7
12278,0
12279,6
12280,6
12281,0
12282,8
12283,3
12284,10
12285,6
12286,6
12287,3
12288,0
12289,8
12290,7
12291,5
12292,3
12293,7
12294,4
12295,10
12296,8
12297,5
12298,5
12299,5
12300,4
12301,4
12302,4
12303,6
12304,9
12305,5
12306,0
12307,5
12308,7
12309,3
12310,7
12311,6
12312,6
12313,6
12314,4
12315,5
12316,0
12317,10
12318,8
12319,1
12320,6
12321,5
12322,6
12323,8
12324,7
12325,7
12326,5
12327,7
12328,10
12329,6
12330,6
12331,5
12332,6
12333,6
12334,6
12335,6
12336,5
12337,1
12338,1
12339,3
12340,6
12341,6
12342,6
12343,6
12344,5
12345,0
12346,6
12347,3
12348,0
12349,6
12350,0
12351,6
12352,5
12353,5
12354,10
12355,3
12356,7
12357,8
12358,7
12359,1
12360,0
12361,6
12362,5
12363,6
12364,10
12365,5
12366,9
12367,0
12368,4
12369,5
12370,5
12371,6
12372,6
12373,0
12374,7
12375,7
12376,3
12377,6
12378,0
12379,9
12380,2
12381,6
12382,5
12383,6
12384,9
12385,8
12386,8
12387,0
12388,7
12389,3
12390,5
12391,7
12392,5
12393,0
12394,6
12395,3
12396,9
12397,4
12398,10
12399,0
12400,0
12401,10
12402,7
12403,0
12404,6
12405,3
12406,4
12407,3
12408,9
12409,3
12410,1
12411,6
12412,6
12413,6
12414,3
12415,0
12416,7
12417,5
12418,7
12419,5
12420,8
12421,6
12422,5
12423,3
12424,3
12425,7
12426,6
12427,5
12428,0
12429,7
12430,8
12431,3
12432,6
12433,10
12434,4
12435,4
12436,6
12437,9
12438,9
12439,1
12440,7
12441,5
12442,5
12443,6
12444,10
12445,3
12446,6
12447,3
12448,9
12449,10
12450,6
12451,6
12452,6
12453,5
12454,6
12455,3
12456,4
12457,5
12458,0
12459,9
12460,8
12461,5
12462,6
12463,10
12464,9
12465,8
12466,6
12467,6
12468,10
12469,3
12470,5
12471,10
12472,5
12473,6
12474,7
12475,6
12476,6
12477,5
12478,0
12479,3
12480,6
12481,6
12482,4
12483,2
12484,5
12485,6
12486,8
12487,6
12488,1
12489,3
12490,5
12491,6
12492,7
12493,7
12494,5
12495,0
12496,6
12497,5
12498,6
12499,5
12500,10
12501,6
12502,8
12503,7
12504,8
12505,6
12506,0
12507,4
12508,6
12509,9
12510,9
12511,6
12512,10
12513,7
12514,6
12515,6
12516,6
12517,6
12518,6
12519,0
12520,9
12521,6
12522,0
12523,6
12524,9
12525,5
12526,10
12527,4
12528,5
12529,7
12530,9
12531,1
12532,5
12533,0
12534,5
12535,6
12536,0
12537,4
12538,6
12539,10
12540,8
12541,0
12542,3
12543,10
12544,6
12545,7
12546,6
12547,6
12548,0
12549,4
12550,5
12551,3
12552,9
12553,7
12554,6
12555,6
12556,6
12557,5
12558,3
12559,5
12560,9
12561,0
12562,0
12563,0
12564,6
12565,3
12566,5
12567,6
12568,0
12569,9
12570,6
12571,6
12572,5
12573,5
12574,9
12575,6
12576,10
12577,10
12578,3
12579,6
12580,6
12581,1
12582,6
12583,7
12584,7
12585,3
12586,5
12587,7
12588,6
12589,9
12590,6
12591,3
12592,2
12593,3
12594,6
12595,6
12596,10
12597,10
12598,0
12599,6
12600,6
12601,0
12602,0
12603,10
12604,5
12605,9
12606,3
12607,3
12608,6
12609,5
12610,7
12611,3
12612,0
12613,6
12614,6
12615,5
12616,5
12617,6
12618,5
12619,5
12620,6
12621,8
12622,6
12623,6
12624,10
12625,5
12626,3
12627,3
12628,6
12629,5
12630,6
12631,0
12632,6
12633,8
12634,6
12635,6
12636,10
12637,4
12638,9
12639,6
12640,5
12641,6
12642,5
12643,5
12644,6
12645,4
12646,3
12647,5
12648,10
12649,6
12650,4
12651,6
12652,3
12653,0
12654,6
12655,5
12656,5
12657,5
12658,7
12659,0
12660,3
12661,4
12662,6
12663,9
12664,6
12665,6
12666,5
12667,7
12668,6
12669,10
12670,5
12671,4
12672,8
12673,6
12674,3
12675,5
12676,8
12677,9
12678,6
12679,6
12680,5
12681,1
12682,0
12683,5
12684,5
12685,5
12686,0
12687,6
12688,6
12689,6
12690,8
12691,3
12692,3
12693,6
12694,6
12695,0
12696,6
12697,6
12698,0
12699,9
12700,6
12701,0
12702,10
12703,3
12704,6
12705,0
12706,0
12707,6
12708,5
12709,10
12710,5
12711,9
12712,6
12713,6
12714,0
12715,6
12716,8
12717,10
12718,10
12719,6
12720,6
12721,5
12722,9
12723,6
12724,4
12725,0
12726,7
12727,4
12728,6
12729,5
12730,6
12731,6
12732,5
12733,3
12734,8
12735,3
12736,5
12737,4
12738,6
12739,6
12740,8
12741,5
12742,5
12743,10
12744,6
12745,6
12746,4
12747,10
12748,10
12749,10
12750,6
12751,8
12752,5
12753,10
12754,6
12755,6
12756,10
12757,9
12758,10
12759,10
12760,10
12761,10
12762,8
12763,5
12764,6
12765,5
12766,6
12767,5
12768,0
12769,9
12770,6
12771,4
12772,5
12773,6
12774,3
12775,3
12776,5
12777,6
12778,5
12779,3
12780,10
12781,2
12782,3
12783,7
12784,1
12785,6
12786,5
12787,9
12788,7
12789,5
12790,0
12791,7
12792,3
12793,6
12794,6
12795,5
12796,0
12797,6
12798,6
12799,6
12800,6
12801,5
12802,4
12803,9
12804,4
12805,7
12806,6
12807,8
12808,5
12809,4
12810,5
12811,6
12812,6
12813,5
12814,6
12815,6
12816,3
12817,0
12818,5
12819,5
12820,9
12821,6
12822,6
12823,0
12824,8
12825,5
12826,8
12827,4
12828,10
12829,6
12830,7
12831,0
12832,10
12833,9
12834,7
12835,7
12836,5
12837,1
12838,6
12839,10
12840,4
12841,4
12842,4
12843,7
12844,3
12845,5
12846,3
12847,5
12848,10
12849,10
12850,2
12851,6
12852,1
12853,6
12854,6
12855,5
12856,3
12857,2
12858,6
12859,7
12860,9
12861,3
12862,6
12863,9
12864,6
12865,9
12866,0
12867,0
12868,6
12869,8
12870,6
12871,10
12872,4
12873,10
12874,6
12875,3
12876,6
12877,10
12878,5
12879,10
12880,6
12881,6
12882,8
12883,6
12884,7
12885,5
12886,5
12887,3
12888,7
12889,3
12890,7
12891,5
12892,3
12893,3
12894,10
12895,6
12896,10
12897,4
12898,6
12899,7
12900,6
12901,6
12902,3
12903,6
12904,0
12905,7
12906,6
12907,4
12908,7
12909,5
12910,6
12911,4
12912,3
12913,10
12914,5
12915,7
12916,3
12917,10
12918,0
12919,1
12920,0
12921,5
12922,0
12923,4
12924,9
12925,6
12926,5
12927,3
12928,4
12929,8
12930,7
12931,4
12932,6
12933,5
12934,1
12935,10
12936,7
12937,3
12938,6
12939,0
12940,6
12941,6
12942,5
12943,6
12944,6
12945,5
12946,10
12947,10
12948,3
12949,0
12950,9
12951,10
12952,6
12953,5
12954,4
12955,6
12956,10
12957,6
12958,3
12959,6
12960,6
12961,0
12962,9
12963,6
12964,6
12965,5
12966,4
12967,6
12968,3
12969,6
12970,6
12971,10
12972,5
12973,5
12974,0
12975,6
12976,6
12977,6
12978,3
12979,5
12980,6
12981,3
12982,8
12983,5
12984,5
12985,7
12986,6
12987,3
12988,6
12989,3
12990,7
12991,6
12992,6
12993,6
12994,6
12995,6
12996,3
12997,10
12998,7
12999,8
13000,3
13001,6
13002,0
13003,10
13004,9
13005,6
13006,5
13007,6
13008,5
13009,3
13010,10
13011,6
13012,5
13013,6
13014,5
13015,0
13016,6
13017,3
13018,7
13019,6
13020,4
13021,0
13022,5
13023,6
13024,5
13025,6
13026,8
13027,10
13028,8
13029,5
13030,5
13031,5
13032,6
13033,6
13034,1
13035,0
13036,7
13037,3
13038,7
13039,1
13040,6
13041,10
13042,2
13043,10
13044,5
13045,6
13046,5
13047,6
13048,10
13049,9
13050,5
13051,4
13052,5
13053,6
13054,6
13055,10
13056,6
13057,10
13058,6
13059,9
13060,8
13061,0
13062,10
13063,0
13064,1
13065,7
13066,6
13067,5
13068,4
13069,9
13070,0
13071,6
13072,6
13073,5
13074,6
13075,7
13076,4
13077,9
13078,6
13079,6
13080,4
13081,5
13082,6
13083,9
13084,5
13085,5
13086,6
13087,7
13088,6
13089,5
13090,6
13091,3
13092,6
13093,7
13094,8
13095,2
13096,6
13097,2
13098,6
13099,6
13100,3
13101,5
13102,5
13103,3
13104,10
13105,6
13106,0
13107,8
13108,0
13109,8
13110,0
13111,10
13112,8
13113,6
13114,3
13115,0
13116,4
13117,6
13118,10
13119,6
13120,0
13121,2
13122,7
13123,6
13124,5
13125,6
13126,5
13127,5
13128,1
13129,9
13130,5
13131,9
13132,5
13133,4
13134,7
13135,6
13136,10
13137,8
13138,8
13139,0
13140,2
13141,7
13142,4
13143,3
13144,4
13145,6
13146,0
13147,5
13148,9
13149,5
13150,6
13151,5
13152,6
13153,7
13154,3
13155,7
13156,3
13157,0
13158,4
13159,1
13160,0
13161,4
13162,0
13163,0
13164,5
13165,6
13166,3
13167,7
13168,4
13169,7
13170,3
13171,9
13172,10
13173,10
13174,6
13175,3
13176,3
13177,5
13178,5
13179,4
13180,8
13181,0
13182,5
13183,8
13184,6
13185,5
13186,10
13187,6
13188,7
13189,7
13190,10
13191,0
13192,6
13193,9
13194,6
13195,6
13196,4
13197,7
13198,8
13199,3
13200,5
13201,10
13202,0
13203,3
13204,0
13205,9
13206,4
13207,4
13208,8
13209,5
13210,5
13211,10
13212,6
13213,6
13214,5
13215,8
13216,5
13217,1
13218,7
13219,0
13220,0
13221,6
13222,10
13223,9
13224,10
13225,8
13226,6
13227,3
13228,7
13229,5
13230,6
13231,6
13232,7
13233,6
13234,6
13235,4
13236,6
13237,4
13238,8
13239,6
13240,7
13241,5
13242,7
13243,9
13244,10
13245,6
13246,6
13247,6
13248,6
13249,6
13250,8
13251,4
13252,7
13253,6
13254,5
13255,5
13256,6
13257,6
13258,9
13259,0
13260,4
13261,0
13262,7
13263,7
13264,9
13265,8
13266,10
13267,0
13268,0
13269,10
13270,0
13271,8
13272,0
13273,4
13274,7
13275,10
13276,9
13277,5
13278,9
13279,7
13280,4
13281,7
13282,5
13283,0
13284,3
13285,4
13286,10
13287,4
13288,6
13289,9
13290,7
13291,3
13292,7
13293,0
13294,3
13295,4
13296,5
13297,1
13298,1
13299,5
13300,3
13301,5
13302,3
13303,8
13304,4
13305,6
13306,10
13307,6
13308,7
13309,6
13310,5
13311,6
13312,6
13313,3
13314,10
13315,9
13316,6
13317,6
13318,6
13319,6
13320,3
13321,4
13322,7
13323,6
13324,3
13325,5
13326,6
13327,7
13328,5
13329,8
13330,6
13331,6
13332,4
13333,5
13334,9
13335,5
13336,0
13337,5
13338,8
13339,7
13340,8
13341,6
13342,6
13343,6
13344,5
13345,10
13346,5
13347,7
13348,7
13349,7
13350,5
13351,6
13352,6
13353,5
13354,1
13355,9
13356,6
13357,3
13358,3
13359,6
13360,7
13361,9
13362,6
13363,9
13364,6
13365,6
13366,6
13367,6
13368,10
13369,7
13370,10
13371,4
13372,5
13373,4
13374,6
13375,0
13376,8
13377,10
13378,3
13379,6
13380,4
13381,7
13382,9
13383,1
13384,8
13385,7
13386,5
13387,3
13388,0
13389,6
13390,6
13391,10
13392,3
13393,6
13394,5
13395,6
13396,6
13397,5
13398,6
13399,3
13400,6
13401,0
13402,6
13403,8
13404,1
13405,5
13406,6
13407,9
13408,6
13409,6
13410,8
13411,8
13412,7
13413,10
13414,7
13415,6
13416,2
13417,3
13418,8
13419,6
13420,6
13421,6
13422,8
13423,9
13424,5
13425,9
13426,10
13427,9
13428,6
13429,3
13430,6
13431,6
13432,3
13433,7
13434,3
13435,5
13436,6
13437,6
13438,7
13439,6
13440,5
13441,8
13442,7
13443,10
13444,4
13445,10
13446,6
13447,6
13448,6
13449,3
13450,8
13451,0
13452,10
13453,5
13454,8
13455,10
13456,2
13457,0
13458,5
13459,7
13460,6
13461,6
13462,1
13463,6
13464,6
13465,7
13466,5
13467,10
13468,7
13469,5
13470,5
13471,6
13472,5
13473,7
13474,10
13475,0
13476,3
13477,4
13478,2
13479,6
13480,3
13481,3
13482,6
13483,10
13484,5
13485,6
13486,6
13487,3
13488,9
13489,8
13490,8
13491,6
13492,6
13493,10
13494,10
13495,3
13496,3
13497,8
13498,7
13499,3
13500,5
13501,5
13502,1
13503,4
13504,5
13505,9
13506,5
13507,6
13508,5
13509,10
13510,5
13511,10
13512,10
13513,4
13514,6
13515,8
13516,10
13517,3
13518,3
13519,4
13520,5
13521,6
13522,5
13523,1
13524,6
13525,6
13526,9
13527,4
13528,8
13529,10
13530,6
13531,6
13532,8
13533,6
13534,10
13535,8
13536,9
13537,0
13538,6
13539,0
13540,5
13541,10
13542,7
13543,0
13544,6
13545,8
13546,8
13547,6
13548,0
13549,6
13550,6
13551,7
13552,6
13553,8
13554,3
13555,6
13556,6
13557,6
13558,5
13559,6
13560,6
13561,5
13562,3
13563,6
13564,7
13565,6
13566,7
13567,3
13568,8
13569,6
13570,5
13571,9
13572,5
13573,5
13574,9
13575,6
13576,6
13577,3
13578,4
13579,6
13580,3
13581,10
13582,4
13583,6
13584,7
13585,5
13586,5
13587,10
13588,6
13589,5
13590,6
13591,6
13592,10
13593,1
13594,10
13595,9
13596,5
13597,6
13598,1
13599,3
13600,0
13601,10
13602,0
13603,5
13604,5
13605,6
13606,8
13607,6
13608,9
13609,8
13610,7
13611,10
13612,9
13613,5
13614,3
13615,7
13616,6
13617,10
13618,3
13619,6
13620,0
13621,9
13622,9
13623,6
13624,5
13625,2
13626,8
13627,9
13628,2
13629,7
13630,6
13631,1
13632,0
13633,6
13634,0
13635,3
13636,6
13637,4
13638,6
13639,5
13640,1
13641,5
13642,8
13643,6
13644,0
13645,6
13646,5
13647,5
13648,7
13649,10
13650,6
13651,4
13652,6
13653,6
13654,0
13655,10
13656,7
13657,7
13658,4
13659,0
13660,5
13661,6
13662,6
13663,6
13664,8
13665,7
13666,4
13667,5
13668,5
13669,6
13670,10
13671,5
13672,6
13673,3
13674,6
13675,6
13676,3
13677,6
13678,8
13679,10
13680,5
13681,3
13682,4
13683,4
13684,0
13685,9
13686,0
13687,10
13688,7
13689,6
13690,8
13691,6
13692,6
13693,6
13694,1
13695,9
13696,2
13697,3
13698,4
13699,0
13700,7
13701,6
13702,4
13703,7
13704,0
13705,6
13706,5
13707,4
13708,8
13709,7
13710,10
13711,9
13712,5
13713,6
13714,0
13715,10
13716,10
13717,0
13718,7
13719,6
13720,6
13721,6
13722,9
13723,7
13724,0
13725,6
13726,10
13727,5
13728,3
13729,5
13730,5
13731,1
13732,6
13733,5
13734,3
13735,6
13736,3
13737,6
13738,2
13739,8
13740,5
13741,0
13742,0
13743,7
13744,3
13745,0
13746,1
13747,6
13748,10
13749,7
13750,10
13751,0
13752,9
13753,5
13754,8
13755,6
13756,9
13757,9
13758,5
13759,6
13760,6
13761,0
13762,5
13763,10
13764,6
13765,5
13766,3
13767,6
13768,7
13769,5
13770,3
13771,7
13772,4
13773,7
13774,5
13775,3
13776,4
13777,6
13778,5
13779,6
13780,5
13781,10
13782,5
13783,8
13784,6
13785,3
13786,10
13787,0
13788,9
13789,1
13790,6
13791,6
13792,6
13793,5
13794,1
13795,8
13796,6
13797,7
13798,3
13799,0
13800,3
13801,7
13802,6
13803,5
13804,2
13805,6
13806,10
13807,6
13808,5
13809,6
13810,1
13811,7
13812,8
13813,6
13814,5
13815,5
13816,5
13817,3
13818,3
13819,7
13820,8
13821,0
13822,0
13823,5
13824,7
13825,7
13826,4
13827,6
13828,6
13829,5
13830,5
13831,6
13832,8
13833,5
13834,0
13835,3
13836,9
13837,6
13838,0
13839,6
13840,8
13841,6
13842,6
13843,0
13844,6
13845,6
13846,5
13847,5
13848,5
13849,9
13850,5
13851,0
13852,6
13853,10
13854,10
13855,5
13856,6
13857,6
13858,6
13859,4
13860,6
13861,8
13862,0
13863,5
13864,9
13865,5
13866,5
13867,6
13868,0
13869,6
13870,0
13871,6
13872,6
13873,1
13874,5
13875,6
13876,6
13877,6
13878,6
13879,0
13880,5
13881,7
13882,6
13883,5
13884,7
13885,10
13886,3
13887,10
13888,0
13889,6
13890,6
13891,6
13892,5
13893,3
13894,6
13895,4
13896,4
13897,7
13898,10
13899,1
13900,4
13901,8
13902,4
13903,6
13904,10
13905,7
13906,3
13907,6
13908,0
13909,9
13910,7
13911,6
13912,5
13913,5
13914,5
13915,9
13916,10
13917,6
13918,9
13919,5
13920,9
13921,0
13922,9
13923,1
13924,0
13925,6
13926,6
13927,5
13928,6
13929,6
13930,10
13931,5
13932,1
13933,9
13934,5
13935,10
13936,9
13937,7
13938,6
13939,3
13940,9
13941,10
13942,5
13943,6
13944,7
13945,0
13946,6
13947,5
13948,5
13949,10
13950,4
13951,3
13952,8
13953,10
13954,3
13955,0
13956,5
13957,8
13958,6
13959,3
13960,0
13961,6
13962,4
13963,6
13964,9
13965,5
13966,5
13967,4
13968,6
13969,6
13970,10
13971,0
13972,4
13973,10
13974,7
13975,2
13976,9
13977,5
13978,6
13979,5
13980,6
13981,7
13982,0
13983,6
13984,6
13985,6
13986,3
13987,6
13988,9
13989,10
13990,10
13991,6
13992,3
13993,4
13994,6
13995,9
13996,7
13997,8
13998,1
13999,10
14000,10
14001,7
14002,3
14003,0
14004,0
14005,3
14006,6
14007,3
14008,1
14009,5
14010,6
14011,6
14012,0
14013,5
14014,10
14015,6
14016,6
14017,0
14018,6
14019,5
14020,10
14021,6
14022,5
14023,5
14024,6
14025,9
14026,6
14027,5
14028,7
14029,6
14030,7
14031,10
14032,5
14033,4
14034,5
14035,6
14036,6
14037,5
14038,3
14039,10
14040,6
14041,3
14042,10
14043,6
14044,3
14045,1
14046,6
14047,7
14048,5
14049,0
14050,3
14051,7
14052,3
14053,9
14054,4
14055,10
14056,6
14057,10
14058,6
14059,4
14060,0
14061,10
14062,8
14063,5
14064,4
14065,3
14066,6
14067,5
14068,8
14069,6
14070,3
14071,10
14072,3
14073,7
14074,4
14075,9
14076,0
14077,9
14078,7
14079,5
14080,6
14081,6
14082,10
14083,6
14084,8
14085,7
14086,7
14087,5
14088,9
14089,6
14090,5
14091,6
14092,6
14093,2
14094,0
14095,10
14096,4
14097,10
14098,6
14099,5
14100,3
14101,4
14102,0
14103,6
14104,10
14105,6
14106,4
14107,0
14108,9
14109,4
14110,6
14111,8
14112,6
14113,6
14114,9
14115,6
14116,3
14117,0
14118,6
14119,0
14120,3
14121,0
14122,9
14123,6
14124,9
14125,3
14126,9
14127,6
14128,1
14129,3
14130,0
14131,6
14132,7
14133,3
14134,4
14135,5
14136,6
14137,5
14138,0
14139,7
14140,8
14141,0
14142,6
14143,6
14144,5
14145,7
14146,3
14147,8
14148,10
14149,7
14150,3
14151,5
14152,10
14153,6
14154,6
14155,7
14156,5
14157,4
14158,8
14159,3
14160,7
14161,6
14162,3
14163,6
14164,5
14165,9
14166,3
14167,7
14168,5
14169,1
14170,9
14171,8
14172,5
14173,7
14174,6
14175,7
14176,4
14177,6
14178,6
14179,10
14180,6
14181,6
14182,10
14183,6
14184,5
14185,2
14186,6
14187,8
14188,5
14189,3
14190,7
14191,3
14192,0
14193,6
14194,4
14195,5
14196,10
14197,3
14198,4
14199,3
14200,5
14201,3
14202,9
14203,5
14204,3
14205,6
14206,0
14207,6
14208,10
14209,10
14210,6
14211,0
14212,5
14213,9
14214,0
14215,5
14216,7
14217,6
14218,8
14219,6
14220,6
14221,6
14222,5
14223,5
14224,6
14225,6
14226,7
14227,6
14228,10
14229,0
14230,7
14231,5
14232,6
14233,9
14234,8
14235,6
14236,10
14237,4
14238,4
14239,6
14240,6
14241,4
14242,6
14243,9
14244,6
14245,0
14246,5
14247,6
14248,10
14249,6
14250,9
14251,10
14252,8
14253,6
14254,9
14255,7
14256,0
14257,6
14258,5
14259,3
14260,10
14261,5
14262,7
14263,0
14264,10
14265,6
14266,6
14267,7
14268,3
14269,3
14270,5
14271,5
14272,4
14273,7
14274,8
14275,6
14276,3
14277,6
14278,9
14279,5
14280,5
14281,0
14282,6
14283,10
14284,5
14285,1
14286,5
14287,4
14288,10
14289,8
14290,6
14291,1
14292,6
14293,6
14294,0
14295,5
14296,5
14297,9
14298,3
14299,5
14300,6
14301,0
14302,7
14303,4
14304,5
14305,0
14306,7
14307,1
14308,8
14309,6
14310,0
14311,7
14312,5
14313,7
14314,10
14315,9
14316,0
14317,10
14318,6
14319,5
14320,9
14321,9
14322,5
14323,8
14324,8
14325,10
14326,0
14327,7
14328,7
14329,5
14330,6
14331,0
14332,6
14333,0
14334,3
14335,5
14336,6
14337,3
14338,3
14339,8
14340,6
14341,6
14342,5
14343,0
14344,6
14345,5
14346,6
14347,1
14348,3
14349,0
14350,9
14351,10
14352,6
14353,0
14354,7
14355,6
14356,5
14357,5
14358,0
14359,5
14360,3
14361,3
14362,8
14363,0
14364,9
14365,9
14366,5
14367,10
14368,10
14369,10
14370,3
14371,0
14372,9
14373,3
14374,0
14375,0
14376,5
14377,6
14378,6
14379,8
14380,5
14381,6
14382,5
14383,10
14384,6
14385,6
14386,7
14387,4
14388,5
14389,6
14390,8
14391,0
14392,9
14393,4
14394,0
14395,5
14396,10
14397,9
14398,9
14399,4
14400,9
14401,6
14402,4
14403,6
14404,0
14405,3
14406,7
14407,10
14408,10
14409,7
14410,7
14411,7
14412,4
14413,5
14414,10
14415,9
14416,0
14417,10
14418,9
14419,7
14420,3
14421,1
14422,0
14423,2
14424,10
14425,6
14426,6
14427,6
14428,3
14429,1
14430,10
14431,5
14432,5
14433,6
14434,10
14435,6
14436,5
14437,9
14438,6
14439,6
14440,4
14441,6
14442,6
14443,5
14444,4
14445,8
14446,5
14447,5
14448,6
14449,3
14450,4
14451,6
14452,6
14453,9
14454,6
14455,7
14456,6
14457,6
14458,0
14459,10
14460,5
14461,0
14462,7
14463,5
14464,5
14465,5
14466,4
14467,0
14468,5
14469,6
14470,6
14471,9
14472,7
14473,9
14474,10
14475,5
14476,5
14477,6
14478,6
14479,0
14480,3
14481,6
14482,0
14483,4
14484,3
14485,10
14486,8
14487,5
14488,6
14489,9
14490,3
14491,7
14492,0
14493,0
14494,5
14495,3
14496,7
14497,3
14498,6
14499,0
14500,10
14501,3
14502,7
14503,6
14504,7
14505,0
14506,1
14507,9
14508,4
14509,8
14510,5
14511,10
14512,6
14513,6
14514,3
14515,6
14516,6
14517,10
14518,8
14519,7
14520,5
14521,0
14522,6
14523,0
14524,7
14525,0
14526,7
14527,0
14528,6
14529,10
14530,6
14531,9
14532,6
14533,5
14534,8
14535,5
14536,5
14537,2
14538,6
14539,9
14540,6
14541,6
14542,9
14543,6
14544,5
14545,0
14546,6
14547,3
14548,5
14549,3
14550,8
14551,6
14552,6
14553,6
14554,3
14555,10
14556,10
14557,5
14558,1
14559,6
14560,0
14561,6
14562,6
14563,5
14564,6
14565,5
14566,6
14567,3
14568,1
14569,9
14570,4
14571,3
14572,6
14573,6
14574,6
14575,7
14576,6
14577,8
14578,3
14579,6
14580,6
14581,6
14582,10
14583,8
14584,4
14585,1
14586,7
14587,10
14588,8
14589,6
14590,9
14591,8
14592,6
14593,3
14594,8
14595,7
14596,8
14597,3
14598,6
14599,10
14600,5
14601,5
14602,8
14603,4
14604,0
14605,7
14606,4
14607,1
14608,6
14609,0
14610,7
14611,5
14612,5
14613,0
14614,6
14615,4
14616,4
14617,1
14618,9
14619,6
14620,6
14621,8
14622,0
14623,6
14624,5
14625,3
14626,5
14627,0
14628,6
14629,6
14630,6
14631,1
14632,10
14633,5
14634,4
14635,6
14636,6
14637,9
14638,7
14639,9
14640,0
14641,6
14642,6
14643,10
14644,6
14645,6
14646,8
14647,5
14648,7
14649,6
14650,0
14651,3
14652,5
14653,5
14654,7
14655,7
14656,6
14657,4
14658,3
14659,3
14660,9
14661,3
14662,7
14663,6
14664,6
14665,8
14666,6
14667,10
14668,5
14669,3
14670,10
14671,5
14672,7
14673,10
14674,5
14675,6
14676,10
14677,8
14678,4
14679,5
14680,6
14681,10
14682,6
14683,8
14684,6
14685,6
14686,8
14687,0
14688,5
14689,5
14690,5
14691,5
14692,8
14693,10
14694,5
14695,9
14696,6
14697,5
14698,0
14699,5
14700,6
14701,7
14702,6
14703,5
14704,5
14705,8
14706,6
14707,6
14708,8
14709,5
14710,5
14711,5
14712,6
14713,4
14714,6
14715,6
14716,10
14717,6
14718,7
14719,8
14720,0
14721,6
14722,9
14723,7
14724,5
14725,6
14726,4
14727,3
14728,6
14729,5
14730,6
14731,6
14732,6
14733,6
14734,3
14735,6
14736,0
14737,1
14738,2
14739,0
14740,9
14741,9
14742,6
14743,0
14744,0
14745,6
14746,8
14747,1
14748,6
14749,3
14750,7
14751,7
14752,5
14753,9
14754,4
14755,6
14756,10
14757,7
14758,9
14759,6
14760,9
14761,5
14762,3
14763,9
14764,1
14765,6
14766,3
14767,3
14768,2
14769,7
14770,6
14771,0
14772,6
14773,6
14774,3
14775,5
14776,7
14777,9
14778,0
14779,2
14780,5
14781,4
14782,0
14783,1
14784,6
14785,7
14786,5
14787,6
14788,6
14789,6
14790,5
14791,6
14792,6
14793,5
14794,7
14795,6
14796,10
14797,0
14798,7
14799,7
14800,4
14801,0
14802,3
14803,0
14804,10
14805,8
14806,10
14807,8
14808,6
14809,7
14810,5
14811,6
14812,5
14813,0
14814,6
14815,9
14816,2
14817,6
14818,7
14819,10
14820,6
14821,5
14822,10
14823,6
14824,0
14825,6
14826,5
14827,4
14828,6
14829,6
14830,5
14831,6
14832,7
14833,4
14834,6
14835,5
14836,3
14837,6
14838,0
14839,10
14840,6
14841,10
14842,5
14843,0
14844,0
14845,10
14846,5
14847,7
14848,0
14849,10
14850,5
14851,4
14852,10
14853,0
14854,3
14855,7
14856,6
14857,3
14858,6
14859,6
14860,6
14861,4
14862,7
14863,1
14864,6
14865,5
14866,4
14867,6
14868,3
14869,6
14870,6
14871,6
14872,6
14873,6
14874,6
14875,10
14876,6
14877,5
14878,6
14879,5
14880,0
14881,6
14882,0
14883,10
14884,6
14885,6
14886,8
14887,5
14888,7
14889,8
14890,6
14891,0
14892,6
14893,6
14894,8
14895,5
14896,6
14897,0
14898,10
14899,7
14900,5
14901,5
14902,5
14903,6
14904,9
14905,5
14906,8
14907,0
14908,10
14909,7
14910,7
14911,8
14912,6
14913,5
14914,5
14915,8
14916,6
14917,6
14918,9
14919,5
14920,7
14921,5
14922,5
14923,6
14924,7
14925,10
14926,3
14927,9
14928,8
14929,0
14930,6
14931,6
14932,3
14933,6
14934,9
14935,7
14936,5
14937,10
14938,7
14939,6
14940,5
14941,9
14942,6
14943,6
14944,8
14945,6
14946,5
14947,5
14948,7
14949,5
14950,0
14951,5
14952,7
14953,0
14954,6
14955,5
14956,6
14957,9
14958,4
14959,5
14960,6
14961,8
14962,6
14963,0
14964,5
14965,7
14966,6
14967,3
14968,7
14969,0
14970,6
14971,3
14972,10
14973,5
14974,6
14975,5
14976,7
14977,8
14978,9
14979,6
14980,5
14981,7
14982,5
14983,6
14984,7
14985,4
14986,7
14987,10
14988,3
14989,6
14990,6
14991,10
14992,6
14993,10
14994,4
14995,0
14996,10
14997,10
14998,8
14999,7
15000,6
15001,6
15002,6
15003,5
15004,6
15005,9
15006,6
15007,6
15008,6
15009,6
15010,0
15011,4
15012,6
15013,7
15014,5
15015,6
15016,6
15017,9
15018,7
15019,10
15020,3
15021,5
15022,5
15023,5
15024,10
15025,8
15026,6
15027,7
15028,5
15029,6
15030,6
15031,6
15032,6
15033,0
15034,3
15035,5
15036,4
15037,3
15038,8
15039,6
15040,3
15041,7
15042,6
15043,6
15044,10
15045,6
15046,5
15047,6
15048,6
15049,10
15050,7
15051,7
15052,6
15053,3
15054,9
15055,8
15056,7
15057,0
15058,3
15059,10
15060,3
15061,6
15062,8
15063,7
15064,4
15065,5
15066,4
15067,6
15068,7
15069,6
15070,9
15071,7
15072,6
15073,8
15074,3
15075,5
15076,3
15077,5
15078,10
15079,5
15080,0
15081,6
15082,10
15083,5
15084,6
15085,5
15086,4
15087,5
15088,7
15089,8
15090,6
15091,10
15092,10
15093,0
15094,0
15095,6
15096,0
15097,3
15098,1
15099,6
15100,10
15101,6
15102,7
15103,6
15104,7
15105,0
15106,3
15107,6
15108,4
15109,4
15110,3
15111,4
15112,5
15113,6
15114,7
15115,8
15116,4
15117,3
15118,6
15119,6
15120,6
15121,6
15122,0
15123,6
15124,5
15125,5
15126,3
15127,8
15128,10
15129,6
15130,4
15131,9
15132,1
15133,3
15134,6
15135,3
15136,6
15137,6
15138,6
15139,6
15140,6
15141,3
15142,3
15143,7
15144,9
15145,5
15146,5
15147,5
15148,8
15149,10
15150,7
15151,6
15152,9
15153,7
15154,6
15155,6
15156,6
15157,10
15158,4
15159,9
15160,3
15161,1
15162,7
15163,3
15164,3
15165,0
15166,10
15167,6
15168,8
15169,5
15170,7
15171,5
15172,7
15173,6
15174,3
15175,9
15176,8
15177,6
15178,7
15179,0
15180,6
15181,3
15182,7
15183,7
15184,5
15185,8
15186,7
15187,4
15188,9
15189,9
15190,3
15191,6
15192,10
15193,7
15194,5
15195,5
15196,9
15197,6
15198,9
15199,10
15200,10
15201,7
15202,5
15203,3
15204,10
15205,6
15206,10
15207,10
15208,6
15209,8
15210,10
15211,10
15212,6
15213,7
15214,8
15215,0
15216,6
15217,8
15218,7
15219,10
15220,8
15221,6
15222,6
15223,3
15224,5
15225,8
15226,7
15227,6
15228,5
15229,4
15230,5
15231,8
15232,0
15233,10
15234,0
15235,10
15236,5
15237,6
15238,5
15239,10
15240,4
15241,6
15242,3
15243,5
15244,6
15245,8
15246,0
15247,10
15248,9
15249,6
15250,7
15251,6
15252,5
15253,5
15254,0
15255,5
15256,5
15257,5
15258,10
15259,5
15260,0
15261,10
15262,10
15263,5
15264,1
15265,6
15266,3
15267,6
15268,6
15269,1
15270,10
15271,8
15272,6
15273,6
15274,3
15275,5
15276,6
15277,5
15278,4
15279,5
15280,6
15281,6
15282,9
15283,6
15284,6
15285,5
15286,7
15287,3
15288,6
15289,4
15290,10
15291,5
15292,10
15293,6
15294,6
15295,7
15296,6
15297,3
15298,10
15299,7
15300,0
15301,7
15302,5
15303,5
15304,9
15305,7
15306,6
15307,5
15308,6
15309,5
15310,5
15311,6
15312,10
15313,6
15314,6
15315,5
15316,5
15317,8
15318,6
15319,10
15320,8
15321,5
15322,7
15323,6
15324,6
15325,9
15326,7
15327,4
15328,7
15329,1
15330,7
15331,4
15332,1
15333,7
15334,7
15335,6
15336,10
15337,3
15338,8
15339,5
15340,9
15341,9
15342,3
15343,5
15344,6
15345,0
15346,6
15347,3
15348,5
15349,8
15350,7
15351,5
15352,6
15353,0
15354,5
15355,8
15356,10
15357,6
15358,4
15359,6
15360,4
15361,4
15362,0
15363,5
15364,10
15365,4
15366,7
15367,2
15368,8
15369,6
15370,6
15371,3
15372,5
15373,10
15374,5
15375,4
15376,6
15377,5
15378,10
15379,6
15380,6
15381,6
15382,2
15383,7
15384,7
15385,3
15386,10
15387,6
15388,5
15389,9
15390,10
15391,6
15392,8
15393,6
15394,10
15395,5
15396,10
15397,9
15398,3
15399,7
15400,0
15401,7
15402,6
15403,7
15404,7
15405,5
15406,10
15407,5
15408,6
15409,2
15410,3
15411,4
15412,7
15413,5
15414,1
15415,3
15416,0
15417,6
15418,5
15419,5
15420,10
15421,10
15422,9
15423,4
15424,6
15425,6
15426,5
15427,4
15428,4
15429,6
15430,10
15431,6
15432,9
15433,7
15434,5
15435,5
15436,5
15437,5
15438,5
15439,10
15440,4
15441,9
15442,0
15443,6
15444,1
15445,5
15446,6
15447,10
15448,0
15449,5
15450,5
15451,0
15452,3
15453,1
15454,7
15455,5
15456,8
15457,3
15458,0
15459,10
15460,6
15461,4
15462,10
15463,5
15464,3
15465,6
15466,7
15467,6
15468,8
15469,6
15470,5
15471,6
15472,2
15473,7
15474,6
15475,7
15476,8
15477,9
15478,5
15479,6
15480,9
15481,5
15482,0
15483,6
15484,0
15485,0
15486,9
15487,5
15488,9
15489,9
15490,8
15491,4
15492,1
15493,6
15494,8
15495,6
15496,6
15497,10
15498,6
15499,5
15500,5
15501,4
15502,9
15503,6
15504,9
15505,7
15506,6
15507,6
15508,3
15509,3
15510,7
15511,5
15512,5
15513,7
15514,1
15515,6
15516,5
15517,0
15518,5
15519,5
15520,5
15521,6
15522,0
15523,5
15524,3
15525,4
15526,6
15527,4
15528,3
15529,6
15530,10
15531,7
15532,1
15533,5
15534,9
15535,1
15536,6
15537,9
15538,6
15539,6
15540,6
15541,5
15542,6
15543,6
15544,6
15545,7
15546,5
15547,7
15548,7
15549,6
15550,10
15551,5
15552,6
15553,10
15554,8
15555,6
15556,3
15557,0
15558,0
15559,10
15560,5
15561,8
15562,7
15563,7
15564,5
15565,3
15566,0
15567,10
15568,4
15569,9
15570,6
15571,5
15572,8
15573,7
15574,0
15575,6
15576,3
15577,6
15578,8
15579,4
15580,10
15581,7
15582,0
15583,1
15584,6
15585,6
15586,5
15587,5
15588,10
15589,5
15590,4
15591,3
15592,10
15593,6
15594,5
15595,5
15596,6
15597,6
15598,0
15599,5
15600,4
15601,4
15602,6
15603,10
15604,9
15605,4
15606,5
15607,6
15608,0
15609,7
15610,10
15611,6
15612,6
15613,8
15614,3
15615,3
15616,6
15617,9
15618,6
15619,5
15620,6
15621,3
15622,5
15623,6
15624,9
15625,6
15626,9
15627,8
15628,3
15629,5
15630,5
15631,0
15632,3
15633,7
15634,0
15635,8
15636,6
15637,4
15638,6
15639,5
15640,7
15641,0
15642,8
15643,5
15644,4
15645,6
15646,7
15647,1
15648,8
15649,6
15650,5
15651,0
15652,6
15653,1
15654,9
15655,6
15656,7
15657,5
15658,1
15659,4
15660,10
15661,0
15662,3
15663,10
15664,6
15665,1
15666,9
15667,6
15668,5
15669,10
15670,6
15671,6
15672,5
15673,10
15674,7
15675,0
15676,5
15677,8
15678,7
15679,6
15680,8
15681,3
15682,10
15683,8
15684,6
15685,0
15686,10
15687,7
15688,6
15689,7
15690,3
15691,5
15692,7
15693,4
15694,6
15695,7
15696,8
15697,8
15698,5
15699,6
15700,0
15701,5
15702,3
15703,3
15704,7
15705,6
15706,4
15707,10
15708,7
15709,5
15710,6
15711,10
15712,0
15713,5
15714,6
15715,5
15716,7
15717,7
15718,5
15719,7
15720,3
15721,6
15722,6
15723,4
15724,1
15725,3
15726,7
15727,6
15728,3
15729,4
15730,9
15731,3
15732,10
15733,7
15734,6
15735,7
15736,1
15737,10
15738,5
15739,2
15740,1
15741,5
15742,4
15743,0
15744,6
15745,6
15746,6
15747,0
15748,9
15749,10
15750,0
15751,5
15752,6
15753,6
15754,7
15755,6
15756,10
15757,3
15758,10
15759,9
15760,4
15761,9
15762,2
15763,10
15764,7
15765,1
15766,6
15767,3
15768,8
15769,5
15770,1
15771,9
15772,3
15773,8
15774,7
15775,6
15776,2
15777,7
15778,0
15779,7
15780,4
15781,3
15782,9
15783,4
15784,0
15785,6
15786,5
15787,4
15788,5
15789,6
15790,5
15791,0
15792,7
15793,5
15794,3
15795,6
15796,10
15797,7
15798,1
15799,5
15800,0
15801,8
15802,5
15803,5
15804,6
15805,4
15806,5
15807,6
15808,7
15809,10
15810,5
15811,7
15812,5
15813,10
15814,6
15815,7
15816,10
15817,6
15818,7
15819,6
15820,5
15821,5
15822,8
15823,8
15824,7
15825,0
15826,10
15827,5
15828,7
15829,6
15830,6
15831,6
15832,10
15833,5
15834,6
15835,6
15836,6
15837,6
15838,6
15839,5
15840,0
15841,6
15842,6
15843,4
15844,3
15845,5
15846,6
15847,6
15848,7
15849,4
15850,9
15851,4
15852,6
15853,7
15854,9
15855,5
15856,1
15857,9
15858,3
15859,6
15860,5
15861,3
15862,10
15863,3
15864,3
15865,7
15866,7
15867,10
15868,1
15869,4
15870,10
15871,7
15872,6
15873,7
15874,0
15875,5
15876,7
15877,9
15878,9
15879,5
15880,6
15881,7
15882,9
15883,3
15884,10
15885,6
15886,0
15887,10
15888,8
15889,4
15890,7
15891,7
15892,6
15893,9
15894,7
15895,1
15896,3
15897,4
15898,6
15899,7
15900,10
15901,5
15902,8
15903,3
15904,5
15905,6
15906,5
15907,5
15908,7
15909,0
15910,5
15911,0
15912,5
15913,7
15914,10
15915,3
15916,8
15917,6
15918,6
15919,10
15920,5
15921,10
15922,4
15923,3
15924,9
15925,3
15926,6
15927,5
15928,7
15929,5
15930,8
15931,9
15932,3
15933,8
15934,9
15935,6
15936,5
15937,6
15938,6
15939,5
15940,6
15941,4
15942,4
15943,10
15944,3
15945,6
15946,6
15947,8
15948,9
15949,6
15950,8
15951,3
15952,10
15953,0
15954,7
15955,0
15956,5
15957,3
15958,8
15959,8
15960,3
15961,7
15962,6
15963,6
15964,6
15965,3
15966,10
15967,6
15968,6
15969,6
15970,9
15971,6
15972,0
15973,6
15974,10
15975,3
15976,3
15977,6
15978,9
15979,3
15980,5
15981,10
15982,4
15983,7
15984,1
15985,6
15986,6
15987,10
15988,5
15989,6
15990,6
15991,10
15992,10
15993,6
15994,6
15995,7
15996,7
15997,0
15998,5
15999,3
16000,6
16001,6
16002,4
16003,7
16004,5
16005,5
16006,8
16007,6
16008,1
16009,10
16010,3
16011,6
16012,0
16013,10
16014,5
16015,5
16016,10
16017,5
16018,7
16019,2
16020,9
16021,8
16022,6
16023,6
16024,3
16025,3
16026,10
16027,10
16028,6
16029,6
16030,3
16031,6
16032,10
16033,6
16034,8
16035,10
16036,4
16037,3
16038,1
16039,10
16040,6
16041,8
16042,9
16043,3
16044,7
16045,7
16046,5
16047,7
16048,6
16049,3
16050,3
16051,5
16052,9
16053,6
16054,0
16055,4
16056,8
16057,6
16058,6
16059,6
16060,8
16061,5
16062,6
16063,6
16064,5
16065,1
16066,3
16067,9
16068,1
16069,8
16070,10
16071,3
16072,6
16073,6
16074,5
16075,9
16076,6
16077,5
16078,5
16079,10
16080,6
16081,1
16082,6
16083,6
16084,10
16085,6
16086,6
16087,6
16088,6
16089,6
16090,5
16091,5
16092,5
16093,9
16094,6
16095,6
16096,6
16097,5
16098,6
16099,6
16100,3
16101,3
16102,5
16103,5
16104,5
16105,8
16106,1
16107,5
16108,3
16109,5
16110,8
16111,3
16112,4
16113,10
16114,6
16115,6
16116,5
16117,5
16118,5
16119,0
16120,4
16121,5
16122,5
16123,7
16124,7
16125,10
16126,6
16127,7
16128,3
16129,6
16130,6
16131,6
16132,6
16133,6
16134,5
16135,0
16136,10
16137,4
16138,0
16139,7
16140,1
16141,3
16142,6
16143,6
16144,7
16145,7
16146,7
16147,5
16148,7
16149,5
16150,6
16151,6
16152,5
16153,5
16154,6
16155,2
16156,7
16157,6
16158,5
16159,7
16160,7
16161,0
16162,7
16163,10
16164,8
16165,8
16166,5
16167,5
16168,10
16169,4
16170,6
16171,6
16172,6
16173,10
16174,9
16175,10
16176,5
16177,3
16178,3
16179,1
16180,9
16181,0
16182,0
16183,3
16184,5
16185,6
16186,7
16187,10
16188,9
16189,6
16190,8
16191,3
16192,0
16193,5
16194,3
16195,3
16196,5
16197,7
16198,0
16199,5
16200,5
16201,0
16202,5
16203,9
16204,10
16205,0
16206,6
16207,5
16208,6
16209,6
16210,6
16211,10
16212,4
16213,5
16214,5
16215,9
16216,6
16217,5
16218,7
16219,1
16220,7
16221,8
16222,4
16223,5
16224,0
16225,6
16226,4
16227,9
16228,1
16229,0
16230,1
16231,6
16232,1
16233,7
16234,9
16235,0
16236,0
16237,6
16238,5
16239,6
16240,6
16241,9
16242,3
16243,6
16244,0
16245,5
16246,7
16247,6
16248,4
16249,10
16250,9
16251,9
16252,3
16253,6
16254,5
16255,8
16256,6
16257,9
16258,6
16259,3
16260,3
16261,5
16262,3
16263,3
16264,5
16265,3
16266,6
16267,7
16268,6
16269,9
16270,4
16271,5
16272,6
16273,7
16274,1
16275,1
16276,10
16277,10
16278,10
16279,4
16280,0
16281,6
16282,10
16283,7
16284,1
16285,7
16286,0
16287,3
16288,6
16289,6
16290,7
16291,7
16292,10
16293,4
16294,6
16295,6
16296,1
16297,10
16298,0
16299,3
16300,2
16301,7
16302,5
16303,6
16304,9
16305,4
16306,1
16307,10
16308,6
16309,9
16310,7
16311,8
16312,1
16313,7
16314,6
16315,6
16316,6
16317,0
16318,0
16319,5
16320,0
16321,10
16322,4
16323,8
16324,0
16325,8
16326,5
16327,3
16328,8
16329,4
16330,5
16331,6
16332,9
16333,6
16334,5
16335,6
16336,5
16337,0
16338,9
16339,9
16340,6
16341,6
16342,5
16343,6
16344,5
16345,5
16346,10
16347,1
16348,4
16349,5
16350,0
16351,7
16352,1
16353,5
16354,6
16355,6
16356,6
16357,1
16358,0
16359,6
16360,6
16361,0
16362,6
16363,4
16364,3
16365,5
16366,0
16367,3
16368,6
16369,6
16370,0
16371,3
16372,3
16373,9
16374,10
16375,0
16376,3
16377,3
16378,6
16379,10
16380,5
16381,9
16382,6
16383,6
16384,3
16385,0
16386,9
16387,9
16388,7
16389,0
16390,10
16391,7
16392,3
16393,5
16394,0
16395,9
16396,6
16397,9
16398,5
16399,8
16400,10
16401,6
16402,0
16403,1
16404,6
16405,6
16406,10
16407,7
16408,7
16409,1
16410,6
16411,6
16412,6
16413,10
16414,5
16415,5
16416,6
16417,10
16418,6
16419,7
16420,5
16421,5
16422,6
16423,10
16424,9
16425,6
16426,3
16427,3
16428,5
16429,10
16430,5
16431,6
16432,5
16433,6
16434,7
16435,10
16436,10
16437,7
16438,5
16439,5
16440,7
16441,0
16442,6
16443,3
16444,5
16445,5
16446,6
16447,4
16448,5
16449,6
16450,6
16451,5
16452,7
16453,5
16454,6
16455,4
16456,4
16457,5
16458,9
16459,6
16460,6
16461,6
16462,6
16463,6
16464,5
16465,7
16466,4
16467,10
16468,10
16469,3
16470,6
16471,6
16472,6
16473,0
16474,10
16475,6
16476,9
16477,8
16478,9
16479,6
16480,6
16481,7
16482,5
16483,7
16484,10
16485,8
16486,7
16487,0
16488,6
16489,5
16490,6
16491,6
16492,6
16493,5
16494,6
16495,10
16496,0
16497,6
16498,0
16499,1
16500,6
16501,10
16502,1
16503,5
16504,0
16505,8
16506,6
16507,9
16508,10
16509,7
16510,0
16511,8
16512,1
16513,6
16514,0
16515,6
16516,8
16517,9
16518,7
16519,10
16520,5
16521,5
16522,6
16523,6
16524,1
16525,10
16526,9
16527,3
16528,3
16529,3
16530,7
16531,5
16532,0
16533,7
16534,0
16535,6
16536,7
16537,6
16538,6
16539,4
16540,1
16541,6
16542,6
16543,9
16544,3
16545,5
16546,4
16547,6
16548,6
16549,5
16550,5
16551,8
16552,6
16553,6
16554,6
16555,6
16556,6
16557,6
16558,1
16559,7
16560,0
16561,10
16562,10
16563,5
16564,4
16565,5
16566,9
16567,3
16568,0
16569,6
16570,10
16571,5
16572,8
16573,6
16574,6
16575,6
16576,5
16577,10
16578,6
16579,8
16580,10
16581,3
16582,9
16583,6
16584,8
16585,7
16586,5
16587,6
16588,8
16589,6
16590,6
16591,6
16592,3
16593,5
16594,6
16595,5
16596,10
16597,4
16598,3
16599,10
16600,5
16601,6
16602,3
16603,3
16604,5
16605,6
16606,6
16607,5
16608,0
16609,6
16610,9
16611,5
16612,6
16613,5
16614,7
16615,5
16616,5
16617,4
16618,8
16619,8
16620,6
16621,8
16622,7
16623,3
16624,6
16625,8
16626,9
16627,6
16628,5
16629,3
16630,0
16631,5
16632,9
16633,6
16634,10
16635,1
16636,5
16637,6
16638,10
16639,1
16640,7
16641,5
16642,8
16643,9
16644,6
16645,3
16646,3
16647,6
16648,6
16649,0
16650,5
16651,6
16652,6
16653,5
16654,7
16655,0
16656,10
16657,7
16658,6
16659,0
16660,4
16661,8
16662,7
16663,5
16664,10
16665,10
16666,6
16667,6
16668,8
16669,10
16670,6
16671,6
16672,6
16673,5
16674,6
16675,6
16676,7
16677,6
16678,6
16679,0
16680,9
16681,10
16682,7
16683,6
16684,6
16685,6
16686,10
16687,1
16688,7
16689,6
16690,0
16691,8
16692,10
16693,0
16694,3
16695,7
16696,4
16697,5
16698,5
16699,7
16700,0
16701,8
16702,9
16703,3
16704,4
16705,0
16706,9
16707,10
16708,6
16709,0
16710,5
16711,6
16712,6
16713,4
16714,10
16715,9
16716,5
16717,0
16718,9
16719,6
16720,0
16721,6
16722,3
16723,6
16724,6
16725,6
16726,5
16727,10
16728,1
16729,0
16730,7
16731,10
16732,5
16733,6
16734,0
16735,0
16736,10
16737,3
16738,6
16739,6
16740,10
16741,6
16742,0
16743,6
16744,6
16745,6
16746,0
16747,6
16748,6
16749,5
16750,3
16751,10
16752,3
16753,8
16754,7
16755,6
16756,10
16757,5
16758,5
16759,1
16760,4
16761,7
16762,6
16763,6
16764,10
16765,5
16766,6
16767,9
16768,5
16769,8
16770,2
16771,10
16772,4
16773,6
16774,5
16775,6
16776,7
16777,7
16778,6
16779,9
16780,10
16781,7
16782,6
16783,0
16784,0
16785,6
16786,5
16787,9
16788,4
16789,3
16790,0
16791,3
16792,7
16793,10
16794,3
16795,10
16796,6
16797,0
16798,10
16799,0
16800,5
16801,0
16802,3
16803,10
16804,3
16805,10
16806,6
16807,5
16808,10
16809,6
16810,4
16811,3
16812,9
16813,6
16814,6
16815,5
16816,6
16817,1
16818,1
16819,8
16820,10
16821,10
16822,3
16823,6
16824,3
16825,3
16826,7
16827,9
16828,6
16829,3
16830,6
16831,0
16832,3
16833,1
16834,4
16835,3
16836,3
16837,6
16838,4
16839,6
16840,5
16841,6
16842,6
16843,9
16844,6
16845,10
16846,2
16847,5
16848,6
16849,0
16850,6
16851,0
16852,10
16853,6
16854,10
16855,9
16856,9
16857,5
16858,10
16859,5
16860,10
16861,10
16862,4
16863,5
16864,9
16865,6
16866,0
16867,7
16868,9
16869,4
16870,5
16871,5
16872,3
16873,5
16874,10
16875,9
16876,6
16877,5
16878,0
16879,10
16880,7
16881,10
16882,4
16883,6
16884,9
16885,6
16886,5
16887,4
16888,9
16889,9
16890,0
16891,5
16892,6
16893,9
16894,3
16895,8
16896,7
16897,7
16898,6
16899,10
16900,6
16901,8
16902,0
16903,9
16904,8
16905,6
16906,6
16907,6
16908,1
16909,10
16910,6
16911,5
16912,9
16913,5
16914,5
16915,6
16916,6
16917,5
16918,6
16919,0
16920,5
16921,10
16922,6
16923,5
16924,6
16925,6
16926,6
16927,3
16928,7
16929,6
16930,3
16931,2
16932,6
16933,5
16934,1
16935,6
16936,9
16937,8
16938,2
16939,6
16940,3
16941,5
16942,10
16943,6
16944,0
16945,9
16946,8
16947,3
16948,7
16949,6
16950,4
16951,6
16952,5
16953,4
16954,5
16955,6
16956,3
16957,0
16958,8
16959,9
16960,5
16961,7
16962,3
16963,0
16964,3
16965,0
16966,9
16967,6
16968,3
16969,3
16970,5
16971,3
16972,6
16973,3
16974,0
16975,10
16976,3
16977,10
16978,10
16979,8
16980,6
16981,9
16982,9
16983,8
16984,7
16985,5
16986,6
16987,10
16988,7
16989,0
16990,3
16991,6
16992,5
16993,8
16994,4
16995,6
16996,5
16997,6
16998,8
16999,10
17000,0
17001,6
17002,6
17003,6
17004,7
17005,3
17006,7
17007,5
17008,6
17009,2
17010,5
17011,6
17012,8
17013,10
17014,6
17015,7
17016,3
17017,5
17018,5
17019,6
17020,4
17021,7
17022,6
17023,2
17024,0
17025,3
17026,7
17027,5
17028,10
17029,9
17030,7
17031,0
17032,0
17033,1
17034,0
17035,6
17036,5
17037,9
17038,9
17039,0
17040,0
17041,6
17042,5
17043,3
17044,10
17045,9
17046,0
17047,10
17048,5
17049,4
17050,6
17051,5
17052,3
17053,7
17054,6
17055,0
17056,10
17057,10
17058,5
17059,6
17060,6
17061,6
17062,10
17063,5
17064,5
17065,3
17066,3
17067,0
17068,6
17069,3
17070,7
17071,4
17072,0
17073,4
17074,10
17075,0
17076,0
17077,6
17078,6
17079,4
17080,10
17081,8
17082,9
17083,10
17084,6
17085,3
17086,4
17087,9
17088,3
17089,6
17090,7
17091,3
17092,5
17093,5
17094,6
17095,3
17096,3
17097,5
17098,9
17099,5
17100,10
17101,6
17102,7
17103,0
17104,7
17105,0
17106,6
17107,8
17108,9
17109,9
17110,10
17111,0
17112,10
17113,6
17114,6
17115,5
17116,6
17117,5
17118,6
17119,5
17120,9
17121,9
17122,7
17123,5
17124,4
17125,7
17126,6
17127,6
17128,7
17129,6
17130,0
17131,6
17132,5
17133,4
17134,5
17135,6
17136,6
17137,3
17138,4
17139,5
17140,7
17141,7
17142,0
17143,8
17144,5
17145,5
17146,6
17147,10
17148,8
17149,9
17150,6
17151,9
17152,4
17153,9
17154,0
17155,6
17156,10
17157,10
17158,3
17159,6
17160,5
17161,5
17162,10
17163,0
17164,3
17165,10
17166,3
17167,10
17168,3
17169,5
17170,4
17171,4
17172,3
17173,6
17174,6
17175,5
17176,5
17177,9
17178,7
17179,5
17180,3
17181,4
17182,6
17183,6
17184,6
17185,6
17186,4
17187,6
17188,6
17189,3
17190,0
17191,6
17192,5
17193,8
17194,6
17195,0
17196,7
17197,8
17198,4
17199,3
17200,5
17201,10
17202,0
17203,4
17204,7
17205,6
17206,1
17207,10
17208,10
17209,6
17210,5
17211,1
17212,10
17213,6
17214,5
17215,6
17216,0
17217,1
17218,3
17219,7
17220,3
17221,0
17222,3
17223,5
17224,0
17225,4
17226,3
17227,0
17228,9
17229,6
17230,8
17231,8
17232,6
17233,6
17234,6
17235,6
17236,6
17237,4
17238,4
17239,6
17240,6
17241,5
17242,1
17243,6
17244,4
17245,8
17246,7
17247,3
17248,6
17249,4
17250,0
17251,6
17252,10
17253,5
17254,3
17255,7
17256,6
17257,7
17258,5
17259,5
17260,6
17261,0
17262,8
17263,10
17264,5
17265,6
17266,7
17267,4
17268,5
17269,10
17270,7
17271,0
17272,9
17273,6
17274,1
17275,10
17276,3
17277,10
17278,4
17279,3
17280,5
17281,0
17282,6
17283,3
17284,7
17285,9
17286,5
17287,3
17288,7
17289,6
17290,10
17291,10
17292,6
17293,6
17294,6
17295,5
17296,8
17297,6
17298,5
17299,10
17300,6
17301,3
17302,9
17303,10
17304,4
17305,0
17306,6
17307,7
17308,7
17309,10
17310,3
17311,6
17312,3
17313,5
17314,7
17315,6
17316,6
17317,6
17318,3
17319,0
17320,7
17321,5
17322,6
17323,7
17324,6
17325,8
17326,9
17327,5
17328,1
17329,6
17330,9
17331,10
17332,5
17333,10
17334,5
17335,6
17336,10
17337,9
17338,0
17339,6
17340,8
17341,7
17342,3
17343,8
17344,6
17345,9
17346,3
17347,6
17348,5
17349,5
17350,6
17351,5
17352,5
17353,6
17354,7
17355,0
17356,6
17357,5
17358,10
17359,10
17360,7
17361,6
17362,4
17363,3
17364,6
17365,5
17366,6
17367,3
17368,6
17369,7
17370,6
17371,7
17372,6
17373,5
17374,3
17375,10
17376,7
17377,6
17378,3
17379,6
17380,7
17381,5
17382,4
17383,6
17384,4
17385,0
17386,9
17387,6
17388,6
17389,3
17390,10
17391,9
17392,9
17393,6
17394,4
17395,5
17396,7
17397,5
17398,6
17399,6
17400,6
17401,7
17402,0
17403,5
17404,3
17405,6
17406,5
17407,8
17408,9
17409,6
17410,6
17411,7
17412,0
17413,2
17414,6
17415,6
17416,6
17417,6
17418,7
17419,5
17420,6
17421,5
17422,0
17423,6
17424,0
17425,9
17426,6
17427,9
17428,8
17429,5
17430,3
17431,0
17432,5
17433,9
17434,2
17435,5
17436,4
17437,5
17438,3
17439,0
17440,0
17441,7
17442,1
17443,6
17444,6
17445,6
17446,6
17447,6
17448,8
17449,7
17450,7
17451,10
17452,6
17453,9
17454,8
17455,10
17456,7
17457,5
17458,5
17459,6
17460,0
17461,7
17462,7
17463,6
17464,7
17465,5
17466,9
17467,5
17468,9
17469,10
17470,0
17471,6
17472,10
17473,9
17474,0
17475,3
17476,5
17477,4
17478,5
17479,6
17480,6
17481,6
17482,7
17483,6
17484,5
17485,10
17486,6
17487,4
17488,6
17489,6
17490,6
17491,7
17492,7
17493,10
17494,7
17495,0
17496,6
17497,5
17498,3
17499,9
17500,7
17501,10
17502,4
17503,6
17504,7
17505,3
17506,6
17507,5
17508,6
17509,6
17510,5
17511,7
17512,1
17513,8
17514,2
17515,8
17516,8
17517,4
17518,9
17519,7
17520,5
17521,3
17522,0
17523,0
17524,6
17525,10
17526,0
17527,8
17528,6
17529,8
17530,5
17531,10
17532,10
17533,7
17534,6
17535,6
17536,5
17537,3
17538,3
17539,6
17540,9
17541,7
17542,2
17543,5
17544,6
17545,6
17546,6
17547,9
17548,2
17549,1
17550,10
17551,6
17552,5
17553,10
17554,7
17555,4
17556,1
17557,10
17558,3
17559,10
17560,10
17561,9
17562,5
17563,6
17564,5
17565,6
17566,5
17567,9
17568,6
17569,6
17570,6
17571,6
17572,5
17573,10
17574,4
17575,6
17576,6
17577,5
17578,1
17579,9
17580,5
17581,6
17582,5
17583,6
17584,5
17585,10
17586,3
17587,6
17588,6
17589,10
17590,6
17591,7
17592,6
17593,4
17594,8
17595,4
17596,8
17597,10
17598,5
17599,5
17600,6
17601,6
17602,10
17603,0
17604,5
17605,5
17606,0
17607,6
17608,10
17609,10
17610,6
17611,7
17612,6
17613,9
17614,9
17615,3
17616,9
17617,6
17618,6
17619,4
17620,5
17621,0
17622,8
17623,7
17624,6
17625,5
17626,9
17627,6
17628,0
17629,10
17630,7
17631,3
17632,6
17633,3
17634,7
17635,10
17636,10
17637,6
17638,9
17639,6
17640,7
17641,5
17642,6
17643,5
17644,6
17645,5
17646,0
17647,6
17648,5
17649,6
17650,3
17651,6
17652,2
17653,8
17654,5
17655,10
17656,6
17657,10
17658,9
17659,9
17660,6
17661,6
17662,6
17663,6
17664,0
17665,6
17666,8
17667,9
17668,9
17669,7
17670,5
17671,7
17672,6
17673,10
17674,5
17675,1
17676,5
17677,7
17678,9
17679,5
17680,1
17681,7
17682,0
17683,5
17684,9
17685,5
17686,8
17687,10
17688,0
17689,6
17690,10
17691,0
17692,5
17693,7
17694,0
17695,0
17696,5
17697,6
17698,5
17699,7
17700,6
17701,6
17702,6
17703,6
17704,2
17705,5
17706,5
17707,5
17708,6
17709,8
17710,6
17711,4
17712,5
17713,6
17714,6
17715,6
17716,6
17717,6
17718,6
17719,6
17720,6
17721,9
17722,6
17723,6
17724,6
17725,5
17726,6
17727,6
17728,6
17729,6
17730,8
17731,6
17732,6
17733,4
17734,10
17735,4
17736,5
17737,5
17738,3
17739,5
17740,6
17741,9
17742,3
17743,6
17744,1
17745,5
17746,6
17747,6
17748,6
17749,0
17750,2
17751,10
17752,3
17753,6
17754,6
17755,0
17756,0
17757,6
17758,6
17759,7
17760,0
17761,3
17762,0
17763,5
17764,6
17765,0
17766,9
17767,3
17768,10
17769,6
17770,3
17771,5
17772,10
17773,9
17774,10
17775,5
17776,3
17777,7
