{
  "train": {
    "total": 34561,
    "per_class": {
      "0": 1956,
      "1": 1390,
      "2": 1357,
      "3": 1474,
      "4": 3963,
      "5": 3817,
      "6": 6164,
      "7": 3919,
      "8": 3929,
      "9": 3031,
      "10": 3561
    },
    "proportions": {
      "0": 0.05659558461850062,
      "1": 0.04021874367061138,
      "2": 0.03926391018778392,
      "3": 0.042649228899626745,
      "4": 0.11466682098318914,
      "5": 0.11044240618037672,
      "6": 0.17835132085298458,
      "7": 0.11339370967275253,
      "8": 0.11368305315239721,
      "9": 0.08770000868030439,
      "10": 0.10303521310147276
    }
  },
  "val": {
    "total": 6491,
    "per_class": {
      "0": 321,
      "1": 233,
      "2": 225,
      "3": 392,
      "4": 568,
      "5": 637,
      "6": 1033,
      "7": 1033,
      "8": 1009,
      "9": 529,
      "10": 511
    },
    "proportions": {
      "0": 0.04945308889231243,
      "1": 0.03589585580033893,
      "2": 0.03466338006470498,
      "3": 0.06039131104606378,
      "4": 0.08750577723001078,
      "5": 0.09813588044985365,
      "6": 0.1591434293637344,
      "7": 0.1591434293637344,
      "8": 0.15544600215683255,
      "9": 0.08149745801879525,
      "10": 0.07872438761361886
    }
  },
  "train_pixel_stats": {
    "0": {
      "mean_mean": 109.95908420266305,
      "mean_std": 35.140816277521516,
      "mean_min": 16.793456032719835,
      "mean_max": 229.47290388548058
    },
    "1": {
      "mean_mean": 182.43458847210562,
      "mean_std": 45.82047430559886,
      "mean_min": 52.41151079136691,
      "mean_max": 246.51438848920864
    },
    "2": {
      "mean_mean": 180.14463262914975,
      "mean_std": 45.5118637894038,
      "mean_min": 53.45246868091378,
      "mean_max": 244.7826086956522
    },
    "3": {
      "mean_mean": 122.16788278214806,
      "mean_std": 81.9119416603078,
      "mean_min": 0.0,
      "mean_max": 249.83107191316145
    },
    "4": {
      "mean_mean": 123.88027076807823,
      "mean_std": 53.36906669274021,
      "mean_min": 12.938430481958113,
      "mean_max": 238.46479939439817
    },
    "5": {
      "mean_mean": 134.27426261592043,
      "mean_std": 52.61219405453337,
      "mean_min": 13.45821325648415,
      "mean_max": 240.85931359706575
    },
    "6": {
      "mean_mean": 131.44135266909888,
      "mean_std": 54.87712186841822,
      "mean_min": 0.16304347826086957,
      "mean_max": 254.70295262816353
    },
    "7": {
      "mean_mean": 75.80083480614975,
      "mean_std": 76.46921898972535,
      "mean_min": 0.0,
      "mean_max": 254.69992344985965
    },
    "8": {
      "mean_mean": 67.92931545439129,
      "mean_std": 75.02267871214919,
      "mean_min": 0.0,
      "mean_max": 254.6123695596844
    },
    "9": {
      "mean_mean": 134.96880295519702,
      "mean_std": 49.795879050632074,
      "mean_min": 15.003959089409436,
      "mean_max": 250.2111514351699
    },
    "10": {
      "mean_mean": 125.4060364530114,
      "mean_std": 52.72383092956843,
      "mean_min": 4.70907048581859,
      "mean_max": 247.31423757371525
    }
  },
  "val_pixel_stats": {
    "0": {
      "mean_mean": 115.6292622171087,
      "mean_std": 31.434326724471333,
      "mean_min": 18.866043613707166,
      "mean_max": 231.38006230529595
    },
    "1": {
      "mean_mean": 211.59391489970326,
      "mean_std": 44.16869256834104,
      "mean_min": 66.11587982832619,
      "mean_max": 255.0
    },
    "2": {
      "mean_mean": 210.68660549587673,
      "mean_std": 44.19016537984212,
      "mean_min": 69.1288888888889,
      "mean_max": 255.0
    },
    "3": {
      "mean_mean": 128.44657489231653,
      "mean_std": 72.89746696121838,
      "mean_min": 0.0,
      "mean_max": 239.2704081632653
    },
    "4": {
      "mean_mean": 133.10644500356324,
      "mean_std": 52.66086636798482,
      "mean_min": 20.778169014084508,
      "mean_max": 241.61267605633802
    },
    "5": {
      "mean_mean": 143.35287778605846,
      "mean_std": 49.2013407367365,
      "mean_min": 22.281004709576138,
      "mean_max": 242.64050235478808
    },
    "6": {
      "mean_mean": 130.76599691267282,
      "mean_std": 52.865168797658235,
      "mean_min": 0.0,
      "mean_max": 254.58276863504355
    },
    "7": {
      "mean_mean": 76.61969521477285,
      "mean_std": 74.97389270675379,
      "mean_min": 0.0,
      "mean_max": 254.91190706679575
    },
    "8": {
      "mean_mean": 76.89172113000815,
      "mean_std": 74.52574326710848,
      "mean_min": 0.0,
      "mean_max": 254.9663032705649
    },
    "9": {
      "mean_mean": 129.1056094971857,
      "mean_std": 49.331306724332,
      "mean_min": 5.396975425330813,
      "mean_max": 249.68998109640833
    },
    "10": {
      "mean_mean": 131.20428777347573,
      "mean_std": 52.03392497620704,
      "mean_min": 3.4383561643835616,
      "mean_max": 250.3757338551859
    }
  }
}