{
  "train": {
    "total": 34561,
    "per_class": {
      "0": 1956,
      "1": 1390,
      "2": 1357,
      "3": 1474,
      "4": 3963,
      "5": 3817,
      "6": 6164,
      "7": 3919,
      "8": 3929,
      "9": 3031,
      "10": 3561
    },
    "proportions": {
      "0": 0.05659558461850062,
      "1": 0.04021874367061138,
      "2": 0.03926391018778392,
      "3": 0.042649228899626745,
      "4": 0.11466682098318914,
      "5": 0.11044240618037672,
      "6": 0.17835132085298458,
      "7": 0.11339370967275253,
      "8": 0.11368305315239721,
      "9": 0.08770000868030439,
      "10": 0.10303521310147276
    }
  },
  "val": {
    "total": 6491,
    "per_class": {
      "0": 321,
      "1": 233,
      "2": 225,
      "3": 392,
      "4": 568,
      "5": 637,
      "6": 1033,
      "7": 1033,
      "8": 1009,
      "9": 529,
      "10": 511
    },
    "proportions": {
      "0": 0.04945308889231243,
      "1": 0.03589585580033893,
      "2": 0.03466338006470498,
      "3": 0.06039131104606378,
      "4": 0.08750577723001078,
      "5": 0.09813588044985365,
      "6": 0.1591434293637344,
      "7": 0.1591434293637344,
      "8": 0.15544600215683255,
      "9": 0.08149745801879525,
      "10": 0.07872438761361886
    }
  }
}