index,id
0,4
1,2
2,8
3,2
4,5
5,4
6,8
7,7
8,5
9,6
10,9
11,10
12,4
13,4
14,7
15,8
16,0
17,8
18,5
19,10
20,5
21,7
22,2
23,4
24,4
25,5
26,0
27,2
28,5
29,5
30,7
31,4
32,10
33,7
34,6
35,9
36,6
37,5
38,6
39,7
40,10
41,10
42,6
43,0
44,10
45,2
46,7
47,1
48,5
49,6
50,4
51,8
52,5
53,4
54,10
55,2
56,8
57,6
58,6
59,10
60,0
61,7
62,0
63,10
64,5
65,6
66,6
67,7
68,5
69,1
70,5
71,6
72,10
73,5
74,6
75,4
76,5
77,4
78,0
79,5
80,6
81,3
82,6
83,7
84,4
85,8
86,5
87,6
88,6
89,0
90,6
91,7
92,10
93,0
94,10
95,6
96,6
97,4
98,10
99,10
100,10
101,8
102,5
103,5
104,9
105,4
106,0
107,5
108,5
109,10
110,4
111,10
112,10
113,5
114,2
115,6
116,4
117,8
118,8
119,7
120,7
121,10
122,6
123,5
124,9
125,4
126,1
127,6
128,3
129,5
130,3
131,10
132,6
133,9
134,0
135,6
136,6
137,9
138,4
139,10
140,6
141,7
142,3
143,7
144,6
145,4
146,4
147,5
148,10
149,7
150,6
151,5
152,9
153,8
154,5
155,10
156,10
157,4
158,6
159,10
160,6
161,7
162,10
163,8
164,5
165,5
166,5
167,5
168,8
169,8
170,9
171,10
172,4
173,4
174,8
175,0
176,3
177,7
178,8
179,7
180,7
181,7
182,10
183,5
184,6
185,5
186,10
187,7
188,6
189,10
190,5
191,7
192,4
193,0
194,4
195,5
196,8
197,0
198,8
199,1
200,1
201,9
202,0
203,5
204,6
205,0
206,5
207,6
208,10
209,10
210,8
211,9
212,7
213,10
214,9
215,6
216,4
217,6
218,5
219,4
220,4
221,7
222,5
223,1
224,4
225,5
226,4
227,7
228,4
229,10
230,2
231,9
232,8
233,8
234,8
235,4
236,5
237,7
238,10
239,10
240,8
241,2
242,4
243,8
244,10
245,5
246,5
247,2
248,2
249,10
250,7
251,2
252,4
253,4
254,5
255,10
256,10
257,0
258,8
259,8
260,5
261,8
262,5
263,0
264,5
265,8
266,1
267,9
268,8
269,6
270,6
271,4
272,3
273,5
274,6
275,5
276,10
277,7
278,8
279,6
280,6
281,6
282,4
283,4
284,1
285,10
286,4
287,5
288,4
289,8
290,4
291,6
292,7
293,6
294,5
295,0
296,8
297,9
298,3
299,10
300,7
301,4
302,6
303,6
304,10
305,10
306,5
307,4
308,6
309,10
310,1
311,9
312,7
313,1
314,5
315,7
316,1
317,10
318,7
319,7
320,9
321,1
322,4
323,6
324,4
325,1
326,6
327,9
328,7
329,8
330,4
331,6
332,0
333,0
334,4
335,4
336,10
337,4
338,10
339,6
340,5
341,9
342,10
343,0
344,5
345,0
346,5
347,6
348,6
349,7
350,8
351,5
352,8
353,6
354,6
355,6
356,10
357,10
358,4
359,4
360,10
361,8
362,2
363,8
364,0
365,0
366,2
367,6
368,5
369,1
370,6
371,6
372,3
373,7
374,9
375,6
376,1
377,10
378,1
379,5
380,8
381,6
382,10
383,9
384,1
385,5
386,5
387,6
388,2
389,0
390,4
391,10
392,6
393,7
394,0
395,4
396,8
397,4
398,9
399,7
400,6
401,5
402,8
403,2
404,8
405,1
406,0
407,4
408,6
409,0
410,7
411,1
412,2
413,2
414,5
415,5
416,8
417,7
418,10
419,0
420,1
421,9
422,8
423,5
424,6
425,2
426,5
427,6
428,2
429,1
430,4
431,7
432,10
433,6
434,6
435,7
436,0
437,7
438,6
439,5
440,5
441,8
442,10
443,3
444,7
445,2
446,4
447,8
448,6
449,6
450,4
451,4
452,4
453,4
454,10
455,5
456,2
457,10
458,6
459,8
460,0
461,6
462,10
463,1
464,8
465,8
466,4
467,4
468,10
469,10
470,10
471,8
472,9
473,0
474,6
475,4
476,8
477,9
478,8
479,5
480,4
481,5
482,9
483,6
484,5
485,6
486,1
487,10
488,6
489,10
490,6
491,5
492,7
493,9
494,6
495,5
496,4
497,8
498,4
499,8
500,9
501,5
502,5
503,4
504,6
505,2
506,0
507,4
508,5
509,5
510,9
511,8
512,6
513,10
514,0
515,10
516,6
517,0
518,6
519,10
520,6
521,6
522,4
523,5
524,2
525,4
526,5
527,7
528,9
529,2
530,7
531,5
532,5
533,3
534,6
535,5
536,10
537,2
538,10
539,4
540,3
541,5
542,3
543,4
544,5
545,8
546,8
547,10
548,6
549,8
550,2
551,1
552,6
553,4
554,4
555,6
556,5
557,3
558,9
559,10
560,2
561,8
562,7
563,6
564,9
565,9
566,1
567,0
568,10
569,5
570,9
571,9
572,4
573,5
574,4
575,7
576,4
577,2
578,0
579,5
580,7
581,4
582,6
583,10
584,10
585,3
586,5
587,1
588,10
589,6
590,5
591,7
592,6
593,0
594,4
595,10
596,3
597,0
598,7
599,7
600,4
601,9
602,5
603,10
604,6
605,6
606,5
607,5
608,7
609,6
610,10
611,9
612,4
613,10
614,2
615,7
616,3
617,10
618,5
619,10
620,10
621,6
622,2
623,6
624,6
625,0
626,10
627,6
628,6
629,8
630,6
631,5
632,8
633,8
634,1
635,10
636,5
637,7
638,6
639,6
640,4
641,3
642,7
643,8
644,9
645,4
646,10
647,8
648,5
649,4
650,10
651,5
652,10
653,1
654,7
655,6
656,6
657,8
658,0
659,10
660,6
661,5
662,4
663,9
664,8
665,6
666,5
667,10
668,5
669,4
670,4
671,9
672,1
673,7
674,4
675,5
676,10
677,8
678,10
679,7
680,8
681,2
682,6
683,10
684,4
685,6
686,4
687,2
688,6
689,8
690,8
691,5
692,8
693,10
694,3
695,6
696,8
697,10
698,8
699,5
700,1
701,10
702,5
703,0
704,8
705,2
706,10
707,7
708,5
709,5
710,0
711,6
712,5
713,6
714,8
715,1
716,6
717,4
718,6
719,2
720,7
721,5
722,5
723,1
724,0
725,4
726,4
727,10
728,2
729,10
730,9
731,3
732,7
733,10
734,6
735,4
736,9
737,7
738,10
739,4
740,6
741,8
742,9
743,3
744,5
745,0
746,5
747,4
748,10
749,3
750,10
751,6
752,5
753,5
754,7
755,5
756,2
757,6
758,8
759,4
760,10
761,8
762,0
763,6
764,1
765,4
766,5
767,1
768,3
769,6
770,6
771,5
772,5
773,6
774,5
775,8
776,6
777,5
778,9
779,9
780,8
781,8
782,6
783,5
784,7
785,1
786,4
787,10
788,7
789,6
790,8
791,0
792,10
793,5
794,6
795,4
796,10
797,5
798,4
799,7
800,10
801,3
802,8
803,9
804,5
805,6
806,6
807,8
808,5
809,7
810,0
811,8
812,0
813,4
814,0
815,6
816,5
817,5
818,8
819,8
820,8
821,7
822,10
823,9
824,7
825,10
826,6
827,7
828,6
829,8
830,6
831,3
832,8
833,9
834,6
835,7
836,7
837,6
838,8
839,9
840,7
841,10
842,8
843,3
844,5
845,4
846,5
847,9
848,10
849,6
850,9
851,10
852,5
853,0
854,7
855,0
856,7
857,6
858,8
859,6
860,0
861,4
862,0
863,10
864,5
865,10
866,4
867,8
868,8
869,5
870,0
871,0
872,7
873,1
874,4
875,10
876,2
877,4
878,3
879,0
880,2
881,5
882,10
883,8
884,0
885,4
886,5
887,10
888,5
889,0
890,4
891,7
892,1
893,7
894,2
895,5
896,7
897,5
898,5
899,5
900,10
901,10
902,8
903,6
904,5
905,10
906,0
907,6
908,6
909,5
910,9
911,6
912,0
913,6
914,5
915,6
916,6
917,9
918,6
919,5
920,7
921,1
922,4
923,1
924,2
925,3
926,1
927,4
928,1
929,0
930,4
931,7
932,5
933,10
934,10
935,5
936,10
937,7
938,7
939,6
940,6
941,4
942,9
943,7
944,4
945,7
946,4
947,1
948,5
949,5
950,0
951,0
952,10
953,1
954,6
955,6
956,0
957,6
958,1
959,4
960,1
961,1
962,6
963,1
964,6
965,0
966,3
967,9
968,1
969,5
970,5
971,6
972,5
973,5
974,9
975,6
976,9
977,5
978,6
979,7
980,5
981,9
982,7
983,7
984,6
985,10
986,8
987,5
988,10
989,6
990,5
991,6
992,7
993,6
994,4
995,10
996,10
997,8
998,4
999,4
1000,6
1001,7
1002,7
1003,3
1004,3
1005,10
1006,10
1007,7
1008,6
1009,5
1010,6
1011,7
1012,8
1013,3
1014,5
1015,7
1016,7
1017,10
1018,10
1019,1
1020,6
1021,6
1022,10
1023,6
1024,6
1025,6
1026,5
1027,6
1028,4
1029,8
1030,4
1031,4
1032,8
1033,5
1034,10
1035,6
1036,10
1037,1
1038,8
1039,2
1040,8
1041,6
1042,7
1043,4
1044,2
1045,5
1046,6
1047,10
1048,4
1049,4
1050,5
1051,7
1052,10
1053,4
1054,10
1055,10
1056,5
1057,2
1058,1
1059,5
1060,6
1061,1
1062,10
1063,8
1064,5
1065,4
1066,8
1067,1
1068,8
1069,8
1070,8
1071,5
1072,8
1073,2
1074,10
1075,10
1076,3
1077,9
1078,7
1079,9
1080,1
1081,8
1082,6
1083,5
1084,1
1085,0
1086,0
1087,4
1088,2
1089,10
1090,2
1091,5
1092,6
1093,5
1094,4
1095,7
1096,6
1097,8
1098,0
1099,4
1100,6
1101,10
1102,4
1103,5
1104,7
1105,0
1106,4
1107,8
1108,0
1109,3
1110,6
1111,5
1112,3
1113,5
1114,10
1115,6
1116,3
1117,2
1118,4
1119,10
1120,8
1121,10
1122,8
1123,0
1124,7
1125,0
1126,6
1127,4
1128,0
1129,9
1130,5
1131,0
1132,4
1133,5
1134,8
1135,0
1136,8
1137,7
1138,4
1139,8
1140,2
1141,7
1142,6
1143,5
1144,6
1145,0
1146,4
1147,7
1148,10
1149,0
1150,4
1151,5
1152,10
1153,3
1154,0
1155,5
1156,0
1157,4
1158,0
1159,6
1160,0
1161,4
1162,5
1163,0
1164,7
1165,7
1166,3
1167,4
1168,7
1169,9
1170,4
1171,10
1172,0
1173,0
1174,6
1175,7
1176,8
1177,7
1178,8
1179,6
1180,4
1181,8
1182,0
1183,7
1184,4
1185,5
1186,10
1187,10
1188,10
1189,5
1190,6
1191,10
1192,8
1193,6
1194,7
1195,8
1196,2
1197,7
1198,10
1199,3
1200,10
1201,1
1202,10
1203,0
1204,1
1205,7
1206,4
1207,4
1208,0
1209,5
1210,10
1211,5
1212,6
1213,1
1214,7
1215,10
1216,5
1217,5
1218,7
1219,0
1220,10
1221,10
1222,8
1223,1
1224,1
1225,1
1226,7
1227,0
1228,5
1229,7
1230,6
1231,4
1232,4
1233,4
1234,4
1235,6
1236,7
1237,5
1238,4
1239,6
1240,4
1241,6
1242,4
1243,7
1244,0
1245,4
1246,4
1247,0
1248,7
1249,6
1250,9
1251,9
1252,5
1253,9
1254,4
1255,5
1256,0
1257,8
1258,6
1259,5
1260,6
1261,6
1262,5
1263,5
1264,10
1265,7
1266,7
1267,4
1268,0
1269,4
1270,10
1271,4
1272,7
1273,6
1274,6
1275,10
1276,0
1277,6
1278,4
1279,0
1280,6
1281,4
1282,9
1283,3
1284,4
1285,2
1286,8
1287,9
1288,8
1289,4
1290,0
1291,4
1292,4
1293,8
1294,6
1295,6
1296,9
1297,8
1298,8
1299,5
1300,7
1301,9
1302,7
1303,4
1304,2
1305,7
1306,5
1307,6
1308,7
1309,10
1310,5
1311,5
1312,2
1313,7
1314,2
1315,6
1316,7
1317,7
1318,2
1319,10
1320,0
1321,4
1322,0
1323,6
1324,10
1325,8
1326,10
1327,7
1328,8
1329,8
1330,0
1331,6
1332,10
1333,8
1334,5
1335,4
1336,5
1337,7
1338,0
1339,5
1340,6
1341,8
1342,2
1343,6
1344,9
1345,4
1346,10
1347,6
1348,7
1349,9
1350,5
1351,10
1352,10
1353,2
1354,7
1355,9
1356,9
1357,6
1358,6
1359,8
1360,10
1361,6
1362,6
1363,7
1364,0
1365,4
1366,10
1367,5
1368,3
1369,0
1370,9
1371,0
1372,10
1373,7
1374,10
1375,4
1376,10
1377,6
1378,7
1379,6
1380,0
1381,8
1382,10
1383,4
1384,10
1385,4
1386,5
1387,4
1388,2
1389,6
1390,10
1391,7
1392,4
1393,8
1394,1
1395,0
1396,7
1397,4
1398,8
1399,8
1400,0
1401,10
1402,4
1403,5
1404,4
1405,6
1406,8
1407,8
1408,4
1409,6
1410,9
1411,9
1412,8
1413,6
1414,2
1415,8
1416,0
1417,5
1418,4
1419,2
1420,0
1421,4
1422,4
1423,8
1424,5
1425,3
1426,9
1427,6
1428,5
1429,6
1430,10
1431,8
1432,0
1433,3
1434,8
1435,8
1436,4
1437,4
1438,0
1439,9
1440,6
1441,10
1442,8
1443,0
1444,3
1445,10
1446,10
1447,4
1448,6
1449,6
1450,5
1451,5
1452,8
1453,9
1454,10
1455,10
1456,7
1457,10
1458,10
1459,7
1460,7
1461,10
1462,4
1463,7
1464,10
1465,10
1466,6
1467,4
1468,5
1469,5
1470,0
1471,6
1472,8
1473,8
1474,10
1475,8
1476,1
1477,8
1478,8
1479,1
1480,1
1481,2
1482,7
1483,10
1484,1
1485,1
1486,7
1487,7
1488,9
1489,4
1490,6
1491,1
1492,8
1493,10
1494,4
1495,4
1496,1
1497,4
1498,7
1499,4
1500,10
1501,6
1502,7
1503,5
1504,3
1505,1
1506,10
1507,6
1508,8
1509,7
1510,8
1511,10
1512,4
1513,10
1514,6
1515,4
1516,4
1517,4
1518,6
1519,1
1520,5
1521,7
1522,0
1523,10
1524,4
1525,9
1526,7
1527,8
1528,7
1529,2
1530,9
1531,10
1532,1
1533,3
1534,10
1535,6
1536,10
1537,7
1538,5
1539,6
1540,9
1541,10
1542,5
1543,5
1544,10
1545,6
1546,10
1547,6
1548,6
1549,5
1550,6
1551,10
1552,3
1553,8
1554,6
1555,5
1556,8
1557,10
1558,4
1559,9
1560,6
1561,1
1562,4
1563,7
1564,10
1565,6
1566,4
1567,4
1568,4
1569,6
1570,1
1571,6
1572,7
1573,7
1574,10
1575,10
1576,6
1577,6
1578,0
1579,1
1580,7
1581,2
1582,9
1583,8
1584,4
1585,8
1586,0
1587,4
1588,9
1589,0
1590,8
1591,1
1592,0
1593,6
1594,4
1595,0
1596,4
1597,9
1598,10
1599,3
1600,4
1601,6
1602,8
1603,8
1604,1
1605,9
1606,4
1607,5
1608,0
1609,4
1610,6
1611,7
1612,7
1613,3
1614,7
1615,5
1616,1
1617,5
1618,3
1619,10
1620,8
1621,3
1622,3
1623,7
1624,1
1625,6
1626,3
1627,5
1628,9
1629,10
1630,10
1631,6
1632,4
1633,6
1634,8
1635,1
1636,5
1637,1
1638,4
1639,10
1640,2
1641,4
1642,7
1643,4
1644,9
1645,3
1646,6
1647,7
1648,8
1649,7
1650,7
1651,4
1652,10
1653,2
1654,3
1655,6
1656,2
1657,4
1658,6
1659,0
1660,10
1661,8
1662,1
1663,1
1664,7
1665,8
1666,10
1667,6
1668,6
1669,8
1670,0
1671,7
1672,2
1673,4
1674,8
1675,4
1676,0
1677,10
1678,8
1679,7
1680,6
1681,10
1682,0
1683,1
1684,10
1685,8
1686,1
1687,10
1688,6
1689,1
1690,10
1691,1
1692,8
1693,1
1694,9
1695,3
1696,6
1697,5
1698,2
1699,3
1700,6
1701,6
1702,8
1703,6
1704,4
1705,0
1706,10
1707,1
1708,10
1709,5
1710,1
1711,4
1712,4
1713,4
1714,7
1715,0
1716,4
1717,6
1718,0
1719,6
1720,8
1721,8
1722,6
1723,3
1724,3
1725,4
1726,7
1727,8
1728,6
1729,3
1730,7
1731,3
1732,10
1733,0
1734,4
1735,9
1736,6
1737,2
1738,8
1739,10
1740,5
1741,10
1742,2
1743,9
1744,10
1745,5
1746,7
1747,6
1748,0
1749,0
1750,6
1751,4
1752,5
1753,0
1754,0
1755,7
1756,6
1757,4
1758,7
1759,10
1760,4
1761,1
1762,7
1763,10
1764,4
1765,5
1766,4
1767,7
1768,7
1769,3
1770,5
1771,7
1772,6
1773,6
1774,3
1775,6
1776,0
1777,7
1778,4
1779,10
1780,5
1781,6
1782,10
1783,7
1784,7
1785,10
1786,4
1787,3
1788,5
1789,8
1790,5
1791,8
1792,8
1793,2
1794,5
1795,10
1796,4
1797,6
1798,0
1799,8
1800,10
1801,1
1802,5
1803,6
1804,10
1805,7
1806,0
1807,10
1808,4
1809,4
1810,1
1811,6
1812,5
1813,10
1814,7
1815,10
1816,5
1817,4
1818,4
1819,6
1820,7
1821,10
1822,2
1823,8
1824,7
1825,0
1826,2
1827,6
1828,8
1829,4
1830,6
1831,0
1832,5
1833,10
1834,5
1835,4
1836,7
1837,8
1838,0
1839,9
1840,10
1841,4
1842,8
1843,7
1844,10
1845,7
1846,0
1847,6
1848,5
1849,4
1850,9
1851,0
1852,0
1853,10
1854,6
1855,3
1856,10
1857,10
1858,10
1859,0
1860,7
1861,10
1862,7
1863,2
1864,8
1865,6
1866,6
1867,10
1868,6
1869,8
1870,6
1871,1
1872,5
1873,6
1874,0
1875,6
1876,8
1877,10
1878,6
1879,4
1880,8
1881,0
1882,8
1883,0
1884,6
1885,3
1886,4
1887,7
1888,4
1889,4
1890,9
1891,9
1892,2
1893,8
1894,8
1895,4
1896,3
1897,8
1898,6
1899,9
1900,4
1901,8
1902,6
1903,4
1904,4
1905,1
1906,4
1907,9
1908,7
1909,4
1910,9
1911,10
1912,4
1913,10
1914,9
1915,0
1916,4
1917,6
1918,0
1919,6
1920,6
1921,3
1922,8
1923,10
1924,7
1925,6
1926,0
1927,5
1928,6
1929,8
1930,5
1931,6
1932,3
1933,0
1934,8
1935,8
1936,0
1937,4
1938,2
1939,4
1940,8
1941,6
1942,8
1943,2
1944,8
1945,6
1946,4
1947,3
1948,8
1949,5
1950,6
1951,4
1952,7
1953,6
1954,10
1955,10
1956,4
1957,4
1958,7
1959,4
1960,0
1961,4
1962,1
1963,5
1964,0
1965,5
1966,0
1967,0
1968,4
1969,6
1970,2
1971,2
1972,6
1973,7
1974,7
1975,8
1976,5
1977,0
1978,1
1979,2
1980,6
1981,7
1982,9
1983,6
1984,8
1985,6
1986,5
1987,8
1988,4
1989,5
1990,10
1991,8
1992,9
1993,0
1994,4
1995,6
1996,6
1997,4
1998,6
1999,10
2000,9
2001,1
2002,10
2003,5
2004,9
2005,8
2006,1
2007,5
2008,4
2009,6
2010,5
2011,7
2012,5
2013,8
2014,6
2015,4
2016,10
2017,4
2018,10
2019,5
2020,8
2021,10
2022,7
2023,5
2024,5
2025,7
2026,6
2027,0
2028,3
2029,10
2030,5
2031,5
2032,6
2033,0
2034,10
2035,4
2036,9
2037,4
2038,5
2039,6
2040,9
2041,9
2042,0
2043,8
2044,0
2045,8
2046,10
2047,8
2048,9
2049,9
2050,1
2051,5
2052,0
2053,4
2054,0
2055,0
2056,10
2057,7
2058,7
2059,4
2060,6
2061,4
2062,0
2063,10
2064,8
2065,4
2066,6
2067,3
2068,7
2069,5
2070,8
2071,8
2072,10
2073,6
2074,6
2075,7
2076,4
2077,8
2078,3
2079,0
2080,1
2081,4
2082,1
2083,5
2084,5
2085,7
2086,8
2087,7
2088,5
2089,6
2090,8
2091,5
2092,4
2093,5
2094,1
2095,6
2096,1
2097,0
2098,7
2099,5
2100,8
2101,7
2102,6
2103,10
2104,7
2105,4
2106,4
2107,8
2108,10
2109,6
2110,10
2111,8
2112,9
2113,6
2114,4
2115,4
2116,7
2117,10
2118,7
2119,6
2120,9
2121,7
2122,8
2123,6
2124,7
2125,9
2126,9
2127,0
2128,8
2129,8
2130,5
2131,10
2132,4
2133,4
2134,1
2135,1
2136,8
2137,10
2138,10
2139,6
2140,8
2141,10
2142,4
2143,3
2144,6
2145,0
2146,8
2147,10
2148,6
2149,10
2150,7
2151,10
2152,0
2153,10
2154,8
2155,4
2156,10
2157,2
2158,3
2159,10
2160,6
2161,2
2162,0
2163,5
2164,10
2165,3
2166,2
2167,5
2168,0
2169,9
2170,4
2171,6
2172,5
2173,10
2174,5
2175,0
2176,5
2177,5
2178,8
2179,6
2180,4
2181,10
2182,10
2183,4
2184,8
2185,10
2186,4
2187,0
2188,6
2189,6
2190,10
2191,6
2192,9
2193,5
2194,0
2195,0
2196,10
2197,2
2198,5
2199,2
2200,0
2201,4
2202,6
2203,9
2204,0
2205,5
2206,9
2207,0
2208,4
2209,5
2210,4
2211,4
2212,4
2213,10
2214,6
2215,5
2216,5
2217,7
2218,1
2219,0
2220,3
2221,10
2222,4
2223,0
2224,6
2225,7
2226,4
2227,6
2228,5
2229,4
2230,6
2231,4
2232,6
2233,5
2234,9
2235,8
2236,6
2237,5
2238,6
2239,10
2240,2
2241,1
2242,3
2243,10
2244,6
2245,5
2246,2
2247,3
2248,4
2249,2
2250,5
2251,9
2252,7
2253,9
2254,4
2255,4
2256,8
2257,4
2258,7
2259,7
2260,6
2261,4
2262,8
2263,10
2264,6
2265,4
2266,4
2267,1
2268,4
2269,8
2270,1
2271,6
2272,6
2273,10
2274,7
2275,10
2276,3
2277,4
2278,9
2279,10
2280,10
2281,3
2282,6
2283,0
2284,7
2285,6
2286,9
2287,8
2288,5
2289,6
2290,8
2291,4
2292,0
2293,5
2294,6
2295,7
2296,4
2297,5
2298,7
2299,0
2300,4
2301,0
2302,5
2303,5
2304,10
2305,1
2306,7
2307,1
2308,2
2309,10
2310,4
2311,9
2312,6
2313,0
2314,1
2315,3
2316,7
2317,10
2318,6
2319,3
2320,7
2321,4
2322,5
2323,10
2324,4
2325,6
2326,6
2327,4
2328,10
2329,4
2330,10
2331,4
2332,4
2333,6
2334,4
2335,5
2336,4
2337,10
2338,9
2339,10
2340,10
2341,6
2342,5
2343,7
2344,5
2345,4
2346,10
2347,6
2348,6
2349,6
2350,4
2351,7
2352,4
2353,4
2354,7
2355,5
2356,5
2357,4
2358,5
2359,5
2360,4
2361,0
2362,4
2363,4
2364,0
2365,7
2366,6
2367,8
2368,0
2369,7
2370,1
2371,6
2372,7
2373,10
2374,6
2375,2
2376,10
2377,6
2378,10
2379,3
2380,6
2381,0
2382,7
2383,7
2384,4
2385,0
2386,0
2387,5
2388,6
2389,7
2390,7
2391,7
2392,0
2393,2
2394,5
2395,5
2396,4
2397,9
2398,6
2399,1
2400,5
2401,6
2402,7
2403,0
2404,3
2405,6
2406,9
2407,6
2408,7
2409,4
2410,6
2411,3
2412,0
2413,2
2414,1
2415,9
2416,5
2417,6
2418,9
2419,4
2420,5
2421,9
2422,2
2423,6
2424,4
2425,5
2426,5
2427,8
2428,5
2429,0
2430,1
2431,5
2432,10
2433,8
2434,10
2435,3
2436,4
2437,6
2438,9
2439,10
2440,4
2441,3
2442,7
2443,1
2444,7
2445,8
2446,5
2447,6
2448,9
2449,5
2450,9
2451,3
2452,5
2453,7
2454,9
2455,6
2456,10
2457,1
2458,4
2459,8
2460,7
2461,1
2462,5
2463,5
2464,6
2465,10
2466,3
2467,7
2468,4
2469,8
2470,2
2471,8
2472,8
2473,4
2474,6
2475,5
2476,5
2477,1
2478,6
2479,0
2480,6
2481,10
2482,6
2483,10
2484,8
2485,6
2486,5
2487,5
2488,6
2489,7
2490,9
2491,10
2492,0
2493,10
2494,3
2495,4
2496,6
2497,4
2498,10
2499,4
2500,4
2501,5
2502,5
2503,10
2504,0
2505,4
2506,4
2507,9
2508,4
2509,8
2510,1
2511,6
2512,10
2513,7
2514,6
2515,0
2516,10
2517,3
2518,6
2519,6
2520,7
2521,4
2522,5
2523,5
2524,10
2525,6
2526,3
2527,6
2528,1
2529,8
2530,0
2531,10
2532,6
2533,5
2534,6
2535,2
2536,4
2537,4
2538,6
2539,5
2540,8
2541,5
2542,10
2543,3
2544,0
2545,6
2546,10
2547,8
2548,2
2549,5
2550,4
2551,6
2552,5
2553,5
2554,0
2555,0
2556,3
2557,10
2558,4
2559,0
2560,1
2561,8
2562,7
2563,4
2564,5
2565,6
2566,6
2567,10
2568,8
2569,2
2570,1
2571,7
2572,0
2573,10
2574,0
2575,1
2576,1
2577,0
2578,3
2579,6
2580,6
2581,7
2582,6
2583,6
2584,3
2585,5
2586,10
2587,5
2588,7
2589,3
2590,1
2591,8
2592,9
2593,4
2594,1
2595,8
2596,7
2597,6
2598,7
2599,3
2600,5
2601,8
2602,1
2603,0
2604,5
2605,10
2606,2
2607,6
2608,7
2609,2
2610,1
2611,6
2612,6
2613,9
2614,5
2615,10
2616,6
2617,7
2618,1
2619,10
2620,6
2621,7
2622,9
2623,6
2624,10
2625,10
2626,9
2627,8
2628,0
2629,10
2630,8
2631,1
2632,10
2633,5
2634,5
2635,8
2636,6
2637,10
2638,7
2639,4
2640,5
2641,7
2642,7
2643,6
2644,1
2645,8
2646,7
2647,0
2648,8
2649,8
2650,6
2651,4
2652,7
2653,5
2654,10
2655,6
2656,6
2657,5
2658,4
2659,2
2660,4
2661,4
2662,6
2663,8
2664,6
2665,6
2666,9
2667,10
2668,4
2669,6
2670,10
2671,10
2672,10
2673,8
2674,2
2675,7
2676,7
2677,1
2678,5
2679,3
2680,0
2681,2
2682,10
2683,4
2684,0
2685,10
2686,6
2687,4
2688,6
2689,3
2690,6
2691,5
2692,4
2693,1
2694,6
2695,9
2696,2
2697,2
2698,5
2699,9
2700,8
2701,5
2702,6
2703,4
2704,6
2705,5
2706,6
2707,5
2708,6
2709,3
2710,6
2711,1
2712,5
2713,10
2714,6
2715,0
2716,0
2717,4
2718,4
2719,4
2720,4
2721,9
2722,8
2723,4
2724,4
2725,9
2726,5
2727,8
2728,6
2729,2
2730,9
2731,9
2732,0
2733,2
2734,7
2735,5
2736,1
2737,8
2738,2
2739,0
2740,10
2741,7
2742,3
2743,4
2744,4
2745,9
2746,0
2747,6
2748,6
2749,9
2750,9
2751,7
2752,4
2753,8
2754,10
2755,8
2756,4
2757,6
2758,4
2759,10
2760,6
2761,10
2762,8
2763,8
2764,6
2765,0
2766,7
2767,6
2768,4
2769,7
2770,9
2771,10
2772,5
2773,6
2774,5
2775,6
2776,2
2777,1
2778,10
2779,4
2780,6
2781,5
2782,7
2783,5
2784,7
2785,5
2786,10
2787,9
2788,5
2789,8
2790,2
2791,6
2792,4
2793,0
2794,4
2795,7
2796,9
2797,4
2798,8
2799,0
2800,6
2801,5
2802,7
2803,4
2804,1
2805,7
2806,6
2807,10
2808,10
2809,4
2810,0
2811,5
2812,4
2813,6
2814,6
2815,5
2816,1
2817,10
2818,0
2819,4
2820,4
2821,6
2822,5
2823,6
2824,6
2825,10
2826,9
2827,0
2828,8
2829,4
2830,5
2831,4
2832,4
2833,10
2834,5
2835,9
2836,5
2837,6
2838,10
2839,5
2840,7
2841,10
2842,7
2843,4
2844,10
2845,10
2846,5
2847,1
2848,5
2849,7
2850,0
2851,3
2852,0
2853,5
2854,7
2855,10
2856,4
2857,10
2858,4
2859,5
2860,4
2861,5
2862,8
2863,8
2864,4
2865,8
2866,0
2867,3
2868,4
2869,6
2870,6
2871,10
2872,9
2873,7
2874,6
2875,5
2876,10
2877,3
2878,5
2879,10
2880,6
2881,10
2882,7
2883,4
2884,6
2885,1
2886,7
2887,0
2888,4
2889,4
2890,6
2891,1
2892,6
2893,6
2894,5
2895,1
2896,4
2897,5
2898,10
2899,5
2900,6
2901,4
2902,4
2903,8
2904,7
2905,6
2906,6
2907,7
2908,10
2909,0
2910,10
2911,5
2912,0
2913,4
2914,6
2915,8
2916,7
2917,0
2918,6
2919,1
2920,0
2921,5
2922,4
2923,8
2924,6
2925,1
2926,6
2927,1
2928,7
2929,10
2930,6
2931,3
2932,10
2933,5
2934,4
2935,8
2936,9
2937,1
2938,7
2939,2
2940,6
2941,1
2942,10
2943,0
2944,4
2945,10
2946,10
2947,6
2948,4
2949,4
2950,0
2951,6
2952,2
2953,6
2954,6
2955,3
2956,8
2957,7
2958,9
2959,7
2960,8
2961,4
2962,3
2963,6
2964,10
2965,6
2966,7
2967,10
2968,8
2969,3
2970,4
2971,7
2972,8
2973,8
2974,1
2975,7
2976,8
2977,4
2978,7
2979,4
2980,6
2981,1
2982,8
2983,2
2984,4
2985,2
2986,7
2987,6
2988,2
2989,10
2990,0
2991,7
2992,1
2993,8
2994,3
2995,5
2996,0
2997,6
2998,3
2999,4
3000,10
3001,9
3002,4
3003,5
3004,8
3005,0
3006,8
3007,6
3008,6
3009,6
3010,8
3011,2
3012,5
3013,5
3014,5
3015,0
3016,6
3017,2
3018,3
3019,9
3020,2
3021,4
3022,0
3023,0
3024,8
3025,10
3026,9
3027,10
3028,7
3029,6
3030,6
3031,5
3032,1
3033,5
3034,7
3035,4
3036,4
3037,8
3038,8
3039,8
3040,10
3041,8
3042,6
3043,9
3044,10
3045,10
3046,8
3047,10
3048,0
3049,1
3050,6
3051,4
3052,4
3053,6
3054,6
3055,8
3056,3
3057,5
3058,8
3059,8
3060,7
3061,8
3062,5
3063,8
3064,10
3065,4
3066,8
3067,8
3068,5
3069,0
3070,2
3071,10
3072,10
3073,2
3074,7
3075,0
3076,6
3077,5
3078,5
3079,1
3080,10
3081,6
3082,6
3083,10
3084,7
3085,7
3086,0
3087,6
3088,7
3089,7
3090,4
3091,5
3092,3
3093,6
3094,0
3095,9
3096,8
3097,6
3098,5
3099,5
3100,0
3101,4
3102,5
3103,10
3104,8
3105,6
3106,5
3107,0
3108,8
3109,4
3110,2
3111,9
3112,7
3113,9
3114,6
3115,10
3116,8
3117,5
3118,4
3119,1
3120,6
3121,6
3122,2
3123,10
3124,4
3125,6
3126,6
3127,6
3128,5
3129,5
3130,6
3131,5
3132,10
3133,5
3134,10
3135,7
3136,10
3137,10
3138,7
3139,4
3140,4
3141,8
3142,9
3143,4
3144,1
3145,10
3146,10
3147,6
3148,5
3149,6
3150,4
3151,9
3152,7
3153,10
3154,10
3155,9
3156,10
3157,8
3158,6
3159,10
3160,10
3161,4
3162,0
3163,10
3164,6
3165,8
3166,6
3167,6
3168,10
3169,9
3170,4
3171,4
3172,5
3173,9
3174,5
3175,8
3176,0
3177,3
3178,1
3179,10
3180,8
3181,0
3182,0
3183,4
3184,10
3185,5
3186,6
3187,5
3188,0
3189,8
3190,10
3191,4
3192,10
3193,8
3194,6
3195,4
3196,5
3197,7
3198,5
3199,3
3200,5
3201,8
3202,8
3203,8
3204,4
3205,8
3206,0
3207,6
3208,4
3209,1
3210,7
3211,7
3212,2
3213,4
3214,5
3215,6
3216,5
3217,8
3218,6
3219,4
3220,5
3221,7
3222,0
3223,5
3224,3
3225,8
3226,4
3227,7
3228,4
3229,0
3230,6
3231,3
3232,0
3233,1
3234,8
3235,0
3236,4
3237,5
3238,8
3239,10
3240,5
3241,6
3242,8
3243,10
3244,6
3245,1
3246,5
3247,1
3248,7
3249,0
3250,6
3251,10
3252,5
3253,4
3254,5
3255,5
3256,8
3257,10
3258,6
3259,5
3260,5
3261,6
3262,6
3263,0
3264,5
3265,6
3266,1
3267,6
3268,10
3269,5
3270,2
3271,4
3272,6
3273,6
3274,6
3275,5
3276,0
3277,4
3278,5
3279,3
3280,4
3281,2
3282,7
3283,5
3284,0
3285,4
3286,10
3287,7
3288,6
3289,2
3290,6
3291,10
3292,8
3293,8
3294,7
3295,4
3296,1
3297,5
3298,8
3299,10
3300,8
3301,6
3302,0
3303,4
3304,10
3305,6
3306,9
3307,9
3308,10
3309,5
3310,4
3311,6
3312,3
3313,9
3314,8
3315,5
3316,6
3317,8
3318,10
3319,4
3320,2
3321,10
3322,7
3323,4
3324,1
3325,8
3326,5
3327,3
3328,9
3329,10
3330,6
3331,5
3332,1
3333,9
3334,10
3335,0
3336,1
3337,3
3338,5
3339,2
3340,7
3341,10
3342,7
3343,5
3344,2
3345,0
3346,6
3347,5
3348,7
3349,8
3350,9
3351,7
3352,0
3353,7
3354,2
3355,6
3356,8
3357,10
3358,10
3359,8
3360,6
3361,5
3362,5
3363,10
3364,9
3365,10
3366,3
3367,10
3368,6
3369,8
3370,4
3371,10
3372,6
3373,6
3374,6
3375,4
3376,5
3377,6
3378,4
3379,10
3380,6
3381,3
3382,4
3383,5
3384,9
3385,0
3386,10
3387,4
3388,6
3389,6
3390,6
3391,1
3392,5
3393,8
3394,0
3395,10
3396,7
3397,4
3398,4
3399,9
3400,5
3401,0
3402,6
3403,6
3404,5
3405,5
3406,6
3407,10
3408,5
3409,6
3410,1
3411,0
3412,9
3413,2
3414,3
3415,7
3416,2
3417,9
3418,0
3419,10
3420,0
3421,2
3422,7
3423,10
3424,9
3425,2
3426,10
3427,7
3428,2
3429,10
3430,8
3431,4
3432,6
3433,10
3434,8
3435,8
3436,3
3437,4
3438,5
3439,8
3440,9
3441,4
3442,1
3443,3
3444,6
3445,0
3446,10
3447,0
3448,9
3449,0
3450,5
3451,9
3452,7
3453,4
3454,7
3455,3
3456,8
3457,5
3458,0
3459,7
3460,2
3461,7
3462,10
3463,9
3464,6
3465,8
3466,6
3467,9
3468,6
3469,2
3470,10
3471,6
3472,8
3473,10
3474,8
3475,5
3476,10
3477,0
3478,10
3479,7
3480,10
3481,8
3482,6
3483,6
3484,7
3485,5
3486,7
3487,1
3488,0
3489,8
3490,9
3491,2
3492,6
3493,5
3494,1
3495,5
3496,9
3497,0
3498,0
3499,5
3500,6
3501,8
3502,8
3503,0
3504,10
3505,9
3506,6
3507,5
3508,5
3509,0
3510,6
3511,6
3512,5
3513,4
3514,5
3515,5
3516,6
3517,8
3518,6
3519,6
3520,6
3521,6
3522,8
3523,8
3524,10
3525,9
3526,1
3527,6
3528,8
3529,1
3530,0
3531,8
3532,9
3533,6
3534,5
3535,8
3536,4
3537,10
3538,8
3539,9
3540,10
3541,1
3542,4
3543,0
3544,7
3545,2
3546,2
3547,0
3548,5
3549,10
3550,5
3551,7
3552,5
3553,8
3554,3
3555,5
3556,8
3557,6
3558,6
3559,6
3560,10
3561,6
3562,4
3563,0
3564,6
3565,10
3566,6
3567,8
3568,10
3569,6
3570,6
3571,5
3572,8
3573,6
3574,5
3575,8
3576,6
3577,3
3578,0
3579,4
3580,3
3581,3
3582,2
3583,5
3584,4
3585,2
3586,7
3587,1
3588,6
3589,0
3590,7
3591,4
3592,7
3593,7
3594,6
3595,10
3596,7
3597,2
3598,7
3599,10
3600,10
3601,7
3602,6
3603,0
3604,6
3605,4
3606,7
3607,5
3608,7
3609,0
3610,0
3611,9
3612,6
3613,10
3614,5
3615,10
3616,10
3617,4
3618,8
3619,10
3620,3
3621,0
3622,0
3623,2
3624,5
3625,7
3626,8
3627,6
3628,2
3629,3
3630,5
3631,4
3632,10
3633,8
3634,10
3635,5
3636,4
3637,10
3638,4
3639,1
3640,7
3641,7
3642,4
3643,6
3644,9
3645,5
3646,2
3647,10
3648,9
3649,6
3650,8
3651,9
3652,4
3653,2
3654,4
3655,5
3656,10
3657,6
3658,10
3659,7
3660,8
3661,2
3662,10
3663,4
3664,8
3665,6
3666,3
3667,7
3668,4
3669,1
3670,8
3671,6
3672,7
3673,8
3674,6
3675,7
3676,8
3677,0
3678,5
3679,6
3680,8
3681,3
3682,0
3683,4
3684,6
3685,8
3686,1
3687,7
3688,6
3689,9
3690,0
3691,5
3692,6
3693,6
3694,10
3695,1
3696,3
3697,8
3698,6
3699,4
3700,4
3701,8
3702,8
3703,8
3704,2
3705,8
3706,5
3707,5
3708,10
3709,6
3710,10
3711,7
3712,0
3713,7
3714,1
3715,6
3716,0
3717,0
3718,8
3719,6
3720,6
3721,10
3722,7
3723,0
3724,3
3725,5
3726,2
3727,5
3728,0
3729,6
3730,3
3731,4
3732,4
3733,5
3734,6
3735,2
3736,5
3737,2
3738,1
3739,6
3740,5
3741,10
3742,9
3743,8
3744,8
3745,4
3746,10
3747,4
3748,7
3749,3
3750,8
3751,5
3752,8
3753,8
3754,4
3755,10
3756,4
3757,3
3758,6
3759,5
3760,0
3761,5
3762,4
3763,5
3764,8
3765,4
3766,1
3767,8
3768,0
3769,7
3770,0
3771,10
3772,5
3773,8
3774,0
3775,8
3776,5
3777,10
3778,6
3779,1
3780,4
3781,3
3782,4
3783,2
3784,3
3785,4
3786,7
3787,10
3788,6
3789,4
3790,4
3791,2
3792,7
3793,0
3794,10
3795,7
3796,2
3797,10
3798,0
3799,10
3800,8
3801,0
3802,8
3803,7
3804,5
3805,2
3806,6
3807,9
3808,7
3809,2
3810,4
3811,8
3812,4
3813,0
3814,7
3815,0
3816,4
3817,3
3818,6
3819,8
3820,8
3821,8
3822,4
3823,8
3824,5
3825,10
3826,7
3827,8
3828,7
3829,0
3830,0
3831,8
3832,6
3833,5
3834,6
3835,8
3836,6
3837,4
3838,7
3839,6
3840,1
3841,4
3842,9
3843,2
3844,10
3845,8
3846,10
3847,6
3848,4
3849,1
3850,4
3851,8
3852,1
3853,3
3854,9
3855,10
3856,6
3857,4
3858,1
3859,4
3860,2
3861,6
3862,6
3863,7
3864,3
3865,5
3866,9
3867,5
3868,8
3869,0
3870,5
3871,4
3872,7
3873,9
3874,4
3875,3
3876,0
3877,8
3878,10
3879,1
3880,0
3881,5
3882,9
3883,0
3884,0
3885,10
3886,4
3887,2
3888,5
3889,4
3890,2
3891,1
3892,0
3893,2
3894,4
3895,10
3896,2
3897,7
3898,5
3899,8
3900,0
3901,5
3902,8
3903,5
3904,8
3905,6
3906,9
3907,6
3908,5
3909,3
3910,0
3911,3
3912,4
3913,8
3914,2
3915,5
3916,1
3917,8
3918,2
3919,8
3920,1
3921,5
3922,5
3923,4
3924,5
3925,6
3926,6
3927,7
3928,1
3929,10
3930,4
3931,9
3932,6
3933,6
3934,10
3935,8
3936,8
3937,8
3938,4
3939,7
3940,6
3941,5
3942,2
3943,2
3944,6
3945,0
3946,8
3947,9
3948,4
3949,9
3950,5
3951,7
3952,10
3953,7
3954,4
3955,10
3956,8
3957,4
3958,4
3959,7
3960,10
3961,6
3962,3
3963,5
3964,6
3965,5
3966,4
3967,4
3968,6
3969,1
3970,4
3971,1
3972,10
3973,9
3974,8
3975,5
3976,6
3977,8
3978,6
3979,8
3980,7
3981,1
3982,5
3983,5
3984,5
3985,4
3986,7
3987,4
3988,8
3989,3
3990,6
3991,10
3992,7
3993,1
3994,6
3995,6
3996,9
3997,0
3998,1
3999,6
4000,3
4001,6
4002,8
4003,6
4004,4
4005,8
4006,3
4007,4
4008,0
4009,6
4010,8
4011,6
4012,4
4013,6
4014,0
4015,6
4016,10
4017,9
4018,8
4019,5
4020,2
4021,5
4022,6
4023,6
4024,5
4025,2
4026,5
4027,0
4028,6
4029,4
4030,10
4031,5
4032,9
4033,5
4034,9
4035,8
4036,0
4037,9
4038,10
4039,7
4040,4
4041,6
4042,10
4043,0
4044,7
4045,9
4046,7
4047,6
4048,7
4049,6
4050,1
4051,8
4052,0
4053,6
4054,9
4055,4
4056,9
4057,6
4058,9
4059,8
4060,10
4061,0
4062,1
4063,5
4064,10
4065,8
4066,8
4067,5
4068,10
4069,5
4070,3
4071,0
4072,8
4073,4
4074,4
4075,9
4076,5
4077,1
4078,5
4079,9
4080,4
4081,4
4082,5
4083,7
4084,10
4085,5
4086,6
4087,0
4088,9
4089,7
4090,10
4091,4
4092,4
4093,6
4094,5
4095,5
4096,8
4097,7
4098,6
4099,10
4100,4
4101,4
4102,9
4103,5
4104,8
4105,4
4106,10
4107,6
4108,7
4109,5
4110,6
4111,8
4112,4
4113,0
4114,4
4115,4
4116,5
4117,0
4118,10
4119,7
4120,9
4121,5
4122,9
4123,9
4124,5
4125,10
4126,10
4127,8
4128,10
4129,10
4130,10
4131,10
4132,6
4133,8
4134,6
4135,6
4136,7
4137,4
4138,0
4139,7
4140,10
4141,0
4142,5
4143,7
4144,1
4145,9
4146,4
4147,8
4148,2
4149,3
4150,6
4151,8
4152,5
4153,7
4154,5
4155,8
4156,7
4157,7
4158,4
4159,6
4160,9
4161,4
4162,10
4163,5
4164,9
4165,5
4166,6
4167,6
4168,8
4169,0
4170,8
4171,7
4172,7
4173,6
4174,4
4175,5
4176,4
4177,1
4178,10
4179,7
4180,6
4181,3
4182,5
4183,0
4184,8
4185,8
4186,4
4187,5
4188,5
4189,2
4190,4
4191,10
4192,2
4193,6
4194,0
4195,3
4196,10
4197,4
4198,8
4199,5
4200,10
4201,7
4202,4
4203,7
4204,5
4205,10
4206,6
4207,7
4208,0
4209,0
4210,9
4211,5
4212,5
4213,6
4214,4
4215,2
4216,0
4217,6
4218,0
4219,6
4220,0
4221,5
4222,6
4223,3
4224,1
4225,3
4226,4
4227,10
4228,10
4229,6
4230,7
4231,7
4232,10
4233,10
4234,10
4235,4
4236,5
4237,7
4238,5
4239,4
4240,1
4241,3
4242,6
4243,5
4244,1
4245,5
4246,2
4247,4
4248,7
4249,5
4250,4
4251,0
4252,10
4253,10
4254,0
4255,8
4256,3
4257,6
4258,8
4259,3
4260,8
4261,6
4262,5
4263,8
4264,9
4265,4
4266,8
4267,4
4268,6
4269,10
4270,6
4271,6
4272,8
4273,6
4274,3
4275,8
4276,0
4277,8
4278,10
4279,1
4280,1
4281,8
4282,4
4283,3
4284,8
4285,0
4286,0
4287,8
4288,0
4289,5
4290,7
4291,4
4292,5
4293,9
4294,4
4295,9
4296,10
4297,6
4298,3
4299,0
4300,4
4301,0
4302,4
4303,10
4304,4
4305,5
4306,7
4307,6
4308,6
4309,4
4310,4
4311,4
4312,10
4313,6
4314,10
4315,3
4316,6
4317,5
4318,10
4319,6
4320,0
4321,8
4322,1
4323,7
4324,4
4325,6
4326,4
4327,6
4328,2
4329,9
4330,5
4331,5
4332,6
4333,6
4334,5
4335,0
4336,5
4337,9
4338,2
4339,10
4340,0
4341,4
4342,10
4343,8
4344,10
4345,4
4346,7
4347,8
4348,6
4349,6
4350,0
4351,0
4352,6
4353,2
4354,1
4355,4
4356,5
4357,4
4358,10
4359,6
4360,6
4361,6
4362,0
4363,9
4364,4
4365,10
4366,3
4367,7
4368,0
4369,6
4370,10
4371,5
4372,6
4373,4
4374,8
4375,6
4376,6
4377,10
4378,5
4379,6
4380,0
4381,10
4382,5
4383,7
4384,4
4385,7
4386,6
4387,8
4388,10
4389,10
4390,9
4391,6
4392,0
4393,5
4394,8
4395,4
4396,6
4397,5
4398,2
4399,0
4400,4
4401,10
4402,8
4403,8
4404,4
4405,6
4406,9
4407,5
4408,8
4409,6
4410,6
4411,7
4412,6
4413,0
4414,4
4415,6
4416,4
4417,4
4418,4
4419,6
4420,10
4421,8
4422,8
4423,6
4424,5
4425,8
4426,1
4427,7
4428,4
4429,10
4430,4
4431,8
4432,10
4433,10
4434,1
4435,8
4436,5
4437,8
4438,6
4439,10
4440,10
4441,7
4442,6
4443,7
4444,2
4445,2
4446,8
4447,1
4448,8
4449,7
4450,6
4451,4
4452,2
4453,7
4454,7
4455,7
4456,10
4457,8
4458,7
4459,9
4460,5
4461,5
4462,8
4463,7
4464,6
4465,6
4466,5
4467,4
4468,6
4469,8
4470,6
4471,0
4472,5
4473,0
4474,5
4475,7
4476,6
4477,5
4478,6
4479,9
4480,0
4481,6
4482,5
4483,0
4484,10
4485,6
4486,4
4487,3
4488,0
4489,4
4490,6
4491,0
4492,6
4493,10
4494,7
4495,4
4496,6
4497,8
4498,5
4499,9
4500,6
4501,6
4502,2
4503,6
4504,0
4505,7
4506,9
4507,5
4508,4
4509,5
4510,6
4511,8
4512,7
4513,8
4514,8
4515,2
4516,6
4517,4
4518,4
4519,2
4520,8
4521,8
4522,5
4523,10
4524,10
4525,0
4526,1
4527,9
4528,8
4529,6
4530,10
4531,8
4532,0
4533,0
4534,1
4535,4
4536,4
4537,4
4538,10
4539,2
4540,6
4541,5
4542,6
4543,6
4544,8
4545,6
4546,10
4547,7
4548,6
4549,7
4550,2
4551,7
4552,4
4553,7
4554,6
4555,3
4556,1
4557,5
4558,6
4559,1
4560,5
4561,0
4562,5
4563,5
4564,6
4565,7
4566,5
4567,10
4568,8
4569,3
4570,6
4571,10
4572,10
4573,6
4574,4
4575,7
4576,4
4577,1
4578,3
4579,7
4580,10
4581,10
4582,8
4583,3
4584,7
4585,4
4586,4
4587,5
4588,6
4589,4
4590,8
4591,9
4592,7
4593,3
4594,0
4595,6
4596,2
4597,9
4598,3
4599,5
4600,9
4601,2
4602,0
4603,6
4604,6
4605,1
4606,8
4607,8
4608,4
4609,1
4610,0
4611,4
4612,4
4613,8
4614,5
4615,4
4616,0
4617,6
4618,0
4619,3
4620,10
4621,7
4622,1
4623,3
4624,3
4625,5
4626,5
4627,7
4628,10
4629,10
4630,6
4631,2
4632,4
4633,10
4634,7
4635,5
4636,7
4637,1
4638,7
4639,9
4640,6
4641,6
4642,6
4643,5
4644,7
4645,7
4646,6
4647,5
4648,6
4649,5
4650,8
4651,10
4652,4
4653,0
4654,9
4655,5
4656,9
4657,10
4658,4
4659,4
4660,0
4661,10
4662,8
4663,7
4664,6
4665,8
4666,0
4667,5
4668,10
4669,4
4670,4
4671,4
4672,10
4673,6
4674,5
4675,0
4676,1
4677,6
4678,6
4679,8
4680,0
4681,2
4682,4
4683,7
4684,4
4685,10
4686,10
4687,7
4688,7
4689,0
4690,6
4691,8
4692,4
4693,10
4694,3
4695,0
4696,4
4697,6
4698,7
4699,8
4700,0
4701,5
4702,8
4703,4
4704,7
4705,5
4706,6
4707,1
4708,2
4709,5
4710,5
4711,3
4712,4
4713,3
4714,0
4715,7
4716,6
4717,7
4718,6
4719,6
4720,1
4721,4
4722,6
4723,6
4724,7
4725,6
4726,8
4727,5
4728,4
4729,6
4730,10
4731,0
4732,5
4733,5
4734,6
4735,1
4736,4
4737,8
4738,10
4739,10
4740,9
4741,10
4742,10
4743,7
4744,9
4745,8
4746,5
4747,7
4748,0
4749,4
4750,6
4751,4
4752,5
4753,8
4754,5
4755,10
4756,3
4757,0
4758,8
4759,10
4760,7
4761,3
4762,4
4763,8
4764,8
4765,8
4766,5
4767,6
4768,1
4769,7
4770,5
4771,6
4772,1
4773,5
4774,8
4775,5
4776,6
4777,1
4778,10
4779,3
4780,8
4781,10
4782,4
4783,6
4784,10
4785,5
4786,5
4787,7
4788,5
4789,0
4790,4
4791,0
4792,4
4793,6
4794,6
4795,0
4796,10
4797,5
4798,8
4799,7
4800,3
4801,5
4802,4
4803,4
4804,4
4805,10
4806,9
4807,5
4808,0
4809,4
4810,3
4811,5
4812,6
4813,8
4814,2
4815,10
4816,10
4817,6
4818,0
4819,8
4820,10
4821,7
4822,5
4823,2
4824,8
4825,0
4826,2
4827,0
4828,6
4829,4
4830,0
4831,5
4832,6
4833,8
4834,4
4835,5
4836,0
4837,0
4838,5
4839,9
4840,7
4841,6
4842,8
4843,5
4844,5
4845,4
4846,2
4847,6
4848,6
4849,10
4850,7
4851,2
4852,8
4853,4
4854,3
4855,7
4856,4
4857,9
4858,4
4859,6
4860,4
4861,1
4862,5
4863,10
4864,6
4865,5
4866,9
4867,8
4868,6
4869,0
4870,9
4871,4
4872,5
4873,6
4874,6
4875,8
4876,8
4877,5
4878,2
4879,1
4880,0
4881,5
4882,1
4883,4
4884,0
4885,7
4886,8
4887,6
4888,4
4889,7
4890,8
4891,9
4892,10
4893,0
4894,4
4895,5
4896,4
4897,3
4898,7
4899,4
4900,7
4901,10
4902,5
4903,5
4904,10
4905,2
4906,10
4907,4
4908,2
4909,2
4910,5
4911,4
4912,0
4913,3
4914,4
4915,8
4916,10
4917,10
4918,5
4919,0
4920,8
4921,8
4922,8
4923,4
4924,2
4925,2
4926,1
4927,1
4928,7
4929,10
4930,0
4931,8
4932,7
4933,6
4934,5
4935,0
4936,0
4937,5
4938,5
4939,6
4940,6
4941,5
4942,6
4943,4
4944,6
4945,1
4946,5
4947,3
4948,6
4949,10
4950,8
4951,8
4952,10
4953,2
4954,0
4955,4
4956,4
4957,1
4958,8
4959,4
4960,7
4961,6
4962,6
4963,10
4964,5
4965,4
4966,6
4967,2
4968,6
4969,9
4970,6
4971,8
4972,8
4973,10
4974,6
4975,0
4976,6
4977,4
4978,6
4979,3
4980,0
4981,6
4982,6
4983,6
4984,7
4985,2
4986,3
4987,0
4988,5
4989,7
4990,10
4991,7
4992,5
4993,5
4994,6
4995,9
4996,6
4997,9
4998,1
4999,10
5000,5
5001,6
5002,9
5003,0
5004,8
5005,8
5006,4
5007,0
5008,10
5009,10
5010,7
5011,0
5012,9
5013,10
5014,5
5015,1
5016,6
5017,0
5018,8
5019,7
5020,7
5021,2
5022,6
5023,5
5024,8
5025,5
5026,5
5027,6
5028,4
5029,1
5030,6
5031,8
5032,0
5033,4
5034,10
5035,8
5036,2
5037,5
5038,7
5039,5
5040,6
5041,2
5042,5
5043,1
5044,10
5045,4
5046,7
5047,1
5048,4
5049,8
5050,6
5051,2
5052,6
5053,4
5054,8
5055,0
5056,5
5057,3
5058,8
5059,4
5060,8
5061,8
5062,8
5063,5
5064,6
5065,6
5066,5
5067,8
5068,4
5069,6
5070,3
5071,5
5072,1
5073,7
5074,8
5075,7
5076,0
5077,6
5078,8
5079,3
5080,8
5081,3
5082,8
5083,1
5084,8
5085,4
5086,5
5087,0
5088,7
5089,4
5090,5
5091,10
5092,0
5093,10
5094,8
5095,0
5096,9
5097,10
5098,10
5099,7
5100,8
5101,5
5102,0
5103,4
5104,9
5105,4
5106,8
5107,4
5108,7
5109,7
5110,2
5111,6
5112,8
5113,0
5114,10
5115,9
5116,0
5117,10
5118,4
5119,2
5120,10
5121,0
5122,0
5123,4
5124,4
5125,10
5126,2
5127,6
5128,6
5129,5
5130,0
5131,4
5132,10
5133,5
5134,5
5135,0
5136,8
5137,7
5138,4
5139,4
5140,4
5141,2
5142,6
5143,1
5144,6
5145,1
5146,10
5147,6
5148,5
5149,5
5150,1
5151,7
5152,6
5153,4
5154,3
5155,2
5156,10
5157,10
5158,5
5159,0
5160,8
5161,10
5162,4
5163,1
5164,0
5165,3
5166,0
5167,5
5168,5
5169,0
5170,7
5171,10
5172,6
5173,2
5174,3
5175,6
5176,5
5177,7
5178,5
5179,8
5180,6
5181,3
5182,4
5183,1
5184,6
5185,5
5186,9
5187,7
5188,10
5189,10
5190,6
5191,10
5192,10
5193,6
5194,0
5195,5
5196,9
5197,7
5198,8
5199,10
5200,10
5201,4
5202,4
5203,5
5204,7
5205,6
5206,6
5207,3
5208,7
5209,3
5210,5
5211,6
5212,4
5213,7
5214,10
5215,2
5216,6
5217,8
5218,5
5219,6
5220,7
5221,8
5222,5
5223,5
5224,7
5225,5
5226,0
5227,4
5228,8
5229,4
5230,3
5231,1
5232,7
5233,5
5234,9
5235,4
5236,1
5237,1
5238,10
5239,4
5240,6
5241,10
5242,8
5243,10
5244,0
5245,5
5246,0
5247,4
5248,0
5249,4
5250,7
5251,6
5252,6
5253,2
5254,8
5255,3
5256,5
5257,5
5258,5
5259,7
5260,4
5261,10
5262,6
5263,3
5264,6
5265,2
5266,4
5267,7
5268,4
5269,6
5270,6
5271,5
5272,9
5273,5
5274,3
5275,4
5276,2
5277,0
5278,9
5279,8
5280,8
5281,8
5282,7
5283,8
5284,8
5285,7
5286,8
5287,8
5288,5
5289,0
5290,4
5291,6
5292,0
5293,5
5294,4
5295,0
5296,5
5297,5
5298,5
5299,10
5300,9
5301,10
5302,5
5303,4
5304,0
5305,0
5306,3
5307,0
5308,10
5309,0
5310,0
5311,10
5312,6
5313,2
5314,4
5315,4
5316,6
5317,0
5318,10
5319,7
5320,1
5321,1
5322,6
5323,9
5324,3
5325,10
5326,0
5327,6
5328,4
5329,1
5330,6
5331,9
5332,2
5333,9
5334,9
5335,6
5336,7
5337,6
5338,7
5339,10
5340,1
5341,8
5342,1
5343,10
5344,8
5345,4
5346,6
5347,5
5348,1
5349,0
5350,4
5351,1
5352,8
5353,6
5354,7
5355,6
5356,10
5357,4
5358,10
5359,1
5360,0
5361,7
5362,6
5363,8
5364,9
5365,5
5366,4
5367,9
5368,5
5369,4
5370,10
5371,0
5372,10
5373,10
5374,4
5375,7
5376,8
5377,0
5378,4
5379,8
5380,3
5381,0
5382,5
5383,3
5384,8
5385,0
5386,8
5387,5
5388,8
5389,8
5390,8
5391,10
5392,4
5393,1
5394,8
5395,7
5396,10
5397,0
5398,7
5399,9
5400,6
5401,6
5402,4
5403,4
5404,4
5405,10
5406,0
5407,4
5408,10
5409,10
5410,10
5411,0
5412,5
5413,8
5414,5
5415,7
5416,2
5417,10
5418,9
5419,4
5420,5
5421,0
5422,6
5423,9
5424,7
5425,1
5426,3
5427,8
5428,9
5429,6
5430,5
5431,4
5432,7
5433,5
5434,10
5435,6
5436,5
5437,5
5438,7
5439,4
5440,9
5441,3
5442,5
5443,5
5444,0
5445,10
5446,6
5447,10
5448,10
5449,9
5450,5
5451,5
5452,5
5453,8
5454,5
5455,6
5456,5
5457,0
5458,6
5459,6
5460,5
5461,10
5462,10
5463,6
5464,3
5465,5
5466,5
5467,5
5468,0
5469,4
5470,10
5471,4
5472,6
5473,5
5474,0
5475,4
5476,1
5477,10
5478,5
5479,1
5480,5
5481,9
5482,8
5483,5
5484,10
5485,6
5486,6
5487,8
5488,4
5489,6
5490,8
5491,6
5492,5
5493,5
5494,4
5495,5
5496,3
5497,9
5498,1
5499,9
5500,5
5501,3
5502,3
5503,4
5504,6
5505,4
5506,6
5507,10
5508,2
5509,5
5510,4
5511,8
5512,1
5513,8
5514,9
5515,10
5516,8
5517,4
5518,2
5519,6
5520,9
5521,10
5522,7
5523,10
5524,6
5525,2
5526,3
5527,4
5528,0
5529,7
5530,5
5531,4
5532,6
5533,4
5534,5
5535,4
5536,0
5537,5
5538,6
5539,2
5540,5
5541,4
5542,6
5543,5
5544,4
5545,0
5546,6
5547,10
5548,5
5549,0
5550,4
5551,10
5552,6
5553,8
5554,10
5555,2
5556,8
5557,10
5558,6
5559,4
5560,4
5561,4
5562,5
5563,4
5564,9
5565,10
5566,5
5567,0
5568,9
5569,8
5570,6
5571,3
5572,6
5573,4
5574,10
5575,2
5576,4
5577,7
5578,6
5579,4
5580,6
5581,0
5582,10
5583,4
5584,8
5585,0
5586,6
5587,7
5588,5
5589,0
5590,6
5591,7
5592,0
5593,6
5594,5
5595,6
5596,7
5597,10
5598,4
5599,5
5600,4
5601,3
5602,5
5603,8
5604,10
5605,7
5606,4
5607,2
5608,8
5609,8
5610,6
5611,4
5612,0
5613,7
5614,1
5615,10
5616,5
5617,4
5618,5
5619,4
5620,9
5621,6
5622,0
5623,9
5624,6
5625,8
5626,4
5627,10
5628,7
5629,5
5630,4
5631,4
5632,6
5633,5
5634,10
5635,6
5636,5
5637,10
5638,10
5639,5
5640,4
5641,7
5642,7
5643,6
5644,5
5645,0
5646,6
5647,8
5648,1
5649,4
5650,10
5651,5
5652,5
5653,6
5654,2
5655,5
5656,10
5657,0
5658,7
5659,8
5660,4
5661,8
5662,10
5663,6
5664,1
5665,8
5666,8
5667,6
5668,10
5669,0
5670,7
5671,1
5672,8
5673,5
5674,6
5675,3
5676,6
5677,2
5678,1
5679,0
5680,9
5681,6
5682,7
5683,9
5684,7
5685,6
5686,6
5687,1
5688,0
5689,6
5690,3
5691,9
5692,10
5693,1
5694,6
5695,6
5696,0
5697,7
5698,3
5699,10
5700,4
5701,7
5702,2
5703,4
5704,1
5705,7
5706,6
5707,7
5708,6
5709,0
5710,0
5711,8
5712,6
5713,6
5714,9
5715,5
5716,7
5717,2
5718,0
5719,7
5720,10
5721,0
5722,6
5723,0
5724,8
5725,4
5726,10
5727,10
5728,9
5729,4
5730,4
5731,7
5732,6
5733,1
5734,5
5735,6
5736,6
5737,6
5738,10
5739,10
5740,5
5741,9
5742,5
5743,4
5744,10
5745,5
5746,2
5747,8
5748,0
5749,8
5750,8
5751,8
5752,4
5753,4
5754,5
5755,8
5756,8
5757,6
5758,4
5759,6
5760,4
5761,2
5762,10
5763,10
5764,6
5765,9
5766,10
5767,0
5768,5
5769,6
5770,6
5771,8
5772,3
5773,7
5774,2
5775,5
5776,0
5777,6
5778,4
5779,10
5780,4
5781,5
5782,10
5783,10
5784,0
5785,6
5786,10
5787,7
5788,3
5789,0
5790,6
5791,4
5792,5
5793,0
5794,6
5795,7
5796,10
5797,3
5798,8
5799,10
5800,6
5801,8
5802,4
5803,6
5804,0
5805,5
5806,0
5807,8
5808,2
5809,2
5810,5
5811,9
5812,10
5813,10
5814,2
5815,3
5816,3
5817,1
5818,7
5819,10
5820,3
5821,9
5822,7
5823,8
5824,10
5825,3
5826,7
5827,6
5828,4
5829,1
5830,7
5831,4
5832,8
5833,5
5834,0
5835,5
5836,5
5837,8
5838,6
5839,7
5840,9
5841,10
5842,10
5843,7
5844,7
5845,8
5846,7
5847,4
5848,7
5849,3
5850,8
5851,1
5852,6
5853,10
5854,6
5855,5
5856,2
5857,10
5858,4
5859,7
5860,8
5861,5
5862,9
5863,10
5864,6
5865,2
5866,10
5867,6
5868,5
5869,5
5870,5
5871,7
5872,10
5873,5
5874,4
5875,3
5876,7
5877,7
5878,9
5879,10
5880,4
5881,8
5882,2
5883,6
5884,9
5885,0
5886,10
5887,3
5888,5
5889,8
5890,5
5891,6
5892,5
5893,8
5894,5
5895,7
5896,1
5897,8
5898,2
5899,6
5900,5
5901,10
5902,8
5903,7
5904,6
5905,5
5906,4
5907,10
5908,5
5909,3
5910,6
5911,10
5912,8
5913,8
5914,0
5915,10
5916,6
5917,0
5918,8
5919,5
5920,4
5921,8
5922,10
5923,7
5924,0
5925,7
5926,2
5927,10
5928,5
5929,0
5930,0
5931,8
5932,7
5933,10
5934,0
5935,7
5936,6
5937,6
5938,4
5939,8
5940,5
5941,4
5942,4
5943,5
5944,5
5945,8
5946,8
5947,7
5948,3
5949,6
5950,6
5951,5
5952,8
5953,7
5954,6
5955,4
5956,7
5957,4
5958,6
5959,10
5960,5
5961,6
5962,4
5963,5
5964,10
5965,3
5966,6
5967,4
5968,5
5969,9
5970,6
5971,8
5972,10
5973,8
5974,9
5975,0
5976,0
5977,10
5978,0
5979,0
5980,9
5981,2
5982,4
5983,6
5984,7
5985,4
5986,10
5987,6
5988,5
5989,9
5990,8
5991,10
5992,5
5993,10
5994,5
5995,8
5996,5
5997,7
5998,4
5999,0
6000,0
6001,10
6002,6
6003,6
6004,10
6005,4
6006,8
6007,0
6008,6
6009,4
6010,4
6011,6
6012,3
6013,4
6014,9
6015,0
6016,0
6017,8
6018,5
6019,4
6020,7
6021,4
6022,5
6023,4
6024,3
6025,6
6026,9
6027,2
6028,1
6029,8
6030,0
6031,6
6032,8
6033,3
6034,4
6035,9
6036,7
6037,10
6038,7
6039,8
6040,6
6041,10
6042,1
6043,6
6044,9
6045,1
6046,5
6047,6
6048,4
6049,5
6050,10
6051,4
6052,6
6053,6
6054,7
6055,10
6056,5
6057,8
6058,3
6059,6
6060,3
6061,1
6062,10
6063,10
6064,10
6065,8
6066,9
6067,6
6068,4
6069,6
6070,7
6071,10
6072,10
6073,7
6074,10
6075,4
6076,4
6077,10
6078,5
6079,5
6080,5
6081,6
6082,5
6083,2
6084,10
6085,3
6086,0
6087,6
6088,6
6089,7
6090,2
6091,7
6092,0
6093,6
6094,10
6095,7
6096,6
6097,8
6098,5
6099,2
6100,2
6101,7
6102,7
6103,10
6104,6
6105,9
6106,2
6107,1
6108,4
6109,6
6110,0
6111,1
6112,7
6113,0
6114,6
6115,6
6116,3
6117,6
6118,6
6119,8
6120,6
6121,4
6122,3
6123,6
6124,6
6125,9
6126,2
6127,6
6128,5
6129,5
6130,1
6131,10
6132,10
6133,4
6134,1
6135,5
6136,10
6137,4
6138,0
6139,9
6140,10
6141,10
6142,7
6143,5
6144,3
6145,8
6146,9
6147,10
6148,8
6149,6
6150,5
6151,5
6152,9
6153,2
6154,10
6155,2
6156,5
6157,3
6158,5
6159,10
6160,8
6161,0
6162,0
6163,0
6164,6
6165,10
6166,6
6167,0
6168,6
6169,10
6170,0
6171,6
6172,7
6173,0
6174,7
6175,9
6176,4
6177,9
6178,5
6179,8
6180,7
6181,8
6182,4
6183,5
6184,5
6185,9
6186,9
6187,3
6188,10
6189,2
6190,6
6191,3
6192,6
6193,5
6194,9
6195,6
6196,6
6197,0
6198,6
6199,9
6200,8
6201,1
6202,6
6203,5
6204,1
6205,5
6206,4
6207,3
6208,6
6209,6
6210,4
6211,0
6212,6
6213,10
6214,4
6215,8
6216,9
6217,5
6218,0
6219,6
6220,5
6221,8
6222,0
6223,4
6224,1
6225,6
6226,5
6227,9
6228,6
6229,0
6230,10
6231,8
6232,8
6233,8
6234,0
6235,6
6236,10
6237,6
6238,9
6239,8
6240,6
6241,10
6242,6
6243,4
6244,7
6245,6
6246,2
6247,0
6248,3
6249,6
6250,4
6251,2
6252,1
6253,6
6254,6
6255,7
6256,8
6257,7
6258,4
6259,6
6260,0
6261,1
6262,10
6263,5
6264,5
6265,9
6266,9
6267,9
6268,10
6269,5
6270,4
6271,2
6272,7
6273,3
6274,0
6275,4
6276,4
6277,5
6278,8
6279,7
6280,10
6281,9
6282,5
6283,1
6284,4
6285,0
6286,4
6287,4
6288,0
6289,0
6290,8
6291,8
6292,10
6293,7
6294,5
6295,4
6296,10
6297,0
6298,8
6299,5
6300,7
6301,7
6302,0
6303,5
6304,4
6305,10
6306,6
6307,5
6308,0
6309,6
6310,6
6311,6
6312,10
6313,7
6314,7
6315,9
6316,4
6317,1
6318,5
6319,1
6320,4
6321,10
6322,0
6323,9
6324,2
6325,8
6326,5
6327,6
6328,5
6329,0
6330,10
6331,7
6332,0
6333,8
6334,3
6335,4
6336,7
6337,8
6338,0
6339,8
6340,2
6341,10
6342,8
6343,10
6344,8
6345,5
6346,10
6347,10
6348,6
6349,10
6350,2
6351,3
6352,4
6353,4
6354,7
6355,7
6356,2
6357,7
6358,9
6359,10
6360,4
6361,0
6362,7
6363,7
6364,2
6365,7
6366,10
6367,5
6368,7
6369,10
6370,6
6371,0
6372,1
6373,0
6374,10
6375,4
6376,6
6377,7
6378,9
6379,5
6380,4
6381,8
6382,5
6383,9
6384,1
6385,6
6386,8
6387,6
6388,6
6389,0
6390,2
6391,5
6392,10
6393,6
6394,5
6395,4
6396,4
6397,9
6398,6
6399,4
6400,8
6401,10
6402,10
6403,0
6404,0
6405,0
6406,1
6407,5
6408,0
6409,9
6410,3
6411,1
6412,5
6413,10
6414,8
6415,1
6416,1
6417,10
6418,2
6419,6
6420,8
6421,7
6422,5
6423,4
6424,5
6425,6
6426,2
6427,1
6428,8
6429,10
6430,5
6431,4
6432,10
6433,7
6434,10
6435,1
6436,0
6437,4
6438,2
6439,7
6440,0
6441,6
6442,5
6443,10
6444,3
6445,6
6446,4
6447,2
6448,6
6449,4
6450,4
6451,6
6452,6
6453,0
6454,6
6455,6
6456,4
6457,7
6458,0
6459,8
6460,5
6461,0
6462,2
6463,5
6464,7
6465,5
6466,4
6467,5
6468,4
6469,6
6470,7
6471,4
6472,6
6473,9
6474,5
6475,10
6476,4
6477,1
6478,10
6479,4
6480,7
6481,7
6482,9
6483,0
6484,10
6485,10
6486,5
6487,8
6488,5
6489,8
6490,1
6491,7
6492,8
6493,6
6494,3
6495,6
6496,6
6497,4
6498,4
6499,3
6500,7
6501,9
6502,0
6503,0
6504,1
6505,8
6506,5
6507,5
6508,0
6509,3
6510,3
6511,8
6512,6
6513,5
6514,5
6515,7
6516,7
6517,0
6518,0
6519,6
6520,6
6521,0
6522,5
6523,0
6524,3
6525,0
6526,6
6527,1
6528,4
6529,1
6530,4
6531,5
6532,4
6533,8
6534,10
6535,8
6536,5
6537,10
6538,5
6539,3
6540,5
6541,4
6542,5
6543,4
6544,4
6545,6
6546,10
6547,6
6548,6
6549,7
6550,0
6551,8
6552,4
6553,10
6554,7
6555,10
6556,2
6557,7
6558,9
6559,7
6560,4
6561,7
6562,4
6563,6
6564,0
6565,8
6566,0
6567,5
6568,0
6569,5
6570,8
6571,9
6572,5
6573,0
6574,10
6575,6
6576,6
6577,0
6578,5
6579,4
6580,8
6581,5
6582,0
6583,4
6584,9
6585,4
6586,0
6587,2
6588,6
6589,0
6590,6
6591,5
6592,6
6593,1
6594,0
6595,10
6596,8
6597,4
6598,8
6599,7
6600,0
6601,6
6602,7
6603,10
6604,6
6605,9
6606,0
6607,10
6608,6
6609,6
6610,5
6611,0
6612,9
6613,0
6614,3
6615,7
6616,10
6617,0
6618,4
6619,6
6620,7
6621,4
6622,8
6623,10
6624,6
6625,8
6626,9
6627,1
6628,1
6629,7
6630,10
6631,8
6632,0
6633,4
6634,5
6635,7
6636,7
6637,8
6638,9
6639,8
6640,6
6641,10
6642,6
6643,8
6644,4
6645,5
6646,6
6647,6
6648,4
6649,5
6650,5
6651,10
6652,9
6653,10
6654,7
6655,4
6656,4
6657,5
6658,10
6659,1
6660,6
6661,10
6662,5
6663,10
6664,5
6665,7
6666,5
6667,4
6668,4
6669,4
6670,0
6671,7
6672,7
6673,10
6674,9
6675,6
6676,6
6677,1
6678,10
6679,2
6680,10
6681,7
6682,3
6683,3
6684,10
6685,4
6686,3
6687,5
6688,7
6689,6
6690,6
6691,4
6692,0
6693,4
6694,6
6695,9
6696,8
6697,5
6698,8
6699,3
6700,7
6701,5
6702,10
6703,10
6704,4
6705,5
6706,0
6707,5
6708,10
6709,6
6710,2
6711,1
6712,0
6713,9
6714,9
6715,3
6716,6
6717,4
6718,6
6719,5
6720,5
6721,5
6722,1
6723,8
6724,8
6725,0
6726,6
6727,10
6728,1
6729,2
6730,8
6731,5
6732,5
6733,10
6734,3
6735,4
6736,6
6737,7
6738,10
6739,4
6740,6
6741,10
6742,5
6743,10
6744,10
6745,0
6746,1
6747,0
6748,0
6749,10
6750,7
6751,0
6752,10
6753,4
6754,5
6755,6
6756,8
6757,6
6758,6
6759,3
6760,10
6761,10
6762,0
6763,6
6764,7
6765,0
6766,3
6767,8
6768,6
6769,0
6770,6
6771,10
6772,4
6773,4
6774,4
6775,9
6776,5
6777,5
6778,6
6779,6
6780,7
6781,6
6782,8
6783,6
6784,8
6785,6
6786,4
6787,9
6788,8
6789,3
6790,10
6791,10
6792,5
6793,8
6794,8
6795,7
6796,4
6797,6
6798,4
6799,10
6800,4
6801,8
6802,5
6803,8
6804,10
6805,9
6806,10
6807,7
6808,7
6809,4
6810,3
6811,6
6812,7
6813,9
6814,8
6815,3
6816,5
6817,8
6818,5
6819,8
6820,6
6821,6
6822,10
6823,9
6824,0
6825,5
6826,4
6827,9
6828,5
6829,7
6830,9
6831,2
6832,8
6833,8
6834,4
6835,1
6836,7
6837,9
6838,8
6839,5
6840,8
6841,1
6842,3
6843,8
6844,4
6845,8
6846,0
6847,7
6848,1
6849,8
6850,6
6851,10
6852,6
6853,1
6854,10
6855,9
6856,1
6857,7
6858,2
6859,1
6860,4
6861,2
6862,5
6863,0
6864,8
6865,4
6866,4
6867,6
6868,4
6869,7
6870,8
6871,8
6872,1
6873,7
6874,5
6875,5
6876,10
6877,6
6878,1
6879,7
6880,0
6881,7
6882,7
6883,8
6884,7
6885,7
6886,2
6887,0
6888,0
6889,4
6890,7
6891,3
6892,4
6893,4
6894,6
6895,8
6896,1
6897,4
6898,0
6899,1
6900,10
6901,4
6902,0
6903,10
6904,8
6905,2
6906,7
6907,7
6908,9
6909,8
6910,6
6911,6
6912,6
6913,5
6914,1
6915,10
6916,4
6917,7
6918,4
6919,3
6920,5
6921,7
6922,8
6923,1
6924,6
6925,6
6926,4
6927,8
6928,10
6929,6
6930,6
6931,8
6932,4
6933,7
6934,9
6935,10
6936,6
6937,8
6938,6
6939,6
6940,10
6941,8
6942,10
6943,1
6944,10
6945,0
6946,5
6947,4
6948,10
6949,10
6950,9
6951,6
6952,6
6953,6
6954,5
6955,1
6956,0
6957,8
6958,8
6959,8
6960,8
6961,8
6962,0
6963,6
6964,5
6965,6
6966,0
6967,3
6968,9
6969,4
6970,6
6971,0
6972,4
6973,3
6974,6
6975,6
6976,5
6977,0
6978,5
6979,4
6980,7
6981,4
6982,7
6983,2
6984,10
6985,5
6986,7
6987,10
6988,5
6989,8
6990,8
6991,10
6992,4
6993,6
6994,5
6995,6
6996,6
6997,5
6998,6
6999,9
7000,7
7001,8
7002,5
7003,9
7004,4
7005,10
7006,5
7007,8
7008,5
7009,7
7010,6
7011,4
7012,10
7013,8
7014,2
7015,4
7016,5
7017,5
7018,8
7019,6
7020,1
7021,7
7022,7
7023,3
7024,8
7025,6
7026,5
7027,1
7028,0
7029,8
7030,9
7031,4
7032,5
7033,6
7034,8
7035,6
7036,10
7037,8
7038,1
7039,5
7040,0
7041,5
7042,10
7043,10
7044,1
7045,8
7046,0
7047,8
7048,6
7049,8
7050,8
7051,0
7052,10
7053,4
7054,8
7055,7
7056,4
7057,9
7058,9
7059,0
7060,5
7061,10
7062,6
7063,1
7064,7
7065,4
7066,6
7067,7
7068,6
7069,6
7070,6
7071,9
7072,2
7073,10
7074,8
7075,5
7076,5
7077,0
7078,4
7079,1
7080,4
7081,0
7082,10
7083,0
7084,0
7085,8
7086,6
7087,5
7088,8
7089,5
7090,0
7091,0
7092,7
7093,6
7094,3
7095,6
7096,10
7097,1
7098,5
7099,6
7100,6
7101,5
7102,5
7103,6
7104,8
7105,0
7106,5
7107,6
7108,3
7109,6
7110,1
7111,9
7112,5
7113,5
7114,10
7115,0
7116,0
7117,6
7118,4
7119,7
7120,3
7121,9
7122,4
7123,7
7124,6
7125,10
7126,0
7127,4
7128,7
7129,8
7130,6
7131,4
7132,10
7133,4
7134,5
7135,7
7136,2
7137,8
7138,10
7139,4
7140,9
7141,7
7142,6
7143,2
7144,6
7145,9
7146,10
7147,4
7148,5
7149,8
7150,2
7151,6
7152,8
7153,0
7154,3
7155,5
7156,6
7157,3
7158,0
7159,6
7160,7
7161,4
7162,6
7163,8
7164,10
7165,0
7166,6
7167,10
7168,1
7169,8
7170,2
7171,8
7172,0
7173,3
7174,0
7175,4
7176,10
7177,6
7178,5
7179,8
7180,7
7181,3
7182,1
7183,7
7184,4
7185,6
7186,4
7187,6
7188,4
7189,4
7190,8
7191,4
7192,8
7193,0
7194,8
7195,9
7196,7
7197,0
7198,7
7199,5
7200,7
7201,5
7202,5
7203,10
7204,6
7205,7
7206,8
7207,6
7208,4
7209,1
7210,10
7211,4
7212,0
7213,7
7214,5
7215,10
7216,4
7217,4
7218,6
7219,5
7220,4
7221,1
7222,6
7223,5
7224,5
7225,8
7226,1
7227,6
7228,8
7229,10
7230,5
7231,8
7232,9
7233,6
7234,4
7235,8
7236,1
7237,4
7238,2
7239,10
7240,6
7241,2
7242,2
7243,8
7244,4
7245,3
7246,6
7247,6
7248,7
7249,1
7250,6
7251,5
7252,7
7253,2
7254,9
7255,6
7256,5
7257,6
7258,9
7259,0
7260,5
7261,6
7262,10
7263,8
7264,8
7265,6
7266,10
7267,5
7268,5
7269,6
7270,10
7271,4
7272,9
7273,0
7274,5
7275,9
7276,10
7277,7
7278,3
7279,6
7280,0
7281,4
7282,8
7283,5
7284,8
7285,5
7286,1
7287,4
7288,0
7289,6
7290,5
7291,4
7292,0
7293,4
7294,6
7295,4
7296,2
7297,5
7298,6
7299,4
7300,8
7301,2
7302,4
7303,0
7304,4
7305,9
7306,5
7307,6
7308,6
7309,0
7310,4
7311,6
7312,6
7313,1
7314,5
7315,10
7316,8
7317,8
7318,10
7319,5
7320,4
7321,5
7322,9
7323,5
7324,7
7325,4
7326,2
7327,8
7328,10
7329,1
7330,9
7331,2
7332,0
7333,6
7334,4
7335,9
7336,5
7337,8
7338,5
7339,0
7340,6
7341,7
7342,10
7343,6
7344,5
7345,0
7346,7
7347,4
7348,0
7349,5
7350,10
7351,8
7352,9
7353,0
7354,6
7355,10
7356,0
7357,9
7358,10
7359,10
7360,10
7361,6
7362,6
7363,5
7364,7
7365,7
7366,3
7367,4
7368,2
7369,7
7370,5
7371,3
7372,5
7373,8
7374,6
7375,2
7376,5
7377,6
7378,2
7379,6
7380,10
7381,5
7382,3
7383,4
7384,6
7385,3
7386,3
7387,10
7388,0
7389,6
7390,4
7391,3
7392,9
7393,4
7394,4
7395,8
7396,4
7397,10
7398,5
7399,10
7400,5
7401,8
7402,6
7403,0
7404,5
7405,3
7406,5
7407,10
7408,8
7409,0
7410,1
7411,9
7412,4
7413,10
7414,4
7415,5
7416,3
7417,10
7418,3
7419,4
7420,4
7421,6
7422,10
7423,9
7424,5
7425,4
7426,5
7427,7
7428,6
7429,1
7430,5
7431,7
7432,4
7433,8
7434,10
7435,7
7436,1
7437,8
7438,4
7439,0
7440,8
7441,10
7442,6
7443,7
7444,7
7445,4
7446,5
7447,10
7448,6
7449,9
7450,7
7451,4
7452,4
7453,6
7454,8
7455,8
7456,5
7457,8
7458,7
7459,3
7460,7
7461,10
7462,10
7463,6
7464,6
7465,10
7466,5
7467,1
7468,0
7469,6
7470,6
7471,5
7472,5
7473,5
7474,1
7475,3
7476,5
7477,1
7478,10
7479,4
7480,8
7481,6
7482,2
7483,10
7484,8
7485,4
7486,6
7487,7
7488,6
7489,6
7490,4
7491,6
7492,3
7493,10
7494,8
7495,9
7496,6
7497,0
7498,8
7499,8
7500,10
7501,6
7502,8
7503,5
7504,4
7505,0
7506,4
7507,8
7508,6
7509,6
7510,10
7511,8
7512,10
7513,9
7514,8
7515,4
7516,0
7517,10
7518,2
7519,10
7520,10
7521,10
7522,1
7523,9
7524,6
7525,0
7526,10
7527,9
7528,7
7529,0
7530,8
7531,6
7532,8
7533,5
7534,6
7535,6
7536,2
7537,9
7538,1
7539,1
7540,8
7541,5
7542,4
7543,2
7544,2
7545,9
7546,6
7547,5
7548,4
7549,6
7550,5
7551,5
7552,5
7553,6
7554,4
7555,10
7556,5
7557,8
7558,9
7559,9
7560,5
7561,5
7562,9
7563,5
7564,0
7565,6
7566,7
7567,7
7568,10
7569,1
7570,0
7571,4
7572,0
7573,6
7574,1
7575,1
7576,6
7577,7
7578,3
7579,4
7580,5
7581,5
7582,2
7583,6
7584,8
7585,8
7586,10
7587,4
7588,0
7589,7
7590,9
7591,6
7592,8
7593,6
7594,0
7595,0
7596,5
7597,8
7598,4
7599,6
7600,10
7601,10
7602,10
7603,10
7604,7
7605,8
7606,3
7607,3
7608,0
7609,5
7610,10
7611,8
7612,5
7613,6
7614,6
7615,8
7616,5
7617,5
7618,10
7619,0
7620,3
7621,3
7622,1
7623,10
7624,8
7625,7
7626,9
7627,10
7628,6
7629,3
7630,4
7631,6
7632,3
7633,0
7634,10
7635,5
7636,9
7637,5
7638,0
7639,2
7640,0
7641,5
7642,0
7643,8
7644,5
7645,6
7646,10
7647,6
7648,8
7649,4
7650,6
7651,5
7652,0
7653,4
7654,9
7655,0
7656,0
7657,6
7658,1
7659,1
7660,10
7661,10
7662,4
7663,6
7664,3
7665,6
7666,6
7667,4
7668,6
7669,7
7670,5
7671,9
7672,10
7673,6
7674,5
7675,5
7676,1
7677,10
7678,3
7679,6
7680,6
7681,5
7682,10
7683,4
7684,5
7685,9
7686,9
7687,8
7688,5
7689,8
7690,3
7691,4
7692,7
7693,0
7694,3
7695,7
7696,8
7697,0
7698,2
7699,0
7700,6
7701,5
7702,10
7703,0
7704,5
7705,8
7706,10
7707,0
7708,10
7709,4
7710,10
7711,6
7712,6
7713,8
7714,5
7715,3
7716,5
7717,0
7718,0
7719,5
7720,6
7721,0
7722,8
7723,10
7724,4
7725,8
7726,4
7727,5
7728,5
7729,8
7730,1
7731,5
7732,5
7733,4
7734,0
7735,9
7736,9
7737,9
7738,8
7739,0
7740,1
7741,3
7742,10
7743,4
7744,6
7745,10
7746,4
7747,8
7748,7
7749,0
7750,1
7751,4
7752,7
7753,5
7754,10
7755,10
7756,4
7757,5
7758,4
7759,6
7760,10
7761,8
7762,10
7763,5
7764,6
7765,6
7766,7
7767,8
7768,10
7769,10
7770,5
7771,4
7772,8
7773,4
7774,4
7775,4
7776,5
7777,10
7778,8
7779,6
7780,3
7781,7
7782,6
7783,10
7784,1
7785,10
7786,1
7787,6
7788,7
7789,1
7790,8
7791,2
7792,10
7793,10
7794,7
7795,6
7796,5
7797,10
7798,5
7799,1
7800,0
7801,4
7802,3
7803,4
7804,6
7805,8
7806,0
7807,0
7808,7
7809,3
7810,10
7811,8
7812,10
7813,6
7814,4
7815,9
7816,6
7817,9
7818,10
7819,0
7820,0
7821,2
7822,5
7823,6
7824,5
7825,4
7826,8
7827,5
7828,4
7829,5
7830,4
7831,0
7832,10
7833,6
7834,2
7835,5
7836,9
7837,7
7838,2
7839,6
7840,6
7841,7
7842,8
7843,4
7844,5
7845,4
7846,10
7847,5
7848,6
7849,5
7850,10
7851,6
7852,8
7853,3
7854,7
7855,8
7856,5
7857,8
7858,7
7859,10
7860,5
7861,8
7862,5
7863,4
7864,3
7865,6
7866,6
7867,4
7868,6
7869,10
7870,4
7871,7
7872,7
7873,4
7874,9
7875,0
7876,4
7877,10
7878,9
7879,7
7880,6
7881,4
7882,10
7883,10
7884,4
7885,2
7886,0
7887,7
7888,8
7889,2
7890,0
7891,0
7892,7
7893,5
7894,3
7895,6
7896,8
7897,8
7898,7
7899,7
7900,4
7901,4
7902,4
7903,3
7904,7
7905,10
7906,10
7907,4
7908,0
7909,8
7910,7
7911,0
7912,10
7913,4
7914,4
7915,4
7916,0
7917,5
7918,6
7919,9
7920,5
7921,10
7922,0
7923,0
7924,7
7925,6
7926,8
7927,2
7928,7
7929,9
7930,8
7931,0
7932,4
7933,9
7934,7
7935,9
7936,5
7937,6
7938,5
7939,1
7940,3
7941,8
7942,3
7943,7
7944,5
7945,5
7946,6
7947,5
7948,8
7949,2
7950,9
7951,4
7952,10
7953,4
7954,6
7955,10
7956,9
7957,8
7958,10
7959,6
7960,4
7961,6
7962,8
7963,0
7964,2
7965,5
7966,7
7967,4
7968,6
7969,10
7970,4
7971,10
7972,5
7973,0
7974,0
7975,2
7976,1
7977,5
7978,10
7979,7
7980,9
7981,1
7982,10
7983,3
7984,6
7985,0
7986,7
7987,5
7988,0
7989,8
7990,5
7991,5
7992,1
7993,4
7994,10
7995,4
7996,6
7997,10
7998,10
7999,4
8000,5
8001,3
8002,6
8003,5
8004,10
8005,9
8006,9
8007,4
8008,10
8009,5
8010,6
8011,9
8012,0
8013,10
8014,4
8015,4
8016,3
8017,6
8018,7
8019,10
8020,0
8021,6
8022,5
8023,6
8024,6
8025,0
8026,3
8027,5
8028,0
8029,6
8030,4
8031,0
8032,4
8033,8
8034,9
8035,6
8036,5
8037,6
8038,4
8039,4
8040,7
8041,10
8042,7
8043,5
8044,8
8045,6
8046,0
8047,6
8048,7
8049,9
8050,0
8051,10
8052,5
8053,5
8054,10
8055,8
8056,8
8057,5
8058,4
8059,3
8060,5
8061,5
8062,10
8063,8
8064,6
8065,5
8066,4
8067,8
8068,4
8069,10
8070,10
8071,4
8072,9
8073,2
8074,5
8075,10
8076,10
8077,0
8078,4
8079,10
8080,6
8081,1
8082,7
8083,3
8084,7
8085,6
8086,1
8087,10
8088,6
8089,5
8090,9
8091,8
8092,1
8093,4
8094,6
8095,4
8096,4
8097,3
8098,0
8099,4
8100,10
8101,5
8102,6
8103,5
8104,1
8105,7
8106,7
8107,6
8108,6
8109,4
8110,7
8111,1
8112,5
8113,2
8114,8
8115,9
8116,7
8117,6
8118,6
8119,8
8120,4
8121,8
8122,0
8123,7
8124,2
8125,8
8126,6
8127,9
8128,1
8129,5
8130,4
8131,6
8132,0
8133,9
8134,10
8135,4
8136,8
8137,3
8138,8
8139,6
8140,5
8141,6
8142,6
8143,6
8144,0
8145,5
8146,6
8147,2
8148,10
8149,0
8150,2
8151,10
8152,6
8153,8
8154,10
8155,6
8156,1
8157,8
8158,2
8159,7
8160,9
8161,5
8162,6
8163,6
8164,1
8165,10
8166,6
8167,7
8168,8
8169,10
8170,8
8171,10
8172,9
8173,4
8174,1
8175,1
8176,0
8177,0
8178,6
8179,0
8180,4
8181,4
8182,10
8183,5
8184,6
8185,6
8186,10
8187,6
8188,9
8189,4
8190,5
8191,0
8192,9
8193,9
8194,5
8195,5
8196,9
8197,4
8198,6
8199,8
8200,9
8201,7
8202,3
8203,10
8204,0
8205,10
8206,7
8207,5
8208,7
8209,1
8210,6
8211,4
8212,6
8213,6
8214,8
8215,2
8216,4
8217,3
8218,6
8219,4
8220,1
8221,6
8222,6
8223,7
8224,10
8225,8
8226,0
8227,9
8228,6
8229,7
8230,6
8231,1
8232,0
8233,8
8234,7
8235,4
8236,6
8237,6
8238,7
8239,5
8240,10
8241,10
8242,8
8243,6
8244,0
8245,7
8246,4
8247,10
8248,6
8249,6
8250,4
8251,8
8252,5
8253,10
8254,5
8255,9
8256,4
8257,4
8258,0
8259,6
8260,5
8261,10
8262,6
8263,6
8264,7
8265,4
8266,9
8267,6
8268,6
8269,10
8270,9
8271,10
8272,10
8273,6
8274,1
8275,8
8276,6
8277,7
8278,4
8279,8
8280,3
8281,6
8282,1
8283,10
8284,10
8285,5
8286,8
8287,3
8288,9
8289,2
8290,1
8291,0
8292,10
8293,0
8294,6
8295,5
8296,4
8297,9
8298,4
8299,7
8300,10
8301,8
8302,6
8303,0
8304,2
8305,3
8306,8
8307,10
8308,7
8309,4
8310,0
8311,10
8312,5
8313,8
8314,10
8315,3
8316,7
8317,4
8318,4
8319,1
8320,2
8321,7
8322,9
8323,8
8324,9
8325,7
8326,6
8327,10
8328,5
8329,4
8330,7
8331,5
8332,1
8333,5
8334,9
8335,7
8336,5
8337,8
8338,10
8339,7
8340,8
8341,4
8342,6
8343,5
8344,10
8345,6
8346,4
8347,0
8348,6
8349,8
8350,0
8351,4
8352,10
8353,10
8354,8
8355,6
8356,6
8357,7
8358,4
8359,7
8360,10
8361,0
8362,8
8363,4
8364,6
8365,10
8366,5
8367,4
8368,8
8369,9
8370,5
8371,7
8372,0
8373,6
8374,4
8375,6
8376,8
8377,7
8378,8
8379,4
8380,4
8381,4
8382,4
8383,8
8384,4
8385,1
8386,5
8387,6
8388,4
8389,10
8390,8
8391,4
8392,5
8393,9
8394,1
8395,4
8396,10
8397,4
8398,10
8399,7
8400,4
8401,8
8402,4
8403,6
8404,6
8405,5
8406,7
8407,5
8408,2
8409,8
8410,5
8411,4
8412,10
8413,8
8414,5
8415,10
8416,3
8417,2
8418,4
8419,9
8420,5
8421,6
8422,7
8423,6
8424,7
8425,7
8426,7
8427,7
8428,8
8429,1
8430,0
8431,6
8432,9
8433,9
8434,7
8435,10
8436,5
8437,10
8438,0
8439,2
8440,0
8441,4
8442,6
8443,5
8444,7
8445,10
8446,0
8447,0
8448,6
8449,6
8450,1
8451,8
8452,7
8453,9
8454,6
8455,4
8456,4
8457,4
8458,10
8459,6
8460,1
8461,8
8462,5
8463,3
8464,7
8465,8
8466,8
8467,6
8468,0
8469,5
8470,10
8471,2
8472,5
8473,8
8474,8
8475,7
8476,5
8477,8
8478,5
8479,9
8480,2
8481,6
8482,8
8483,8
8484,2
8485,10
8486,8
8487,0
8488,1
8489,5
8490,4
8491,6
8492,8
8493,2
8494,7
8495,7
8496,7
8497,10
8498,8
8499,0
8500,10
8501,4
8502,8
8503,10
8504,4
8505,5
8506,10
8507,5
8508,7
8509,3
8510,5
8511,4
8512,6
8513,7
8514,1
8515,7
8516,4
8517,6
8518,0
8519,5
8520,4
8521,8
8522,4
8523,7
8524,1
8525,5
8526,9
8527,4
8528,2
8529,1
8530,0
8531,5
8532,0
8533,10
8534,6
8535,4
8536,7
8537,3
8538,5
8539,5
8540,5
8541,4
8542,10
8543,2
8544,10
8545,5
8546,8
8547,4
8548,7
8549,5
8550,10
8551,5
8552,10
8553,2
8554,5
8555,6
8556,7
8557,10
8558,8
8559,10
8560,6
8561,10
8562,4
8563,10
8564,8
8565,6
8566,4
8567,4
8568,3
8569,5
8570,8
8571,6
8572,10
8573,7
8574,4
8575,7
8576,6
8577,9
8578,10
8579,10
8580,5
8581,2
8582,9
8583,4
8584,6
8585,5
8586,8
8587,7
8588,10
8589,5
8590,1
8591,0
8592,10
8593,5
8594,9
8595,9
8596,4
8597,10
8598,2
8599,10
8600,1
8601,7
8602,7
8603,5
8604,8
8605,4
8606,7
8607,4
8608,4
8609,5
8610,8
8611,0
8612,10
8613,5
8614,5
8615,5
8616,7
8617,8
8618,6
8619,4
8620,10
8621,1
8622,4
8623,6
8624,6
8625,3
8626,9
8627,1
8628,4
8629,8
8630,3
8631,9
8632,0
8633,6
8634,1
8635,6
8636,5
8637,6
8638,1
8639,1
8640,5
8641,0
8642,0
8643,4
8644,10
8645,7
8646,2
8647,7
8648,7
8649,4
8650,1
8651,8
8652,4
8653,10
8654,9
8655,10
8656,4
8657,7
8658,0
8659,10
8660,6
8661,10
8662,9
8663,8
8664,2
8665,6
8666,6
8667,4
8668,6
8669,8
8670,6
8671,6
8672,2
8673,7
8674,10
8675,0
8676,7
8677,5
8678,10
8679,5
8680,6
8681,7
8682,4
8683,0
8684,6
8685,6
8686,7
8687,0
8688,5
8689,6
8690,5
8691,1
8692,8
8693,0
8694,6
8695,4
8696,6
8697,6
8698,10
8699,10
8700,1
8701,2
8702,4
8703,9
8704,6
8705,1
8706,7
8707,6
8708,0
8709,8
8710,4
8711,4
8712,5
8713,5
8714,3
8715,4
8716,4
8717,8
8718,4
8719,6
8720,6
8721,5
8722,5
8723,6
8724,4
8725,10
8726,6
8727,10
8728,5
8729,3
8730,0
8731,6
8732,8
8733,5
8734,1
8735,5
8736,6
8737,7
8738,4
8739,6
8740,8
8741,10
8742,10
8743,7
8744,5
8745,6
8746,3
8747,7
8748,6
8749,5
8750,10
8751,7
8752,5
8753,5
8754,4
8755,10
8756,3
8757,4
8758,5
8759,6
8760,6
8761,1
8762,3
8763,0
8764,3
8765,10
8766,9
8767,5
8768,1
8769,9
8770,9
8771,5
8772,4
8773,0
8774,0
8775,6
8776,6
8777,3
8778,4
8779,0
8780,3
8781,1
8782,10
8783,2
8784,9
8785,10
8786,7
8787,10
8788,6
8789,1
8790,6
8791,4
8792,4
8793,1
8794,4
8795,0
8796,6
8797,5
8798,4
8799,0
8800,5
8801,6
8802,7
8803,1
8804,0
8805,6
8806,0
8807,3
8808,6
8809,5
8810,7
8811,7
8812,3
8813,2
8814,0
8815,4
8816,9
8817,2
8818,7
8819,1
8820,7
8821,6
8822,9
8823,10
8824,0
8825,3
8826,8
8827,6
8828,10
8829,4
8830,8
8831,1
8832,4
8833,7
8834,8
8835,5
8836,10
8837,7
8838,1
8839,3
8840,6
8841,3
8842,5
8843,4
8844,4
8845,6
8846,5
8847,10
8848,7
8849,6
8850,7
8851,6
8852,10
8853,4
8854,8
8855,4
8856,8
8857,6
8858,8
8859,10
8860,5
8861,8
8862,5
8863,4
8864,10
8865,1
8866,5
8867,8
8868,7
8869,0
8870,7
8871,3
8872,8
8873,9
8874,10
8875,0
8876,4
8877,6
8878,5
8879,5
8880,10
8881,2
8882,8
8883,4
8884,2
8885,10
8886,4
8887,6
8888,6
8889,6
8890,9
8891,0
8892,6
8893,10
8894,8
8895,10
8896,7
8897,4
8898,7
8899,6
8900,6
8901,9
8902,0
8903,2
8904,7
8905,4
8906,3
8907,6
8908,4
8909,8
8910,0
8911,6
8912,10
8913,7
8914,4
8915,1
8916,5
8917,5
8918,6
8919,10
8920,6
8921,9
8922,8
8923,10
8924,9
8925,7
8926,10
8927,6
8928,6
8929,0
8930,6
8931,5
8932,10
8933,0
8934,6
8935,10
8936,5
8937,0
8938,5
8939,4
8940,5
8941,4
8942,3
8943,6
8944,0
8945,3
8946,6
8947,2
8948,0
8949,9
8950,8
8951,10
8952,3
8953,0
8954,6
8955,7
8956,0
8957,9
8958,8
8959,9
8960,10
8961,10
8962,8
8963,9
8964,9
8965,8
8966,7
8967,6
8968,5
8969,4
8970,4
8971,0
8972,10
8973,4
8974,0
8975,7
8976,6
8977,2
8978,6
8979,4
8980,9
8981,5
8982,6
8983,2
8984,0
8985,4
8986,4
8987,10
8988,6
8989,6
8990,7
8991,4
8992,7
8993,10
8994,0
8995,6
8996,6
8997,9
8998,9
8999,5
9000,5
9001,6
9002,5
9003,10
9004,9
9005,6
9006,6
9007,10
9008,5
9009,0
9010,4
9011,9
9012,6
9013,8
9014,0
9015,8
9016,5
9017,6
9018,3
9019,6
9020,7
9021,10
9022,7
9023,0
9024,6
9025,2
9026,6
9027,6
9028,6
9029,8
9030,9
9031,10
9032,6
9033,3
9034,5
9035,0
9036,4
9037,0
9038,5
9039,9
9040,7
9041,9
9042,10
9043,2
9044,7
9045,5
9046,3
9047,10
9048,5
9049,0
9050,6
9051,0
9052,2
9053,6
9054,6
9055,6
9056,2
9057,4
9058,2
9059,2
9060,4
9061,6
9062,7
9063,8
9064,0
9065,5
9066,2
9067,4
9068,10
9069,6
9070,10
9071,8
9072,4
9073,5
9074,7
9075,9
9076,0
9077,5
9078,5
9079,10
9080,6
9081,10
9082,4
9083,3
9084,9
9085,6
9086,8
9087,7
9088,5
9089,1
9090,10
9091,0
9092,0
9093,9
9094,6
9095,8
9096,0
9097,6
9098,8
9099,1
9100,4
9101,10
9102,4
9103,4
9104,6
9105,4
9106,9
9107,5
9108,6
9109,5
9110,8
9111,6
9112,10
9113,9
9114,5
9115,8
9116,0
9117,2
9118,9
9119,5
9120,6
9121,1
9122,0
9123,6
9124,10
9125,5
9126,10
9127,7
9128,10
9129,10
9130,6
9131,0
9132,7
9133,0
9134,0
9135,5
9136,4
9137,7
9138,10
9139,9
9140,4
9141,9
9142,2
9143,0
9144,7
9145,6
9146,8
9147,10
9148,0
9149,6
9150,6
9151,10
9152,9
9153,5
9154,9
9155,0
9156,6
9157,6
9158,4
9159,6
9160,8
9161,3
9162,0
9163,7
9164,10
9165,9
9166,5
9167,0
9168,5
9169,6
9170,10
9171,8
9172,5
9173,6
9174,9
9175,5
9176,6
9177,5
9178,7
9179,4
9180,6
9181,10
9182,7
9183,5
9184,2
9185,9
9186,6
9187,1
9188,8
9189,7
9190,6
9191,8
9192,2
9193,4
9194,6
9195,7
9196,4
9197,4
9198,5
9199,0
9200,4
9201,5
9202,0
9203,6
9204,0
9205,8
9206,9
9207,6
9208,0
9209,10
9210,10
9211,3
9212,5
9213,7
9214,10
9215,4
9216,9
9217,7
9218,6
9219,0
9220,6
9221,10
9222,5
9223,5
9224,4
9225,5
9226,10
9227,10
9228,8
9229,0
9230,0
9231,5
9232,3
9233,4
9234,6
9235,5
9236,3
9237,6
9238,3
9239,9
9240,10
9241,7
9242,6
9243,7
9244,2
9245,9
9246,9
9247,10
9248,1
9249,9
9250,5
9251,5
9252,0
9253,6
9254,2
9255,7
9256,1
9257,3
9258,8
9259,4
9260,0
9261,7
9262,10
9263,5
9264,8
9265,6
9266,6
9267,8
9268,6
9269,6
9270,8
9271,3
9272,5
9273,4
9274,6
9275,5
9276,6
9277,5
9278,4
9279,8
9280,10
9281,10
9282,6
9283,1
9284,0
9285,7
9286,10
9287,8
9288,8
9289,10
9290,7
9291,7
9292,10
9293,5
9294,10
9295,6
9296,4
9297,8
9298,8
9299,0
9300,3
9301,6
9302,8
9303,4
9304,0
9305,8
9306,8
9307,0
9308,2
9309,4
9310,2
9311,6
9312,10
9313,2
9314,7
9315,6
9316,6
9317,10
9318,0
9319,4
9320,6
9321,1
9322,4
9323,1
9324,10
9325,6
9326,6
9327,5
9328,9
9329,10
9330,2
9331,4
9332,10
9333,0
9334,0
9335,7
9336,10
9337,2
9338,9
9339,5
9340,5
9341,1
9342,9
9343,4
9344,4
9345,6
9346,9
9347,0
9348,9
9349,3
9350,1
9351,7
9352,5
9353,6
9354,0
9355,8
9356,0
9357,2
9358,2
9359,9
9360,7
9361,6
9362,10
9363,5
9364,9
9365,7
9366,5
9367,10
9368,5
9369,0
9370,5
9371,5
9372,9
9373,4
9374,4
9375,0
9376,9
9377,5
9378,4
9379,10
9380,7
9381,3
9382,1
9383,4
9384,6
9385,10
9386,6
9387,10
9388,10
9389,10
9390,6
9391,5
9392,6
9393,10
9394,7
9395,8
9396,6
9397,5
9398,6
9399,6
9400,4
9401,6
9402,7
9403,8
9404,1
9405,5
9406,6
9407,4
9408,7
9409,10
9410,1
9411,8
9412,8
9413,5
9414,0
9415,6
9416,10
9417,8
9418,6
9419,1
9420,10
9421,7
9422,5
9423,2
9424,8
9425,2
9426,4
9427,2
9428,8
9429,7
9430,6
9431,10
9432,4
9433,10
9434,3
9435,5
9436,4
9437,8
9438,1
9439,4
9440,10
9441,6
9442,5
9443,0
9444,7
9445,6
9446,6
9447,4
9448,2
9449,7
9450,6
9451,0
9452,7
9453,4
9454,4
9455,0
9456,1
9457,3
9458,6
9459,6
9460,8
9461,9
9462,3
9463,6
9464,5
9465,8
9466,6
9467,6
9468,6
9469,5
9470,10
9471,9
9472,8
9473,8
9474,6
9475,0
9476,10
9477,5
9478,8
9479,6
9480,10
9481,8
9482,10
9483,3
9484,3
9485,10
9486,6
9487,6
9488,6
9489,2
9490,1
9491,6
9492,6
9493,5
9494,6
9495,10
9496,10
9497,5
9498,6
9499,4
9500,6
9501,3
9502,2
9503,6
9504,0
9505,0
9506,10
9507,5
9508,5
9509,6
9510,6
9511,2
9512,6
9513,6
9514,8
9515,5
9516,6
9517,7
9518,0
9519,6
9520,8
9521,7
9522,7
9523,1
9524,8
9525,4
9526,6
9527,5
9528,4
9529,4
9530,8
9531,1
9532,6
9533,6
9534,10
9535,10
9536,0
9537,10
9538,5
9539,4
9540,2
9541,7
9542,10
9543,6
9544,10
9545,10
9546,9
9547,9
9548,8
9549,6
9550,1
9551,3
9552,10
9553,8
9554,6
9555,4
9556,5
9557,3
9558,6
9559,4
9560,8
9561,5
9562,6
9563,4
9564,7
9565,10
9566,2
9567,6
9568,0
9569,10
9570,0
9571,9
9572,6
9573,9
9574,4
9575,6
9576,10
9577,6
9578,6
9579,10
9580,5
9581,5
9582,7
9583,6
9584,10
9585,10
9586,6
9587,9
9588,4
9589,6
9590,0
9591,0
9592,6
9593,10
9594,10
9595,6
9596,4
9597,6
9598,8
9599,10
9600,10
9601,6
9602,4
9603,4
9604,1
9605,6
9606,1
9607,10
9608,8
9609,1
9610,4
9611,9
9612,9
9613,5
9614,2
9615,8
9616,6
9617,1
9618,5
9619,5
9620,10
9621,3
9622,9
9623,4
9624,7
9625,0
9626,3
9627,10
9628,9
9629,10
9630,5
9631,8
9632,10
9633,10
9634,6
9635,8
9636,10
9637,5
9638,7
9639,0
9640,4
9641,5
9642,7
9643,1
9644,7
9645,3
9646,6
9647,10
9648,6
9649,6
9650,5
9651,7
9652,10
9653,6
9654,10
9655,10
9656,6
9657,1
9658,8
9659,6
9660,8
9661,8
9662,0
9663,9
9664,4
9665,6
9666,9
9667,5
9668,7
9669,1
9670,10
9671,3
9672,0
9673,10
9674,5
9675,3
9676,3
9677,9
9678,10
9679,8
9680,7
9681,10
9682,3
9683,10
9684,4
9685,5
9686,4
9687,7
9688,4
9689,3
9690,5
9691,0
9692,9
9693,9
9694,4
9695,9
9696,4
9697,6
9698,10
9699,4
9700,0
9701,6
9702,10
9703,10
9704,10
9705,4
9706,5
9707,0
9708,6
9709,7
9710,0
9711,6
9712,7
9713,7
9714,10
9715,7
9716,1
9717,6
9718,10
9719,6
9720,7
9721,5
9722,5
9723,4
9724,2
9725,4
9726,5
9727,8
9728,6
9729,10
9730,6
9731,8
9732,9
9733,10
9734,4
9735,8
9736,4
9737,0
9738,3
9739,7
9740,7
9741,1
9742,5
9743,9
9744,3
9745,5
9746,10
9747,5
9748,5
9749,0
9750,10
9751,0
9752,1
9753,6
9754,6
9755,7
9756,2
9757,9
9758,6
9759,6
9760,8
9761,3
9762,6
9763,6
9764,1
9765,3
9766,9
9767,7
9768,1
9769,0
9770,6
9771,6
9772,6
9773,7
9774,5
9775,5
9776,5
9777,6
9778,5
9779,5
9780,4
9781,3
9782,0
9783,0
9784,5
9785,10
9786,8
9787,0
9788,0
9789,5
9790,6
9791,10
9792,4
9793,8
9794,6
9795,4
9796,7
9797,7
9798,4
9799,7
9800,2
9801,7
9802,0
9803,6
9804,4
9805,4
9806,5
9807,4
9808,5
9809,7
9810,6
9811,4
9812,6
9813,10
9814,6
9815,10
9816,5
9817,10
9818,4
9819,8
9820,0
9821,6
9822,10
9823,1
9824,10
9825,1
9826,8
9827,7
9828,6
9829,6
9830,4
9831,5
9832,7
9833,5
9834,7
9835,10
9836,9
9837,0
9838,9
9839,9
9840,7
9841,5
9842,6
9843,10
9844,3
9845,9
9846,7
9847,4
9848,6
9849,8
9850,3
9851,7
9852,6
9853,0
9854,9
9855,0
9856,4
9857,6
9858,5
9859,4
9860,0
9861,9
9862,6
9863,6
9864,6
9865,7
9866,4
9867,6
9868,8
9869,10
9870,2
9871,10
9872,0
9873,6
9874,10
9875,9
9876,6
9877,9
9878,10
9879,8
9880,8
9881,7
9882,10
9883,5
9884,6
9885,8
9886,10
9887,5
9888,3
9889,3
9890,6
9891,8
9892,6
9893,8
9894,4
9895,5
9896,4
9897,9
9898,9
9899,4
9900,10
9901,6
9902,6
9903,6
9904,6
9905,8
9906,4
9907,5
9908,4
9909,8
9910,2
9911,5
9912,6
9913,7
9914,3
9915,0
9916,9
9917,2
9918,10
9919,2
9920,10
9921,8
9922,4
9923,6
9924,0
9925,0
9926,7
9927,0
9928,6
9929,2
9930,6
9931,0
9932,10
9933,0
9934,7
9935,10
9936,7
9937,8
9938,2
9939,9
9940,5
9941,0
9942,2
9943,1
9944,2
9945,6
9946,10
9947,10
9948,5
9949,7
9950,10
9951,3
9952,8
9953,4
9954,10
9955,3
9956,8
9957,8
9958,4
9959,6
9960,3
9961,6
9962,8
9963,3
9964,6
9965,6
9966,4
9967,0
9968,10
9969,7
9970,6
9971,8
9972,8
9973,10
9974,9
9975,6
9976,10
9977,8
9978,7
9979,5
9980,8
9981,5
9982,10
9983,8
9984,9
9985,0
9986,10
9987,6
9988,7
9989,5
9990,5
9991,10
9992,6
9993,7
9994,7
9995,1
9996,7
9997,4
9998,5
9999,5
10000,9
10001,6
10002,7
10003,3
10004,1
10005,6
10006,8
10007,1
10008,7
10009,7
10010,5
10011,1
10012,6
10013,6
10014,10
10015,5
10016,8
10017,10
10018,7
10019,4
10020,7
10021,5
10022,6
10023,10
10024,5
10025,5
10026,8
10027,6
10028,6
10029,6
10030,7
10031,6
10032,10
10033,10
10034,1
10035,5
10036,8
10037,5
10038,6
10039,6
10040,10
10041,5
10042,4
10043,7
10044,5
10045,5
10046,7
10047,9
10048,5
10049,5
10050,7
10051,8
10052,6
10053,10
10054,10
10055,8
10056,6
10057,3
10058,10
10059,5
10060,0
10061,10
10062,6
10063,6
10064,4
10065,0
10066,8
10067,10
10068,4
10069,4
10070,6
10071,5
10072,1
10073,4
10074,6
10075,5
10076,6
10077,6
10078,4
10079,10
10080,6
10081,10
10082,10
10083,10
10084,5
10085,4
10086,3
10087,5
10088,8
10089,5
10090,6
10091,0
10092,10
10093,6
10094,4
10095,5
10096,2
10097,8
10098,5
10099,8
10100,8
10101,10
10102,7
10103,5
10104,1
10105,0
10106,5
10107,0
10108,0
10109,6
10110,7
10111,4
10112,4
10113,8
10114,8
10115,10
10116,4
10117,1
10118,4
10119,10
10120,7
10121,5
10122,10
10123,2
10124,3
10125,7
10126,5
10127,7
10128,10
10129,4
10130,5
10131,10
10132,10
10133,4
10134,4
10135,6
10136,4
10137,7
10138,4
10139,6
10140,4
10141,6
10142,10
10143,6
10144,4
10145,4
10146,2
10147,8
10148,5
10149,0
10150,6
10151,7
10152,6
10153,8
10154,5
10155,8
10156,2
10157,6
10158,10
10159,9
10160,10
10161,6
10162,1
10163,4
10164,6
10165,10
10166,2
10167,8
10168,9
10169,4
10170,0
10171,10
10172,0
10173,4
10174,9
10175,7
10176,10
10177,5
10178,9
10179,2
10180,9
10181,8
10182,4
10183,5
10184,6
10185,5
10186,8
10187,10
10188,0
10189,4
10190,10
10191,10
10192,8
10193,10
10194,6
10195,6
10196,10
10197,6
10198,7
10199,6
10200,5
10201,7
10202,8
10203,8
10204,8
10205,4
10206,3
10207,3
10208,6
10209,10
10210,8
10211,5
10212,7
10213,7
10214,4
10215,6
10216,2
10217,8
10218,8
10219,2
10220,4
10221,3
10222,6
10223,7
10224,6
10225,1
10226,10
10227,5
10228,10
10229,7
10230,4
10231,10
10232,5
10233,3
10234,6
10235,6
10236,5
10237,6
10238,6
10239,0
10240,0
10241,7
10242,5
10243,6
10244,0
10245,4
10246,5
10247,6
10248,7
10249,6
10250,6
10251,8
10252,6
10253,6
10254,7
10255,9
10256,10
10257,9
10258,10
10259,5
10260,5
10261,8
10262,6
10263,5
10264,8
10265,4
10266,8
10267,9
10268,9
10269,5
10270,6
10271,10
10272,7
10273,7
10274,4
10275,5
10276,6
10277,6
10278,8
10279,10
10280,6
10281,6
10282,6
10283,7
10284,7
10285,1
10286,5
10287,8
10288,2
10289,7
10290,5
10291,1
10292,9
10293,6
10294,6
10295,1
10296,6
10297,5
10298,7
10299,10
10300,5
10301,1
10302,5
10303,6
10304,10
10305,6
10306,5
10307,6
10308,10
10309,7
10310,10
10311,9
10312,7
10313,3
10314,4
10315,4
10316,10
10317,1
10318,8
10319,2
10320,7
10321,3
10322,3
10323,4
10324,7
10325,9
10326,5
10327,9
10328,4
10329,4
10330,10
10331,10
10332,7
10333,4
10334,8
10335,2
10336,1
10337,8
10338,5
10339,0
10340,8
10341,0
10342,7
10343,6
10344,7
10345,6
10346,2
10347,3
10348,2
10349,4
10350,6
10351,6
10352,9
10353,0
10354,10
10355,10
10356,5
10357,4
10358,8
10359,5
10360,5
10361,7
10362,0
10363,4
10364,7
10365,6
10366,4
10367,5
10368,5
10369,4
10370,10
10371,1
10372,5
10373,8
10374,6
10375,7
10376,10
10377,10
10378,5
10379,4
10380,0
10381,6
10382,1
10383,1
10384,6
10385,3
10386,6
10387,7
10388,3
10389,6
10390,0
10391,4
10392,9
10393,8
10394,0
10395,8
10396,9
10397,10
10398,1
10399,10
10400,6
10401,8
10402,4
10403,7
10404,5
10405,6
10406,10
10407,6
10408,4
10409,4
10410,1
10411,0
10412,5
10413,0
10414,8
10415,10
10416,10
10417,6
10418,6
10419,10
10420,2
10421,4
10422,9
10423,7
10424,6
10425,8
10426,5
10427,8
10428,7
10429,4
10430,5
10431,9
10432,4
10433,8
10434,7
10435,6
10436,5
10437,10
10438,5
10439,5
10440,6
10441,10
10442,6
10443,10
10444,2
10445,2
10446,4
10447,8
10448,7
10449,4
10450,6
10451,7
10452,5
10453,1
10454,4
10455,4
10456,7
10457,10
10458,10
10459,6
10460,4
10461,9
10462,4
10463,7
10464,3
10465,6
10466,8
10467,4
10468,4
10469,10
10470,8
10471,1
10472,10
10473,6
10474,3
10475,8
10476,7
10477,8
10478,6
10479,0
10480,9
10481,6
10482,10
10483,5
10484,4
10485,6
10486,8
10487,7
10488,5
10489,8
10490,0
10491,10
10492,6
10493,10
10494,4
10495,10
10496,5
10497,1
10498,4
10499,10
10500,8
10501,0
10502,0
10503,0
10504,5
10505,4
10506,10
10507,5
10508,4
10509,6
10510,4
10511,5
10512,10
10513,4
10514,10
10515,2
10516,5
10517,8
10518,7
10519,10
10520,0
10521,7
10522,6
10523,0
10524,7
10525,7
10526,10
10527,5
10528,6
10529,10
10530,0
10531,6
10532,5
10533,4
10534,5
10535,10
10536,10
10537,6
10538,6
10539,2
10540,0
10541,5
10542,9
10543,6
10544,6
10545,8
10546,10
10547,4
10548,2
10549,4
10550,8
10551,4
10552,10
10553,6
10554,10
10555,1
10556,10
10557,4
10558,9
10559,10
10560,5
10561,6
10562,6
10563,6
10564,4
10565,4
10566,1
10567,1
10568,8
10569,3
10570,6
10571,9
10572,10
10573,10
10574,10
10575,6
10576,3
10577,3
10578,10
10579,9
10580,7
10581,6
10582,3
10583,0
10584,8
10585,7
10586,5
10587,3
10588,6
10589,8
10590,1
10591,0
10592,5
10593,5
10594,5
10595,0
10596,4
10597,9
10598,8
10599,9
10600,1
10601,0
10602,7
10603,8
10604,9
10605,0
10606,7
10607,5
10608,6
10609,6
10610,2
10611,4
10612,7
10613,7
10614,3
10615,6
10616,6
10617,4
10618,0
10619,3
10620,4
10621,10
10622,4
10623,7
10624,7
10625,5
10626,0
10627,10
10628,2
10629,8
10630,5
10631,10
10632,8
10633,0
10634,8
10635,7
10636,5
10637,6
10638,5
10639,5
10640,9
10641,9
10642,3
10643,5
10644,4
10645,8
10646,10
10647,10
10648,1
10649,5
10650,0
10651,10
10652,10
10653,0
10654,9
10655,1
10656,1
10657,10
10658,5
10659,6
10660,0
10661,4
10662,10
10663,7
10664,10
10665,8
10666,0
10667,7
10668,6
10669,4
10670,10
10671,4
10672,8
10673,9
10674,7
10675,4
10676,1
10677,0
10678,10
10679,10
10680,5
10681,8
10682,2
10683,4
10684,6
10685,10
10686,2
10687,5
10688,4
10689,3
10690,3
10691,2
10692,1
10693,5
10694,5
10695,4
10696,0
10697,5
10698,7
10699,0
10700,5
10701,4
10702,10
10703,8
10704,8
10705,4
10706,2
10707,6
10708,10
10709,3
10710,5
10711,2
10712,10
10713,10
10714,6
10715,3
10716,4
10717,6
10718,6
10719,8
10720,1
10721,10
10722,0
10723,4
10724,10
10725,1
10726,10
10727,9
10728,6
10729,8
10730,6
10731,3
10732,1
10733,9
10734,10
10735,10
10736,8
10737,6
10738,4
10739,8
10740,2
10741,10
10742,6
10743,5
10744,3
10745,4
10746,4
10747,8
10748,9
10749,2
10750,10
10751,10
10752,3
10753,3
10754,10
10755,6
10756,6
10757,8
10758,8
10759,0
10760,5
10761,5
10762,10
10763,4
10764,0
10765,8
10766,9
10767,7
10768,7
10769,8
10770,6
10771,6
10772,4
10773,1
10774,1
10775,0
10776,7
10777,6
10778,6
10779,4
10780,6
10781,4
10782,8
10783,0
10784,7
10785,5
10786,10
10787,6
10788,4
10789,3
10790,0
10791,3
10792,6
10793,4
10794,4
10795,10
10796,10
10797,5
10798,5
10799,9
10800,9
10801,8
10802,7
10803,7
10804,4
10805,6
10806,0
10807,6
10808,4
10809,5
10810,2
10811,4
10812,4
10813,7
10814,6
10815,0
10816,6
10817,6
10818,7
10819,0
10820,6
10821,7
10822,0
10823,3
10824,9
10825,9
10826,7
10827,7
10828,6
10829,6
10830,2
10831,5
10832,0
10833,0
10834,6
10835,9
10836,6
10837,7
10838,1
10839,3
10840,4
10841,0
10842,5
10843,2
10844,4
10845,6
10846,6
10847,9
10848,8
10849,3
10850,7
10851,5
10852,10
10853,9
10854,3
10855,0
10856,6
10857,10
10858,5
10859,10
10860,10
10861,5
10862,6
10863,6
10864,10
10865,4
10866,4
10867,7
10868,4
10869,8
10870,2
10871,6
10872,5
10873,6
10874,0
10875,8
10876,10
10877,6
10878,4
10879,5
10880,4
10881,4
10882,7
10883,7
10884,10
10885,5
10886,9
10887,5
10888,5
10889,8
10890,4
10891,9
10892,6
10893,0
10894,4
10895,0
10896,1
10897,0
10898,2
10899,10
10900,8
10901,9
10902,7
10903,8
10904,4
10905,8
10906,6
10907,6
10908,4
10909,8
10910,6
10911,6
10912,0
10913,7
10914,0
10915,0
10916,8
10917,4
10918,8
10919,6
10920,10
10921,10
10922,8
10923,10
10924,4
10925,5
10926,5
10927,7
10928,1
10929,8
10930,4
10931,6
10932,6
10933,5
10934,10
10935,6
10936,10
10937,10
10938,7
10939,5
10940,4
10941,9
10942,2
10943,10
10944,6
10945,4
10946,5
10947,4
10948,6
10949,10
10950,8
10951,6
10952,10
10953,5
10954,6
10955,9
10956,3
10957,4
10958,5
10959,0
10960,10
10961,0
10962,5
10963,10
10964,8
10965,6
10966,7
10967,6
10968,4
10969,10
10970,4
10971,5
10972,3
10973,6
10974,8
10975,10
10976,1
10977,3
10978,8
10979,10
10980,6
10981,3
10982,10
10983,10
10984,9
10985,7
10986,6
10987,4
10988,4
10989,4
10990,6
10991,8
10992,8
10993,5
10994,9
10995,0
10996,4
10997,10
10998,5
10999,8
11000,7
11001,0
11002,10
11003,5
11004,10
11005,2
11006,7
11007,6
11008,5
11009,4
11010,7
11011,0
11012,5
11013,9
11014,9
11015,4
11016,6
11017,8
11018,5
11019,0
11020,6
11021,7
11022,0
11023,6
11024,4
11025,4
11026,10
11027,9
11028,6
11029,8
11030,7
11031,6
11032,6
11033,6
11034,4
11035,10
11036,7
11037,0
11038,5
11039,7
11040,3
11041,4
11042,1
11043,6
11044,6
11045,5
11046,0
11047,3
11048,0
11049,6
11050,5
11051,4
11052,4
11053,6
11054,5
11055,6
11056,5
11057,6
11058,4
11059,4
11060,4
11061,10
11062,3
11063,0
11064,10
11065,8
11066,5
11067,6
11068,6
11069,4
11070,0
11071,3
11072,1
11073,4
11074,5
11075,7
11076,6
11077,10
11078,9
11079,7
11080,6
11081,1
11082,3
11083,6
11084,4
11085,4
11086,1
11087,1
11088,4
11089,8
11090,5
11091,5
11092,4
11093,5
11094,10
11095,8
11096,4
11097,10
11098,2
11099,6
11100,5
11101,6
11102,5
11103,10
11104,8
11105,5
11106,1
11107,6
11108,4
11109,10
11110,10
11111,5
11112,6
11113,4
11114,6
11115,5
11116,0
11117,10
11118,0
11119,6
11120,6
11121,5
11122,6
11123,9
11124,3
11125,3
11126,6
11127,10
11128,4
11129,10
11130,7
11131,5
11132,7
11133,10
11134,1
11135,6
11136,3
11137,5
11138,4
11139,5
11140,6
11141,2
11142,2
11143,3
11144,4
11145,10
11146,4
11147,7
11148,7
11149,4
11150,5
11151,4
11152,10
11153,10
11154,10
11155,0
11156,1
11157,6
11158,4
11159,6
11160,7
11161,6
11162,5
11163,6
11164,7
11165,10
11166,4
11167,10
11168,4
11169,5
11170,10
11171,6
11172,9
11173,5
11174,4
11175,10
11176,0
11177,0
11178,8
11179,0
11180,6
11181,4
11182,5
11183,5
11184,7
11185,9
11186,1
11187,7
11188,7
11189,4
11190,0
11191,5
11192,10
11193,4
11194,2
11195,6
11196,9
11197,0
11198,4
11199,5
11200,4
11201,3
11202,3
11203,4
11204,10
11205,7
11206,7
11207,6
11208,5
11209,10
11210,2
11211,6
11212,7
11213,10
11214,10
11215,1
11216,5
11217,8
11218,4
11219,2
11220,2
11221,2
11222,7
11223,8
11224,9
11225,9
11226,0
11227,7
11228,6
11229,8
11230,7
11231,9
11232,8
11233,9
11234,3
11235,8
11236,7
11237,10
11238,4
11239,4
11240,5
11241,10
11242,6
11243,8
11244,10
11245,5
11246,10
11247,5
11248,0
11249,7
11250,1
11251,3
11252,5
11253,6
11254,9
11255,0
11256,7
11257,10
11258,10
11259,4
11260,0
11261,6
11262,10
11263,10
11264,0
11265,5
11266,4
11267,6
11268,0
11269,3
11270,3
11271,0
11272,5
11273,9
11274,6
11275,2
11276,6
11277,0
11278,6
11279,6
11280,4
11281,10
11282,7
11283,6
11284,1
11285,2
11286,7
11287,10
11288,8
11289,2
11290,6
11291,1
11292,2
11293,3
11294,6
11295,5
11296,4
11297,1
11298,1
11299,4
11300,8
11301,6
11302,8
11303,0
11304,8
11305,3
11306,6
11307,10
11308,7
11309,8
11310,3
11311,4
11312,10
11313,4
11314,4
11315,6
11316,0
11317,5
11318,3
11319,9
11320,7
11321,3
11322,10
11323,7
11324,7
11325,0
11326,5
11327,5
11328,8
11329,8
11330,6
11331,10
11332,4
11333,8
11334,4
11335,4
11336,5
11337,6
11338,5
11339,0
11340,9
11341,7
11342,10
11343,6
11344,10
11345,3
11346,0
11347,6
11348,5
11349,10
11350,8
11351,6
11352,10
11353,5
11354,6
11355,10
11356,7
11357,10
11358,10
11359,5
11360,10
11361,5
11362,5
11363,5
11364,6
11365,4
11366,9
11367,7
11368,0
11369,4
11370,6
11371,10
11372,6
11373,8
11374,10
11375,6
11376,5
11377,7
11378,6
11379,3
11380,1
11381,9
11382,6
11383,5
11384,7
11385,7
11386,0
11387,0
11388,5
11389,4
11390,6
11391,6
11392,6
11393,10
11394,5
11395,6
11396,10
11397,0
11398,4
11399,10
11400,9
11401,5
11402,4
11403,6
11404,4
11405,5
11406,7
11407,8
11408,4
11409,1
11410,4
11411,10
11412,6
11413,5
11414,5
11415,8
11416,5
11417,5
11418,8
11419,9
11420,9
11421,1
11422,5
11423,4
11424,6
11425,5
11426,8
11427,8
11428,0
11429,6
11430,10
11431,6
11432,2
11433,5
11434,0
11435,5
11436,1
11437,1
11438,0
11439,0
11440,2
11441,4
11442,2
11443,6
11444,5
11445,5
11446,5
11447,8
11448,0
11449,1
11450,0
11451,10
11452,7
11453,6
11454,6
11455,10
11456,1
11457,9
11458,10
11459,6
11460,2
11461,6
11462,6
11463,4
11464,4
11465,7
11466,5
11467,8
11468,10
11469,6
11470,7
11471,4
11472,5
11473,2
11474,8
11475,10
11476,6
11477,5
11478,4
11479,7
11480,4
11481,6
11482,0
11483,3
11484,7
11485,3
11486,5
11487,5
11488,4
11489,0
11490,0
11491,4
11492,8
11493,7
11494,10
11495,10
11496,6
11497,0
11498,6
11499,6
11500,9
11501,7
11502,5
11503,5
11504,5
11505,0
11506,4
11507,10
11508,5
11509,10
11510,10
11511,1
11512,10
11513,4
11514,6
11515,7
11516,3
11517,4
11518,7
11519,2
11520,0
11521,7
11522,2
11523,8
11524,5
11525,9
11526,6
11527,5
11528,7
11529,6
11530,4
11531,0
11532,6
11533,2
11534,4
11535,5
11536,5
11537,4
11538,10
11539,0
11540,10
11541,10
11542,3
11543,9
11544,6
11545,8
11546,10
11547,7
11548,7
11549,7
11550,6
11551,2
11552,5
11553,7
11554,1
11555,5
11556,5
11557,4
11558,8
11559,4
11560,4
11561,3
11562,10
11563,4
11564,6
11565,8
11566,4
11567,5
11568,6
11569,7
11570,9
11571,5
11572,10
11573,4
11574,0
11575,0
11576,9
11577,8
11578,5
11579,0
11580,10
11581,7
11582,8
11583,7
11584,8
11585,4
11586,5
11587,5
11588,5
11589,5
11590,4
11591,9
11592,6
11593,8
11594,1
11595,5
11596,6
11597,4
11598,7
11599,6
11600,1
11601,5
11602,2
11603,10
11604,6
11605,1
11606,5
11607,6
11608,6
11609,6
11610,4
11611,6
11612,7
11613,0
11614,1
11615,6
11616,6
11617,1
11618,3
11619,4
11620,8
11621,6
11622,6
11623,0
11624,4
11625,4
11626,0
11627,0
11628,10
11629,10
11630,6
11631,5
11632,5
11633,7
11634,0
11635,10
11636,0
11637,4
11638,9
11639,8
11640,8
11641,7
11642,4
11643,5
11644,6
11645,0
11646,10
11647,4
11648,6
11649,1
11650,6
11651,3
11652,5
11653,7
11654,5
11655,6
11656,3
11657,5
11658,8
11659,8
11660,8
11661,7
11662,4
11663,6
11664,6
11665,6
11666,7
11667,4
11668,4
11669,3
11670,6
11671,5
11672,4
11673,9
11674,0
11675,6
11676,5
11677,5
11678,4
11679,4
11680,4
11681,5
11682,4
11683,0
11684,8
11685,7
11686,9
11687,4
11688,5
11689,5
11690,6
11691,3
11692,6
11693,4
11694,0
11695,6
11696,5
11697,6
11698,8
11699,10
11700,5
11701,10
11702,0
11703,6
11704,8
11705,8
11706,2
11707,9
11708,8
11709,10
11710,9
11711,5
11712,6
11713,1
11714,4
11715,10
11716,0
11717,6
11718,6
11719,0
11720,6
11721,5
11722,4
11723,10
11724,3
11725,8
11726,10
11727,6
11728,10
11729,10
11730,6
11731,9
11732,9
11733,1
11734,6
11735,2
11736,0
11737,6
11738,8
11739,2
11740,1
11741,6
11742,0
11743,10
11744,7
11745,10
11746,6
11747,7
11748,1
11749,10
11750,7
11751,1
11752,7
11753,8
11754,7
11755,6
11756,6
11757,4
11758,5
11759,6
11760,10
11761,5
11762,2
11763,4
11764,8
11765,6
11766,1
11767,5
11768,9
11769,0
11770,5
11771,5
11772,6
11773,5
11774,10
11775,4
11776,10
11777,4
11778,7
11779,5
11780,4
11781,6
11782,7
11783,4
11784,6
11785,6
11786,8
11787,0
11788,5
11789,8
11790,4
11791,4
11792,6
11793,10
11794,4
11795,6
11796,5
11797,6
11798,8
11799,0
11800,5
11801,0
11802,5
11803,1
11804,6
11805,4
11806,8
11807,0
11808,9
11809,7
11810,10
11811,8
11812,6
11813,8
11814,4
11815,9
11816,6
11817,10
11818,7
11819,8
11820,10
11821,4
11822,5
11823,0
11824,5
11825,10
11826,6
11827,6
11828,6
11829,10
11830,10
11831,3
11832,6
11833,4
11834,6
11835,10
11836,10
11837,2
11838,5
11839,0
11840,3
11841,5
11842,0
11843,9
11844,9
11845,6
11846,1
11847,6
11848,10
11849,5
11850,10
11851,4
11852,1
11853,8
11854,9
11855,8
11856,6
11857,4
11858,7
11859,7
11860,9
11861,0
11862,6
11863,7
11864,10
11865,5
11866,4
11867,4
11868,4
11869,6
11870,3
11871,5
11872,4
11873,10
11874,10
11875,10
11876,0
11877,7
11878,0
11879,2
11880,4
11881,7
11882,10
11883,10
11884,6
11885,8
11886,8
11887,0
11888,6
11889,4
11890,5
11891,0
11892,1
11893,5
11894,3
11895,7
11896,6
11897,7
11898,9
11899,5
11900,6
11901,7
11902,6
11903,4
11904,10
11905,8
11906,6
11907,3
11908,0
11909,8
11910,5
11911,6
11912,0
11913,10
11914,5
11915,10
11916,4
11917,9
11918,4
11919,8
11920,5
11921,5
11922,0
11923,0
11924,10
11925,4
11926,8
11927,7
11928,5
11929,10
11930,10
11931,0
11932,7
11933,8
11934,0
11935,9
11936,6
11937,8
11938,6
11939,5
11940,9
11941,6
11942,8
11943,5
11944,6
11945,9
11946,4
11947,8
11948,8
11949,10
11950,8
11951,4
11952,7
11953,10
11954,3
11955,10
11956,4
11957,4
11958,3
11959,3
11960,7
11961,6
11962,1
11963,7
11964,6
11965,6
11966,8
11967,7
11968,4
11969,3
11970,8
11971,6
11972,0
11973,2
11974,6
11975,7
11976,1
11977,10
11978,6
11979,0
11980,1
11981,4
11982,3
11983,0
11984,3
11985,6
11986,6
11987,0
11988,5
11989,5
11990,10
11991,4
11992,1
11993,1
11994,6
11995,7
11996,8
11997,5
11998,6
11999,4
12000,8
12001,7
12002,9
12003,4
12004,5
12005,6
12006,7
12007,5
12008,7
12009,4
12010,6
12011,10
12012,4
12013,0
12014,4
12015,2
12016,2
12017,4
12018,6
12019,5
12020,0
12021,5
12022,7
12023,8
12024,10
12025,0
12026,7
12027,7
12028,7
12029,2
12030,6
12031,9
12032,5
12033,4
12034,7
12035,6
12036,9
12037,9
12038,4
12039,10
12040,6
12041,8
12042,7
12043,6
12044,6
12045,9
12046,5
12047,10
12048,0
12049,8
12050,1
12051,6
12052,9
12053,4
12054,4
12055,10
12056,7
12057,8
12058,10
12059,4
12060,6
12061,8
12062,5
12063,0
12064,4
12065,8
12066,8
12067,6
12068,6
12069,9
12070,5
12071,6
12072,4
12073,4
12074,5
12075,8
12076,2
12077,3
12078,7
12079,6
12080,2
12081,7
12082,4
12083,7
12084,10
12085,5
12086,10
12087,4
12088,6
12089,8
12090,3
12091,0
12092,1
12093,4
12094,8
12095,6
12096,9
12097,5
12098,4
12099,6
12100,1
12101,6
12102,0
12103,4
12104,10
12105,9
12106,8
12107,4
12108,8
12109,8
12110,7
12111,5
12112,5
12113,5
12114,6
12115,4
12116,7
12117,6
12118,4
12119,6
12120,5
12121,5
12122,8
12123,10
12124,6
12125,4
12126,5
12127,5
12128,9
12129,5
12130,4
12131,5
12132,4
12133,7
12134,8
12135,5
12136,8
12137,4
12138,6
12139,8
12140,0
12141,10
12142,5
12143,10
12144,10
12145,7
12146,5
12147,4
12148,10
12149,0
12150,10
12151,5
12152,4
12153,1
12154,2
12155,4
12156,4
12157,8
12158,3
12159,2
12160,10
12161,8
12162,4
12163,10
12164,1
12165,10
12166,5
12167,6
12168,4
12169,6
12170,9
12171,10
12172,6
12173,4
12174,6
12175,10
12176,10
12177,2
12178,6
12179,6
12180,0
12181,1
12182,7
12183,6
12184,6
12185,5
12186,6
12187,9
12188,4
12189,8
12190,10
12191,4
12192,8
12193,7
12194,10
12195,4
12196,6
12197,8
12198,6
12199,8
12200,7
12201,8
12202,9
12203,6
12204,6
12205,6
12206,5
12207,8
12208,0
12209,9
12210,3
12211,6
12212,7
12213,7
12214,10
12215,6
12216,8
12217,7
12218,5
12219,0
12220,8
12221,9
12222,9
12223,8
12224,10
12225,9
12226,5
12227,10
12228,10
12229,2
12230,5
12231,8
12232,2
12233,2
12234,1
12235,0
12236,4
12237,7
12238,9
12239,0
12240,7
12241,9
12242,2
12243,5
12244,6
12245,2
12246,0
12247,4
12248,4
12249,4
12250,3
12251,10
12252,0
12253,6
12254,8
12255,10
12256,6
12257,4
12258,3
12259,1
12260,10
12261,4
12262,5
12263,10
12264,3
12265,10
12266,6
12267,10
12268,7
12269,2
12270,2
12271,9
12272,10
12273,4
12274,2
12275,0
12276,0
12277,7
12278,2
12279,0
12280,6
12281,9
12282,8
12283,10
12284,10
12285,6
12286,9
12287,10
12288,2
12289,8
12290,7
12291,5
12292,5
12293,7
12294,9
12295,10
12296,8
12297,4
12298,4
12299,5
12300,4
12301,4
12302,4
12303,6
12304,9
12305,5
12306,2
12307,0
12308,7
12309,7
12310,7
12311,6
12312,6
12313,10
12314,4
12315,5
12316,2
12317,10
12318,8
12319,1
12320,8
12321,5
12322,8
12323,8
12324,7
12325,7
12326,5
12327,7
12328,10
12329,10
12330,6
12331,5
12332,8
12333,5
12334,6
12335,6
12336,5
12337,5
12338,1
12339,8
12340,6
12341,6
12342,6
12343,8
12344,5
12345,2
12346,4
12347,8
12348,1
12349,0
12350,5
12351,10
12352,4
12353,5
12354,10
12355,3
12356,7
12357,8
12358,7
12359,1
12360,2
12361,6
12362,1
12363,5
12364,10
12365,0
12366,9
12367,10
12368,4
12369,5
12370,5
12371,9
12372,6
12373,1
12374,7
12375,7
12376,3
12377,6
12378,2
12379,9
12380,2
12381,6
12382,5
12383,6
12384,9
12385,8
12386,8
12387,5
12388,7
12389,3
12390,5
12391,7
12392,5
12393,0
12394,6
12395,3
12396,4
12397,4
12398,10
12399,1
12400,1
12401,10
12402,7
12403,0
12404,6
12405,5
12406,4
12407,7
12408,9
12409,8
12410,1
12411,6
12412,10
12413,6
12414,3
12415,2
12416,7
12417,5
12418,7
12419,5
12420,8
12421,0
12422,5
12423,3
12424,4
12425,7
12426,5
12427,4
12428,0
12429,7
12430,8
12431,3
12432,0
12433,10
12434,4
12435,2
12436,8
12437,10
12438,9
12439,1
12440,7
12441,4
12442,5
12443,0
12444,10
12445,0
12446,6
12447,8
12448,9
12449,10
12450,10
12451,6
12452,8
12453,4
12454,10
12455,3
12456,4
12457,10
12458,0
12459,4
12460,8
12461,5
12462,8
12463,10
12464,4
12465,8
12466,6
12467,6
12468,10
12469,8
12470,5
12471,10
12472,4
12473,6
12474,7
12475,8
12476,6
12477,5
12478,0
12479,8
12480,6
12481,4
12482,4
12483,10
12484,4
12485,6
12486,8
12487,8
12488,1
12489,8
12490,5
12491,6
12492,7
12493,7
12494,5
12495,1
12496,6
12497,0
12498,5
12499,5
12500,10
12501,6
12502,8
12503,7
12504,8
12505,9
12506,9
12507,4
12508,6
12509,4
12510,9
12511,10
12512,10
12513,7
12514,6
12515,6
12516,6
12517,6
12518,6
12519,0
12520,4
12521,6
12522,0
12523,6
12524,0
12525,5
12526,10
12527,4
12528,0
12529,7
12530,9
12531,5
12532,5
12533,0
12534,5
12535,6
12536,1
12537,4
12538,6
12539,10
12540,8
12541,0
12542,3
12543,10
12544,8
12545,7
12546,6
12547,6
12548,1
12549,4
12550,1
12551,3
12552,4
12553,7
12554,6
12555,6
12556,4
12557,5
12558,1
12559,5
12560,5
12561,4
12562,2
12563,1
12564,6
12565,3
12566,4
12567,4
12568,0
12569,9
12570,9
12571,4
12572,0
12573,0
12574,4
12575,4
12576,10
12577,1
12578,8
12579,6
12580,6
12581,0
12582,4
12583,7
12584,7
12585,3
12586,5
12587,7
12588,8
12589,10
12590,8
12591,8
12592,2
12593,8
12594,6
12595,6
12596,10
12597,10
12598,0
12599,5
12600,9
12601,2
12602,9
12603,0
12604,5
12605,9
12606,3
12607,4
12608,5
12609,4
12610,0
12611,8
12612,10
12613,6
12614,6
12615,5
12616,5
12617,10
12618,4
12619,4
12620,6
12621,8
12622,6
12623,4
12624,10
12625,5
12626,3
12627,8
12628,6
12629,5
12630,6
12631,1
12632,6
12633,8
12634,9
12635,6
12636,10
12637,4
12638,4
12639,9
12640,4
12641,6
12642,5
12643,4
12644,6
12645,4
12646,8
12647,1
12648,10
12649,6
12650,4
12651,6
12652,8
12653,2
12654,6
12655,5
12656,0
12657,0
12658,10
12659,0
12660,3
12661,4
12662,5
12663,2
12664,6
12665,6
12666,5
12667,7
12668,6
12669,10
12670,5
12671,5
12672,8
12673,10
12674,4
12675,5
12676,8
12677,9
12678,10
12679,4
12680,5
12681,1
12682,0
12683,1
12684,5
12685,4
12686,0
12687,6
12688,6
12689,2
12690,8
12691,3
12692,8
12693,5
12694,6
12695,0
12696,0
12697,2
12698,0
12699,9
12700,6
12701,2
12702,10
12703,3
12704,0
12705,5
12706,1
12707,6
12708,4
12709,10
12710,4
12711,9
12712,10
12713,10
12714,0
12715,8
12716,8
12717,10
12718,4
12719,10
12720,6
12721,5
12722,9
12723,6
12724,4
12725,1
12726,7
12727,4
12728,10
12729,5
12730,6
12731,4
12732,5
12733,3
12734,8
12735,3
12736,1
12737,4
12738,6
12739,4
12740,8
12741,5
12742,5
12743,10
12744,2
12745,6
12746,4
12747,10
12748,10
12749,7
12750,6
12751,8
12752,5
12753,10
12754,9
12755,6
12756,10
12757,4
12758,10
12759,10
12760,10
12761,10
12762,8
12763,0
12764,4
12765,5
12766,6
12767,0
12768,5
12769,9
12770,0
12771,10
12772,5
12773,8
12774,3
12775,3
12776,5
12777,5
12778,5
12779,3
12780,10
12781,2
12782,7
12783,7
12784,1
12785,10
12786,4
12787,4
12788,7
12789,5
12790,5
12791,7
12792,3
12793,8
12794,6
12795,5
12796,0
12797,6
12798,8
12799,6
12800,6
12801,5
12802,4
12803,10
12804,10
12805,7
12806,6
12807,8
12808,2
12809,9
12810,5
12811,4
12812,6
12813,5
12814,6
12815,4
12816,8
12817,4
12818,4
12819,9
12820,9
12821,4
12822,4
12823,1
12824,8
12825,10
12826,8
12827,4
12828,10
12829,8
12830,7
12831,2
12832,10
12833,9
12834,7
12835,7
12836,0
12837,1
12838,6
12839,10
12840,4
12841,4
12842,4
12843,7
12844,8
12845,4
12846,3
12847,5
12848,10
12849,10
12850,2
12851,4
12852,1
12853,2
12854,10
12855,5
12856,8
12857,10
12858,4
12859,7
12860,4
12861,7
12862,6
12863,9
12864,6
12865,9
12866,5
12867,0
12868,9
12869,8
12870,8
12871,10
12872,4
12873,10
12874,6
12875,5
12876,9
12877,10
12878,5
12879,10
12880,5
12881,0
12882,8
12883,6
12884,7
12885,0
12886,5
12887,4
12888,7
12889,3
12890,7
12891,5
12892,4
12893,10
12894,10
12895,9
12896,10
12897,10
12898,8
12899,7
12900,6
12901,6
12902,3
12903,6
12904,1
12905,7
12906,6
12907,4
12908,7
12909,5
12910,6
12911,4
12912,5
12913,10
12914,4
12915,7
12916,8
12917,10
12918,0
12919,1
12920,1
12921,5
12922,0
12923,10
12924,9
12925,8
12926,5
12927,3
12928,4
12929,8
12930,7
12931,4
12932,6
12933,5
12934,2
12935,10
12936,7
12937,10
12938,6
12939,0
12940,6
12941,6
12942,5
12943,6
12944,9
12945,10
12946,5
12947,10
12948,8
12949,1
12950,10
12951,10
12952,2
12953,5
12954,5
12955,6
12956,2
12957,6
12958,7
12959,0
12960,8
12961,2
12962,9
12963,6
12964,6
12965,5
12966,4
12967,6
12968,5
12969,6
12970,4
12971,10
12972,4
12973,4
12974,1
12975,9
12976,6
12977,0
12978,3
12979,5
12980,6
12981,3
12982,8
12983,5
12984,10
12985,7
12986,6
12987,7
12988,6
12989,8
12990,7
12991,6
12992,6
12993,6
12994,10
12995,6
12996,8
12997,10
12998,7
12999,8
13000,3
13001,10
13002,1
13003,10
13004,9
13005,5
13006,0
13007,10
13008,4
13009,2
13010,10
13011,5
13012,5
13013,6
13014,5
13015,0
13016,10
13017,8
13018,7
13019,6
13020,4
13021,2
13022,5
13023,6
13024,10
13025,6
13026,8
13027,10
13028,8
13029,4
13030,9
13031,5
13032,6
13033,6
13034,1
13035,1
13036,7
13037,3
13038,7
13039,1
13040,6
13041,4
13042,2
13043,10
13044,0
13045,10
13046,5
13047,6
13048,10
13049,9
13050,5
13051,4
13052,5
13053,6
13054,0
13055,0
13056,9
13057,10
13058,4
13059,4
13060,8
13061,1
13062,10
13063,0
13064,1
13065,7
13066,4
13067,4
13068,4
13069,10
13070,2
13071,6
13072,9
13073,5
13074,6
13075,7
13076,4
13077,9
13078,10
13079,6
13080,4
13081,4
13082,10
13083,5
13084,5
13085,5
13086,4
13087,7
13088,6
13089,5
13090,6
13091,8
13092,4
13093,7
13094,8
13095,10
13096,6
13097,2
13098,8
13099,6
13100,9
13101,5
13102,4
13103,10
13104,10
13105,6
13106,1
13107,8
13108,0
13109,0
13110,2
13111,10
13112,8
13113,6
13114,8
13115,0
13116,4
13117,8
13118,10
13119,6
13120,4
13121,1
13122,7
13123,4
13124,5
13125,6
13126,5
13127,5
13128,1
13129,10
13130,0
13131,9
13132,10
13133,4
13134,7
13135,10
13136,10
13137,8
13138,8
13139,0
13140,2
13141,7
13142,4
13143,3
13144,4
13145,6
13146,0
13147,5
13148,9
13149,4
13150,6
13151,10
13152,6
13153,7
13154,3
13155,7
13156,3
13157,0
13158,4
13159,1
13160,2
13161,4
13162,1
13163,0
13164,5
13165,10
13166,8
13167,7
13168,4
13169,7
13170,3
13171,9
13172,10
13173,10
13174,8
13175,3
13176,10
13177,5
13178,4
13179,10
13180,8
13181,0
13182,5
13183,8
13184,6
13185,5
13186,10
13187,0
13188,10
13189,7
13190,1
13191,1
13192,6
13193,10
13194,6
13195,6
13196,4
13197,7
13198,8
13199,3
13200,2
13201,5
13202,0
13203,4
13204,1
13205,9
13206,4
13207,10
13208,8
13209,6
13210,5
13211,10
13212,10
13213,6
13214,5
13215,8
13216,5
13217,1
13218,7
13219,0
13220,1
13221,0
13222,10
13223,4
13224,10
13225,8
13226,6
13227,3
13228,7
13229,5
13230,10
13231,6
13232,7
13233,6
13234,6
13235,4
13236,0
13237,4
13238,8
13239,8
13240,7
13241,5
13242,7
13243,9
13244,0
13245,6
13246,9
13247,5
13248,4
13249,6
13250,8
13251,4
13252,7
13253,6
13254,5
13255,2
13256,6
13257,6
13258,9
13259,1
13260,4
13261,0
13262,7
13263,7
13264,9
13265,8
13266,10
13267,1
13268,0
13269,5
13270,1
13271,8
13272,4
13273,4
13274,7
13275,10
13276,9
13277,5
13278,0
13279,7
13280,4
13281,10
13282,5
13283,1
13284,4
13285,10
13286,10
13287,5
13288,6
13289,1
13290,7
13291,4
13292,7
13293,0
13294,8
13295,4
13296,5
13297,0
13298,1
13299,5
13300,8
13301,0
13302,7
13303,8
13304,4
13305,10
13306,0
13307,6
13308,7
13309,6
13310,5
13311,0
13312,8
13313,8
13314,10
13315,9
13316,10
13317,9
13318,5
13319,8
13320,7
13321,4
13322,7
13323,5
13324,3
13325,4
13326,6
13327,7
13328,4
13329,8
13330,6
13331,6
13332,4
13333,0
13334,9
13335,0
13336,5
13337,4
13338,8
13339,7
13340,8
13341,6
13342,6
13343,10
13344,4
13345,1
13346,5
13347,7
13348,10
13349,7
13350,4
13351,6
13352,6
13353,4
13354,5
13355,9
13356,6
13357,10
13358,8
13359,6
13360,10
13361,10
13362,6
13363,9
13364,6
13365,6
13366,3
13367,6
13368,10
13369,7
13370,10
13371,4
13372,5
13373,4
13374,5
13375,0
13376,8
13377,10
13378,8
13379,10
13380,4
13381,7
13382,9
13383,1
13384,8
13385,7
13386,5
13387,3
13388,1
13389,6
13390,6
13391,4
13392,3
13393,6
13394,5
13395,6
13396,4
13397,0
13398,10
13399,3
13400,6
13401,0
13402,6
13403,8
13404,1
13405,4
13406,0
13407,0
13408,6
13409,4
13410,8
13411,8
13412,7
13413,10
13414,7
13415,8
13416,10
13417,8
13418,8
13419,6
13420,2
13421,5
13422,8
13423,4
13424,0
13425,10
13426,10
13427,9
13428,9
13429,8
13430,6
13431,6
13432,8
13433,3
13434,5
13435,10
13436,6
13437,6
13438,10
13439,8
13440,6
13441,8
13442,3
13443,10
13444,4
13445,10
13446,6
13447,6
13448,10
13449,3
13450,8
13451,0
13452,10
13453,5
13454,8
13455,10
13456,2
13457,9
13458,5
13459,7
13460,6
13461,6
13462,1
13463,6
13464,9
13465,10
13466,5
13467,10
13468,7
13469,5
13470,5
13471,6
13472,5
13473,7
13474,0
13475,0
13476,3
13477,4
13478,2
13479,4
13480,8
13481,6
13482,9
13483,10
13484,5
13485,5
13486,6
13487,8
13488,5
13489,8
13490,8
13491,6
13492,6
13493,10
13494,10
13495,3
13496,4
13497,8
13498,10
13499,3
13500,5
13501,5
13502,1
13503,4
13504,4
13505,9
13506,4
13507,6
13508,5
13509,10
13510,4
13511,10
13512,10
13513,4
13514,6
13515,8
13516,10
13517,3
13518,3
13519,4
13520,5
13521,9
13522,5
13523,1
13524,4
13525,6
13526,9
13527,4
13528,8
13529,10
13530,6
13531,6
13532,0
13533,9
13534,10
13535,8
13536,9
13537,2
13538,10
13539,0
13540,0
13541,10
13542,7
13543,1
13544,8
13545,8
13546,8
13547,6
13548,0
13549,0
13550,0
13551,7
13552,6
13553,8
13554,3
13555,6
13556,2
13557,6
13558,0
13559,6
13560,9
13561,3
13562,3
13563,8
13564,7
13565,6
13566,7
13567,8
13568,8
13569,6
13570,5
13571,4
13572,0
13573,5
13574,4
13575,6
13576,6
13577,3
13578,4
13579,6
13580,3
13581,10
13582,4
13583,6
13584,3
13585,5
13586,5
13587,10
13588,6
13589,4
13590,4
13591,6
13592,0
13593,1
13594,5
13595,4
13596,4
13597,5
13598,1
13599,0
13600,1
13601,0
13602,0
13603,5
13604,0
13605,6
13606,8
13607,6
13608,9
13609,8
13610,7
13611,10
13612,9
13613,5
13614,0
13615,7
13616,6
13617,10
13618,8
13619,0
13620,2
13621,9
13622,4
13623,5
13624,5
13625,2
13626,8
13627,10
13628,2
13629,7
13630,9
13631,1
13632,0
13633,6
13634,2
13635,8
13636,6
13637,4
13638,6
13639,4
13640,1
13641,5
13642,8
13643,10
13644,2
13645,6
13646,0
13647,6
13648,7
13649,7
13650,10
13651,0
13652,6
13653,6
13654,1
13655,10
13656,7
13657,7
13658,4
13659,9
13660,5
13661,10
13662,6
13663,0
13664,8
13665,7
13666,10
13667,5
13668,5
13669,5
13670,9
13671,0
13672,2
13673,7
13674,6
13675,6
13676,8
13677,6
13678,8
13679,10
13680,10
13681,7
13682,10
13683,4
13684,1
13685,9
13686,2
13687,10
13688,7
13689,6
13690,8
13691,6
13692,9
13693,6
13694,1
13695,4
13696,2
13697,3
13698,4
13699,0
13700,7
13701,0
13702,4
13703,7
13704,2
13705,6
13706,4
13707,4
13708,8
13709,7
13710,10
13711,4
13712,5
13713,6
13714,0
13715,1
13716,10
13717,0
13718,7
13719,0
13720,6
13721,6
13722,9
13723,7
13724,4
13725,6
13726,10
13727,10
13728,10
13729,4
13730,4
13731,1
13732,6
13733,5
13734,5
13735,6
13736,3
13737,6
13738,2
13739,8
13740,5
13741,0
13742,0
13743,7
13744,3
13745,0
13746,2
13747,5
13748,10
13749,7
13750,10
13751,0
13752,9
13753,5
13754,8
13755,6
13756,9
13757,5
13758,5
13759,2
13760,0
13761,0
13762,5
13763,10
13764,0
13765,6
13766,7
13767,6
13768,7
13769,10
13770,3
13771,7
13772,4
13773,7
13774,5
13775,8
13776,10
13777,9
13778,5
13779,6
13780,5
13781,10
13782,10
13783,8
13784,6
13785,8
13786,10
13787,0
13788,4
13789,2
13790,6
13791,6
13792,0
13793,0
13794,4
13795,8
13796,6
13797,7
13798,3
13799,0
13800,3
13801,7
13802,9
13803,4
13804,2
13805,5
13806,10
13807,4
13808,2
13809,6
13810,1
13811,7
13812,8
13813,6
13814,8
13815,5
13816,5
13817,3
13818,5
13819,7
13820,8
13821,0
13822,4
13823,5
13824,7
13825,7
13826,9
13827,6
13828,6
13829,3
13830,5
13831,6
13832,8
13833,10
13834,0
13835,3
13836,4
13837,6
13838,0
13839,6
13840,8
13841,6
13842,6
13843,0
13844,5
13845,6
13846,0
13847,5
13848,5
13849,1
13850,5
13851,1
13852,6
13853,10
13854,10
13855,0
13856,0
13857,0
13858,6
13859,4
13860,6
13861,8
13862,0
13863,5
13864,4
13865,5
13866,0
13867,8
13868,0
13869,6
13870,2
13871,6
13872,6
13873,4
13874,4
13875,6
13876,6
13877,6
13878,6
13879,5
13880,5
13881,7
13882,9
13883,5
13884,7
13885,10
13886,8
13887,10
13888,1
13889,6
13890,8
13891,6
13892,5
13893,8
13894,6
13895,4
13896,4
13897,7
13898,4
13899,1
13900,10
13901,8
13902,4
13903,6
13904,10
13905,7
13906,3
13907,8
13908,1
13909,5
13910,7
13911,6
13912,0
13913,5
13914,5
13915,9
13916,10
13917,6
13918,4
13919,4
13920,9
13921,0
13922,9
13923,2
13924,0
13925,6
13926,6
13927,0
13928,6
13929,6
13930,10
13931,4
13932,1
13933,4
13934,4
13935,10
13936,9
13937,7
13938,10
13939,3
13940,6
13941,0
13942,5
13943,6
13944,7
13945,0
13946,9
13947,5
13948,5
13949,10
13950,10
13951,3
13952,8
13953,10
13954,3
13955,0
13956,5
13957,8
13958,6
13959,4
13960,1
13961,6
13962,4
13963,6
13964,4
13965,5
13966,2
13967,5
13968,6
13969,6
13970,10
13971,0
13972,4
13973,10
13974,7
13975,1
13976,9
13977,5
13978,8
13979,0
13980,6
13981,7
13982,1
13983,6
13984,6
13985,6
13986,3
13987,10
13988,10
13989,10
13990,10
13991,6
13992,3
13993,4
13994,6
13995,9
13996,7
13997,8
13998,1
13999,10
14000,10
14001,7
14002,8
14003,1
14004,0
14005,8
14006,6
14007,4
14008,1
14009,4
14010,6
14011,8
14012,0
14013,5
14014,10
14015,6
14016,8
14017,2
14018,6
14019,4
14020,5
14021,6
14022,5
14023,5
14024,8
14025,4
14026,9
14027,5
14028,7
14029,8
14030,7
14031,10
14032,1
14033,10
14034,5
14035,6
14036,6
14037,5
14038,8
14039,10
14040,5
14041,8
14042,10
14043,0
14044,4
14045,1
14046,5
14047,7
14048,5
14049,0
14050,4
14051,7
14052,7
14053,10
14054,4
14055,10
14056,6
14057,4
14058,6
14059,4
14060,1
14061,10
14062,8
14063,4
14064,4
14065,8
14066,9
14067,10
14068,8
14069,6
14070,3
14071,10
14072,1
14073,7
14074,4
14075,9
14076,1
14077,4
14078,7
14079,4
14080,6
14081,6
14082,10
14083,6
14084,8
14085,7
14086,7
14087,5
14088,4
14089,0
14090,0
14091,4
14092,4
14093,10
14094,0
14095,10
14096,5
14097,10
14098,6
14099,5
14100,7
14101,4
14102,2
14103,6
14104,10
14105,6
14106,10
14107,4
14108,5
14109,4
14110,6
14111,8
14112,5
14113,5
14114,4
14115,6
14116,8
14117,2
14118,6
14119,0
14120,3
14121,0
14122,9
14123,4
14124,4
14125,3
14126,4
14127,6
14128,1
14129,3
14130,0
14131,6
14132,7
14133,10
14134,10
14135,0
14136,6
14137,10
14138,1
14139,7
14140,8
14141,0
14142,6
14143,4
14144,5
14145,7
14146,3
14147,8
14148,10
14149,7
14150,10
14151,4
14152,10
14153,6
14154,6
14155,7
14156,4
14157,4
14158,8
14159,8
14160,7
14161,6
14162,10
14163,6
14164,4
14165,9
14166,8
14167,10
14168,5
14169,1
14170,9
14171,8
14172,5
14173,7
14174,5
14175,7
14176,10
14177,6
14178,9
14179,10
14180,9
14181,5
14182,10
14183,9
14184,5
14185,2
14186,10
14187,8
14188,5
14189,8
14190,7
14191,8
14192,2
14193,6
14194,1
14195,4
14196,10
14197,3
14198,4
14199,4
14200,4
14201,3
14202,9
14203,4
14204,3
14205,6
14206,0
14207,6
14208,10
14209,1
14210,6
14211,0
14212,10
14213,9
14214,2
14215,0
14216,7
14217,6
14218,8
14219,10
14220,9
14221,6
14222,5
14223,4
14224,6
14225,6
14226,7
14227,6
14228,10
14229,0
14230,7
14231,5
14232,0
14233,9
14234,8
14235,6
14236,10
14237,4
14238,4
14239,6
14240,6
14241,10
14242,8
14243,9
14244,5
14245,2
14246,0
14247,6
14248,10
14249,6
14250,0
14251,10
14252,8
14253,6
14254,5
14255,7
14256,1
14257,9
14258,5
14259,8
14260,10
14261,4
14262,7
14263,5
14264,10
14265,6
14266,6
14267,10
14268,2
14269,8
14270,5
14271,5
14272,4
14273,7
14274,8
14275,4
14276,3
14277,8
14278,0
14279,5
14280,5
14281,0
14282,6
14283,10
14284,5
14285,1
14286,5
14287,4
14288,10
14289,8
14290,6
14291,1
14292,6
14293,2
14294,4
14295,5
14296,0
14297,4
14298,1
14299,5
14300,4
14301,0
14302,7
14303,4
14304,5
14305,5
14306,7
14307,1
14308,8
14309,6
14310,2
14311,7
14312,0
14313,7
14314,10
14315,0
14316,1
14317,10
14318,6
14319,4
14320,5
14321,4
14322,5
14323,8
14324,8
14325,4
14326,0
14327,7
14328,7
14329,4
14330,6
14331,2
14332,5
14333,2
14334,3
14335,4
14336,6
14337,8
14338,3
14339,8
14340,9
14341,8
14342,4
14343,0
14344,6
14345,5
14346,0
14347,4
14348,7
14349,2
14350,9
14351,10
14352,6
14353,0
14354,7
14355,6
14356,0
14357,4
14358,0
14359,5
14360,8
14361,3
14362,8
14363,2
14364,9
14365,9
14366,3
14367,5
14368,10
14369,10
14370,3
14371,0
14372,4
14373,3
14374,1
14375,2
14376,6
14377,6
14378,5
14379,8
14380,5
14381,4
14382,4
14383,10
14384,6
14385,6
14386,7
14387,4
14388,5
14389,8
14390,8
14391,1
14392,9
14393,4
14394,0
14395,5
14396,10
14397,4
14398,9
14399,4
14400,2
14401,4
14402,4
14403,6
14404,1
14405,8
14406,7
14407,10
14408,10
14409,7
14410,7
14411,7
14412,10
14413,5
14414,7
14415,9
14416,0
14417,10
14418,9
14419,7
14420,10
14421,1
14422,2
14423,2
14424,10
14425,6
14426,6
14427,6
14428,8
14429,1
14430,10
14431,4
14432,5
14433,9
14434,10
14435,8
14436,5
14437,9
14438,9
14439,6
14440,4
14441,4
14442,6
14443,5
14444,4
14445,8
14446,0
14447,5
14448,6
14449,8
14450,4
14451,6
14452,2
14453,9
14454,8
14455,10
14456,6
14457,10
14458,0
14459,10
14460,5
14461,1
14462,7
14463,4
14464,4
14465,4
14466,4
14467,2
14468,5
14469,8
14470,4
14471,9
14472,7
14473,0
14474,10
14475,4
14476,5
14477,5
14478,6
14479,0
14480,8
14481,6
14482,1
14483,4
14484,3
14485,10
14486,8
14487,1
14488,10
14489,9
14490,8
14491,7
14492,1
14493,5
14494,5
14495,4
14496,7
14497,3
14498,9
14499,5
14500,10
14501,3
14502,7
14503,6
14504,7
14505,0
14506,1
14507,9
14508,4
14509,8
14510,5
14511,10
14512,5
14513,6
14514,8
14515,10
14516,6
14517,10
14518,8
14519,7
14520,5
14521,0
14522,6
14523,0
14524,7
14525,9
14526,7
14527,2
14528,6
14529,10
14530,8
14531,9
14532,10
14533,4
14534,8
14535,0
14536,5
14537,2
14538,10
14539,10
14540,6
14541,8
14542,9
14543,4
14544,10
14545,1
14546,6
14547,3
14548,5
14549,3
14550,8
14551,5
14552,5
14553,8
14554,3
14555,7
14556,10
14557,4
14558,1
14559,10
14560,1
14561,6
14562,5
14563,4
14564,6
14565,4
14566,6
14567,3
14568,1
14569,1
14570,9
14571,10
14572,6
14573,6
14574,4
14575,7
14576,6
14577,8
14578,8
14579,5
14580,10
14581,0
14582,10
14583,8
14584,5
14585,2
14586,7
14587,10
14588,8
14589,4
14590,4
14591,8
14592,1
14593,8
14594,8
14595,7
14596,8
14597,3
14598,6
14599,10
14600,5
14601,5
14602,8
14603,4
14604,0
14605,7
14606,4
14607,1
14608,6
14609,0
14610,7
14611,5
14612,10
14613,0
14614,8
14615,10
14616,4
14617,1
14618,9
14619,6
14620,6
14621,8
14622,2
14623,9
14624,5
14625,3
14626,10
14627,4
14628,0
14629,6
14630,10
14631,1
14632,10
14633,4
14634,4
14635,5
14636,6
14637,9
14638,7
14639,4
14640,0
14641,4
14642,6
14643,10
14644,6
14645,6
14646,8
14647,5
14648,7
14649,8
14650,0
14651,4
14652,5
14653,5
14654,7
14655,7
14656,4
14657,4
14658,3
14659,4
14660,9
14661,3
14662,10
14663,6
14664,6
14665,8
14666,6
14667,10
14668,4
14669,3
14670,4
14671,5
14672,7
14673,4
14674,5
14675,6
14676,10
14677,8
14678,4
14679,5
14680,6
14681,10
14682,5
14683,8
14684,6
14685,6
14686,8
14687,6
14688,2
14689,0
14690,10
14691,0
14692,8
14693,10
14694,4
14695,4
14696,4
14697,5
14698,0
14699,0
14700,6
14701,7
14702,0
14703,5
14704,0
14705,8
14706,6
14707,10
14708,8
14709,5
14710,0
14711,1
14712,5
14713,9
14714,6
14715,6
14716,10
14717,10
14718,7
14719,8
14720,0
14721,6
14722,4
14723,7
14724,5
14725,6
14726,5
14727,3
14728,6
14729,1
14730,6
14731,0
14732,6
14733,9
14734,3
14735,6
14736,0
14737,1
14738,2
14739,0
14740,9
14741,9
14742,6
14743,0
14744,0
14745,6
14746,8
14747,5
14748,4
14749,3
14750,7
14751,7
14752,4
14753,9
14754,4
14755,9
14756,10
14757,7
14758,9
14759,6
14760,9
14761,5
14762,3
14763,9
14764,1
14765,6
14766,3
14767,3
14768,2
14769,7
14770,6
14771,0
14772,6
14773,6
14774,4
14775,8
14776,7
14777,9
14778,4
14779,2
14780,5
14781,10
14782,0
14783,1
14784,6
14785,7
14786,5
14787,6
14788,6
14789,6
14790,10
14791,2
14792,6
14793,5
14794,7
14795,6
14796,10
14797,0
14798,7
14799,7
14800,4
14801,0
14802,7
14803,5
14804,1
14805,8
14806,10
14807,8
14808,10
14809,7
14810,4
14811,6
14812,5
14813,0
14814,6
14815,9
14816,1
14817,6
14818,7
14819,10
14820,8
14821,5
14822,10
14823,5
14824,1
14825,6
14826,5
14827,10
14828,6
14829,6
14830,0
14831,6
14832,7
14833,4
14834,6
14835,5
14836,8
14837,6
14838,0
14839,10
14840,8
14841,10
14842,0
14843,0
14844,0
14845,10
14846,4
14847,7
14848,0
14849,5
14850,5
14851,9
14852,10
14853,2
14854,3
14855,7
14856,6
14857,3
14858,6
14859,6
14860,6
14861,10
14862,7
14863,1
14864,6
14865,5
14866,4
14867,5
14868,3
14869,8
14870,9
14871,10
14872,6
14873,6
14874,10
14875,10
14876,6
14877,5
14878,6
14879,4
14880,0
14881,6
14882,2
14883,10
14884,6
14885,6
14886,8
14887,0
14888,7
14889,8
14890,5
14891,1
14892,6
14893,6
14894,8
14895,4
14896,6
14897,0
14898,10
14899,10
14900,4
14901,2
14902,5
14903,10
14904,9
14905,1
14906,8
14907,1
14908,4
14909,7
14910,7
14911,8
14912,10
14913,4
14914,4
14915,8
14916,4
14917,5
14918,9
14919,5
14920,7
14921,4
14922,5
14923,9
14924,7
14925,10
14926,3
14927,9
14928,8
14929,1
14930,6
14931,6
14932,6
14933,6
14934,4
14935,7
14936,10
14937,10
14938,7
14939,6
14940,4
14941,4
14942,6
14943,6
14944,8
14945,10
14946,5
14947,5
14948,7
14949,4
14950,2
14951,5
14952,7
14953,0
14954,9
14955,5
14956,6
14957,4
14958,4
14959,5
14960,10
14961,8
14962,0
14963,1
14964,5
14965,7
14966,8
14967,8
14968,7
14969,0
14970,6
14971,7
14972,10
14973,4
14974,6
14975,5
14976,7
14977,8
14978,9
14979,6
14980,5
14981,7
14982,5
14983,8
14984,7
14985,4
14986,7
14987,10
14988,3
14989,6
14990,6
14991,4
14992,6
14993,10
14994,4
14995,0
14996,10
14997,10
14998,8
14999,7
15000,4
15001,10
15002,6
15003,10
15004,10
15005,9
15006,10
15007,8
15008,6
15009,8
15010,1
15011,4
15012,6
15013,7
15014,5
15015,10
15016,10
15017,4
15018,7
15019,10
15020,8
15021,0
15022,5
15023,5
15024,4
15025,8
15026,6
15027,10
15028,4
15029,6
15030,6
15031,9
15032,4
15033,1
15034,10
15035,5
15036,4
15037,3
15038,8
15039,6
15040,3
15041,7
15042,6
15043,9
15044,10
15045,6
15046,5
15047,2
15048,6
15049,4
15050,7
15051,7
15052,4
15053,8
15054,6
15055,8
15056,7
15057,0
15058,3
15059,10
15060,4
15061,6
15062,8
15063,7
15064,4
15065,4
15066,4
15067,5
15068,7
15069,6
15070,9
15071,7
15072,6
15073,8
15074,8
15075,5
15076,8
15077,5
15078,2
15079,5
15080,0
15081,0
15082,0
15083,10
15084,9
15085,4
15086,4
15087,5
15088,7
15089,8
15090,6
15091,10
15092,10
15093,4
15094,2
15095,8
15096,5
15097,4
15098,1
15099,6
15100,10
15101,4
15102,7
15103,6
15104,7
15105,1
15106,1
15107,9
15108,4
15109,5
15110,3
15111,4
15112,5
15113,5
15114,7
15115,8
15116,4
15117,8
15118,6
15119,5
15120,6
15121,6
15122,0
15123,6
15124,3
15125,5
15126,8
15127,8
15128,10
15129,8
15130,4
15131,9
15132,1
15133,3
15134,6
15135,8
15136,0
15137,6
15138,5
15139,6
15140,6
15141,3
15142,3
15143,7
15144,9
15145,3
15146,10
15147,4
15148,8
15149,7
15150,7
15151,6
15152,9
15153,7
15154,6
15155,6
15156,5
15157,10
15158,4
15159,10
15160,10
15161,1
15162,7
15163,4
15164,3
15165,6
15166,10
15167,6
15168,8
15169,4
15170,7
15171,5
15172,7
15173,6
15174,8
15175,9
15176,8
15177,5
15178,7
15179,0
15180,4
15181,3
15182,7
15183,7
15184,1
15185,8
15186,7
15187,4
15188,9
15189,9
15190,4
15191,6
15192,10
15193,7
15194,0
15195,5
15196,4
15197,2
15198,5
15199,10
15200,10
15201,7
15202,5
15203,5
15204,10
15205,6
15206,4
15207,9
15208,6
15209,8
15210,10
15211,10
15212,4
15213,7
15214,8
15215,0
15216,2
15217,8
15218,7
15219,10
15220,8
15221,6
15222,2
15223,3
15224,4
15225,8
15226,7
15227,6
15228,5
15229,10
15230,0
15231,8
15232,0
15233,10
15234,0
15235,10
15236,5
15237,6
15238,5
15239,10
15240,10
15241,5
15242,8
15243,5
15244,6
15245,8
15246,0
15247,1
15248,9
15249,6
15250,7
15251,6
15252,5
15253,5
15254,0
15255,5
15256,5
15257,5
15258,10
15259,0
15260,0
15261,10
15262,10
15263,5
15264,1
15265,9
15266,7
15267,6
15268,6
15269,1
15270,10
15271,8
15272,6
15273,6
15274,3
15275,5
15276,5
15277,5
15278,4
15279,5
15280,6
15281,0
15282,9
15283,6
15284,6
15285,5
15286,7
15287,3
15288,6
15289,4
15290,10
15291,5
15292,10
15293,6
15294,6
15295,7
15296,9
15297,3
15298,10
15299,7
15300,1
15301,7
15302,5
15303,5
15304,9
15305,10
15306,5
15307,1
15308,6
15309,5
15310,5
15311,0
15312,10
15313,6
15314,6
15315,5
15316,5
15317,8
15318,9
15319,10
15320,8
15321,0
15322,7
15323,6
15324,6
15325,9
15326,7
15327,4
15328,7
15329,2
15330,7
15331,4
15332,1
15333,7
15334,10
15335,10
15336,10
15337,8
15338,8
15339,4
15340,9
15341,4
15342,3
15343,5
15344,6
15345,1
15346,2
15347,5
15348,5
15349,8
15350,0
15351,4
15352,6
15353,4
15354,10
15355,8
15356,7
15357,4
15358,4
15359,6
15360,4
15361,4
15362,6
15363,5
15364,7
15365,4
15366,7
15367,2
15368,8
15369,0
15370,6
15371,3
15372,5
15373,10
15374,10
15375,4
15376,6
15377,5
15378,10
15379,6
15380,6
15381,6
15382,2
15383,7
15384,7
15385,3
15386,10
15387,4
15388,5
15389,5
15390,10
15391,6
15392,8
15393,4
15394,10
15395,6
15396,10
15397,4
15398,8
15399,7
15400,0
15401,7
15402,6
15403,7
15404,7
15405,5
15406,4
15407,4
15408,6
15409,2
15410,3
15411,10
15412,7
15413,4
15414,1
15415,3
15416,2
15417,6
15418,5
15419,5
15420,10
15421,10
15422,9
15423,9
15424,4
15425,4
15426,4
15427,4
15428,9
15429,7
15430,10
15431,6
15432,4
15433,7
15434,4
15435,3
15436,5
15437,5
15438,0
15439,10
15440,4
15441,9
15442,2
15443,6
15444,1
15445,5
15446,6
15447,10
15448,0
15449,5
15450,0
15451,0
15452,8
15453,1
15454,7
15455,10
15456,8
15457,3
15458,1
15459,1
15460,0
15461,4
15462,10
15463,4
15464,3
15465,0
15466,7
15467,6
15468,8
15469,6
15470,5
15471,6
15472,2
15473,7
15474,6
15475,7
15476,8
15477,4
15478,0
15479,6
15480,5
15481,0
15482,2
15483,6
15484,1
15485,2
15486,9
15487,1
15488,9
15489,10
15490,8
15491,4
15492,5
15493,8
15494,8
15495,6
15496,6
15497,10
15498,6
15499,0
15500,4
15501,10
15502,10
15503,0
15504,9
15505,7
15506,9
15507,10
15508,10
15509,8
15510,0
15511,5
15512,2
15513,7
15514,1
15515,6
15516,0
15517,2
15518,4
15519,10
15520,6
15521,10
15522,0
15523,5
15524,3
15525,4
15526,5
15527,10
15528,8
15529,6
15530,10
15531,7
15532,4
15533,5
15534,5
15535,1
15536,4
15537,9
15538,6
15539,6
15540,6
15541,5
15542,4
15543,10
15544,6
15545,7
15546,4
15547,7
15548,7
15549,4
15550,10
15551,4
15552,6
15553,10
15554,8
15555,5
15556,3
15557,0
15558,0
15559,10
15560,4
15561,8
15562,7
15563,7
15564,5
15565,8
15566,2
15567,10
15568,10
15569,9
15570,6
15571,5
15572,8
15573,7
15574,0
15575,6
15576,3
15577,6
15578,8
15579,4
15580,10
15581,7
15582,5
15583,1
15584,6
15585,2
15586,10
15587,5
15588,10
15589,5
15590,4
15591,5
15592,10
15593,6
15594,0
15595,4
15596,6
15597,6
15598,0
15599,4
15600,4
15601,4
15602,6
15603,10
15604,9
15605,4
15606,5
15607,6
15608,0
15609,7
15610,10
15611,6
15612,6
15613,8
15614,3
15615,3
15616,6
15617,9
15618,6
15619,5
15620,6
15621,3
15622,5
15623,6
15624,9
15625,6
15626,5
15627,8
15628,3
15629,5
15630,5
15631,1
15632,8
15633,7
15634,0
15635,8
15636,6
15637,4
15638,6
15639,5
15640,7
15641,2
15642,8
15643,5
15644,4
15645,8
15646,7
15647,2
15648,8
15649,0
15650,5
15651,2
15652,4
15653,1
15654,9
15655,6
15656,7
15657,5
15658,5
15659,4
15660,10
15661,0
15662,4
15663,10
15664,8
15665,1
15666,4
15667,6
15668,0
15669,10
15670,0
15671,8
15672,1
15673,10
15674,7
15675,0
15676,5
15677,8
15678,10
15679,8
15680,8
15681,4
15682,10
15683,8
15684,6
15685,0
15686,10
15687,7
15688,6
15689,7
15690,7
15691,5
15692,7
15693,10
15694,8
15695,7
15696,8
15697,8
15698,4
15699,6
15700,0
15701,5
15702,10
15703,3
15704,10
15705,6
15706,10
15707,10
15708,10
15709,5
15710,8
15711,10
15712,1
15713,5
15714,6
15715,0
15716,7
15717,7
15718,5
15719,7
15720,3
15721,10
15722,6
15723,4
15724,1
15725,4
15726,7
15727,9
15728,8
15729,5
15730,4
15731,8
15732,10
15733,7
15734,6
15735,3
15736,1
15737,10
15738,5
15739,2
15740,1
15741,4
15742,4
15743,9
15744,10
15745,6
15746,6
15747,1
15748,9
15749,10
15750,0
15751,5
15752,8
15753,8
15754,7
15755,6
15756,4
15757,6
15758,10
15759,5
15760,4
15761,9
15762,5
15763,0
15764,7
15765,2
15766,6
15767,8
15768,8
15769,0
15770,1
15771,4
15772,8
15773,8
15774,7
15775,6
15776,0
15777,7
15778,0
15779,7
15780,4
15781,8
15782,9
15783,4
15784,5
15785,9
15786,5
15787,4
15788,5
15789,6
15790,4
15791,0
15792,7
15793,4
15794,3
15795,6
15796,10
15797,7
15798,1
15799,5
15800,0
15801,8
15802,9
15803,5
15804,10
15805,4
15806,4
15807,0
15808,7
15809,10
15810,4
15811,7
15812,4
15813,10
15814,3
15815,7
15816,10
15817,6
15818,7
15819,10
15820,5
15821,5
15822,8
15823,8
15824,7
15825,1
15826,10
15827,4
15828,7
15829,0
15830,10
15831,8
15832,10
15833,0
15834,6
15835,6
15836,6
15837,2
15838,5
15839,3
15840,5
15841,6
15842,6
15843,4
15844,4
15845,5
15846,6
15847,6
15848,7
15849,4
15850,4
15851,5
15852,8
15853,7
15854,9
15855,5
15856,1
15857,4
15858,3
15859,9
15860,4
15861,7
15862,10
15863,3
15864,3
15865,7
15866,7
15867,10
15868,1
15869,4
15870,5
15871,7
15872,8
15873,7
15874,4
15875,5
15876,7
15877,9
15878,0
15879,5
15880,9
15881,7
15882,9
15883,3
15884,10
15885,6
15886,0
15887,10
15888,8
15889,10
15890,7
15891,7
15892,9
15893,9
15894,7
15895,1
15896,3
15897,2
15898,6
15899,7
15900,10
15901,0
15902,8
15903,7
15904,4
15905,6
15906,4
15907,4
15908,7
15909,2
15910,10
15911,0
15912,4
15913,7
15914,10
15915,3
15916,8
15917,6
15918,6
15919,10
15920,5
15921,10
15922,4
15923,8
15924,9
15925,3
15926,6
15927,5
15928,7
15929,5
15930,8
15931,10
15932,4
15933,8
15934,9
15935,9
15936,5
15937,6
15938,9
15939,0
15940,6
15941,4
15942,4
15943,10
15944,3
15945,6
15946,6
15947,8
15948,6
15949,5
15950,8
15951,3
15952,0
15953,2
15954,7
15955,2
15956,10
15957,3
15958,8
15959,8
15960,7
15961,7
15962,6
15963,0
15964,6
15965,3
15966,10
15967,6
15968,5
15969,6
15970,9
15971,6
15972,2
15973,6
15974,10
15975,3
15976,8
15977,6
15978,9
15979,7
15980,5
15981,10
15982,10
15983,10
15984,1
15985,10
15986,6
15987,10
15988,0
15989,8
15990,6
15991,10
15992,10
15993,6
15994,6
15995,7
15996,7
15997,4
15998,5
15999,6
16000,9
16001,6
16002,0
16003,7
16004,5
16005,4
16006,8
16007,6
16008,1
16009,10
16010,3
16011,6
16012,2
16013,10
16014,5
16015,4
16016,10
16017,5
16018,7
16019,6
16020,9
16021,8
16022,6
16023,2
16024,4
16025,4
16026,10
16027,10
16028,6
16029,6
16030,8
16031,6
16032,10
16033,6
16034,8
16035,5
16036,4
16037,4
16038,1
16039,10
16040,6
16041,8
16042,4
16043,3
16044,7
16045,7
16046,5
16047,7
16048,8
16049,10
16050,3
16051,0
16052,10
16053,8
16054,1
16055,5
16056,8
16057,5
16058,6
16059,9
16060,8
16061,5
16062,9
16063,10
16064,5
16065,5
16066,8
16067,9
16068,1
16069,8
16070,5
16071,3
16072,10
16073,10
16074,5
16075,9
16076,6
16077,5
16078,4
16079,10
16080,6
16081,1
16082,8
16083,6
16084,10
16085,5
16086,10
16087,6
16088,10
16089,6
16090,5
16091,5
16092,4
16093,4
16094,5
16095,6
16096,2
16097,5
16098,6
16099,6
16100,3
16101,8
16102,5
16103,4
16104,0
16105,8
16106,1
16107,5
16108,5
16109,5
16110,8
16111,3
16112,4
16113,10
16114,4
16115,6
16116,10
16117,4
16118,10
16119,0
16120,4
16121,0
16122,4
16123,7
16124,7
16125,10
16126,6
16127,7
16128,7
16129,6
16130,6
16131,4
16132,6
16133,6
16134,5
16135,1
16136,5
16137,4
16138,0
16139,7
16140,1
16141,3
16142,10
16143,6
16144,7
16145,7
16146,7
16147,0
16148,7
16149,5
16150,10
16151,6
16152,5
16153,10
16154,6
16155,2
16156,7
16157,6
16158,5
16159,7
16160,7
16161,2
16162,7
16163,10
16164,8
16165,8
16166,5
16167,0
16168,10
16169,4
16170,5
16171,10
16172,6
16173,10
16174,5
16175,10
16176,5
16177,3
16178,8
16179,1
16180,10
16181,0
16182,1
16183,3
16184,5
16185,5
16186,7
16187,4
16188,5
16189,6
16190,8
16191,4
16192,0
16193,0
16194,5
16195,3
16196,5
16197,7
16198,1
16199,2
16200,5
16201,0
16202,4
16203,4
16204,10
16205,0
16206,6
16207,0
16208,8
16209,6
16210,5
16211,10
16212,4
16213,5
16214,5
16215,9
16216,6
16217,5
16218,7
16219,1
16220,7
16221,8
16222,4
16223,5
16224,0
16225,6
16226,4
16227,9
16228,1
16229,0
16230,1
16231,6
16232,1
16233,7
16234,4
16235,2
16236,2
16237,10
16238,5
16239,6
16240,5
16241,9
16242,4
16243,6
16244,2
16245,5
16246,7
16247,6
16248,9
16249,10
16250,9
16251,10
16252,3
16253,6
16254,4
16255,8
16256,6
16257,1
16258,8
16259,8
16260,5
16261,5
16262,3
16263,3
16264,0
16265,8
16266,5
16267,7
16268,6
16269,9
16270,4
16271,5
16272,6
16273,7
16274,1
16275,1
16276,10
16277,10
16278,10
16279,10
16280,0
16281,2
16282,7
16283,7
16284,1
16285,7
16286,1
16287,3
16288,6
16289,6
16290,7
16291,7
16292,10
16293,4
16294,5
16295,10
16296,1
16297,10
16298,0
16299,3
16300,0
16301,7
16302,5
16303,8
16304,9
16305,4
16306,1
16307,10
16308,6
16309,4
16310,7
16311,8
16312,1
16313,7
16314,5
16315,6
16316,6
16317,1
16318,0
16319,5
16320,10
16321,10
16322,4
16323,8
16324,0
16325,8
16326,5
16327,4
16328,8
16329,4
16330,4
16331,8
16332,9
16333,6
16334,4
16335,10
16336,5
16337,0
16338,10
16339,4
16340,6
16341,8
16342,8
16343,6
16344,5
16345,5
16346,10
16347,1
16348,4
16349,5
16350,0
16351,7
16352,1
16353,10
16354,6
16355,7
16356,8
16357,1
16358,0
16359,6
16360,0
16361,0
16362,5
16363,10
16364,8
16365,0
16366,0
16367,3
16368,6
16369,6
16370,0
16371,3
16372,10
16373,9
16374,10
16375,2
16376,5
16377,8
16378,6
16379,10
16380,6
16381,4
16382,10
16383,10
16384,8
16385,0
16386,9
16387,4
16388,7
16389,1
16390,10
16391,7
16392,8
16393,5
16394,1
16395,9
16396,6
16397,9
16398,5
16399,8
16400,10
16401,6
16402,1
16403,1
16404,5
16405,8
16406,10
16407,7
16408,7
16409,1
16410,6
16411,4
16412,5
16413,10
16414,5
16415,5
16416,6
16417,10
16418,6
16419,7
16420,4
16421,4
16422,6
16423,10
16424,4
16425,6
16426,3
16427,3
16428,5
16429,4
16430,0
16431,5
16432,5
16433,6
16434,7
16435,10
16436,10
16437,7
16438,0
16439,5
16440,7
16441,0
16442,9
16443,3
16444,10
16445,4
16446,0
16447,4
16448,2
16449,6
16450,10
16451,5
16452,10
16453,0
16454,6
16455,4
16456,4
16457,5
16458,9
16459,0
16460,6
16461,9
16462,6
16463,9
16464,2
16465,7
16466,4
16467,10
16468,10
16469,3
16470,2
16471,10
16472,8
16473,0
16474,0
16475,6
16476,9
16477,8
16478,9
16479,9
16480,6
16481,7
16482,0
16483,7
16484,10
16485,8
16486,7
16487,0
16488,8
16489,5
16490,6
16491,6
16492,5
16493,5
16494,8
16495,10
16496,2
16497,6
16498,0
16499,1
16500,6
16501,10
16502,1
16503,0
16504,4
16505,8
16506,6
16507,9
16508,10
16509,7
16510,0
16511,8
16512,1
16513,6
16514,0
16515,6
16516,8
16517,9
16518,7
16519,9
16520,0
16521,6
16522,10
16523,6
16524,1
16525,10
16526,9
16527,3
16528,0
16529,3
16530,7
16531,5
16532,0
16533,7
16534,1
16535,4
16536,7
16537,6
16538,6
16539,4
16540,1
16541,6
16542,6
16543,9
16544,8
16545,5
16546,4
16547,10
16548,0
16549,10
16550,0
16551,8
16552,0
16553,5
16554,6
16555,6
16556,6
16557,5
16558,1
16559,7
16560,2
16561,10
16562,10
16563,0
16564,4
16565,5
16566,9
16567,5
16568,1
16569,6
16570,10
16571,10
16572,8
16573,9
16574,6
16575,6
16576,5
16577,10
16578,6
16579,8
16580,10
16581,3
16582,9
16583,8
16584,8
16585,7
16586,5
16587,6
16588,8
16589,6
16590,10
16591,6
16592,3
16593,4
16594,5
16595,5
16596,10
16597,5
16598,8
16599,10
16600,0
16601,6
16602,3
16603,8
16604,0
16605,6
16606,6
16607,5
16608,0
16609,6
16610,9
16611,5
16612,0
16613,6
16614,7
16615,5
16616,5
16617,4
16618,8
16619,8
16620,6
16621,8
16622,3
16623,3
16624,6
16625,8
16626,9
16627,6
16628,1
16629,5
16630,0
16631,5
16632,5
16633,10
16634,10
16635,1
16636,0
16637,9
16638,10
16639,1
16640,10
16641,0
16642,8
16643,9
16644,9
16645,3
16646,3
16647,6
16648,6
16649,1
16650,4
16651,4
16652,6
16653,5
16654,10
16655,1
16656,10
16657,7
16658,6
16659,2
16660,4
16661,8
16662,7
16663,4
16664,10
16665,10
16666,6
16667,6
16668,8
16669,3
16670,6
16671,6
16672,6
16673,1
16674,6
16675,9
16676,7
16677,6
16678,8
16679,0
16680,1
16681,10
16682,7
16683,5
16684,6
16685,10
16686,10
16687,6
16688,7
16689,0
16690,0
16691,8
16692,8
16693,0
16694,4
16695,7
16696,4
16697,0
16698,0
16699,7
16700,0
16701,8
16702,4
16703,7
16704,5
16705,1
16706,10
16707,10
16708,6
16709,0
16710,5
16711,6
16712,6
16713,10
16714,10
16715,9
16716,2
16717,2
16718,9
16719,9
16720,1
16721,8
16722,8
16723,6
16724,9
16725,6
16726,5
16727,10
16728,5
16729,2
16730,7
16731,10
16732,4
16733,4
16734,2
16735,2
16736,10
16737,4
16738,0
16739,4
16740,10
16741,6
16742,0
16743,10
16744,6
16745,6
16746,0
16747,8
16748,8
16749,4
16750,8
16751,4
16752,10
16753,8
16754,7
16755,6
16756,3
16757,0
16758,5
16759,1
16760,4
16761,7
16762,10
16763,6
16764,10
16765,5
16766,4
16767,4
16768,2
16769,8
16770,10
16771,10
16772,10
16773,0
16774,4
16775,5
16776,7
16777,7
16778,6
16779,4
16780,10
16781,7
16782,6
16783,0
16784,0
16785,6
16786,5
16787,9
16788,10
16789,3
16790,0
16791,3
16792,7
16793,10
16794,5
16795,10
16796,6
16797,0
16798,5
16799,2
16800,4
16801,2
16802,3
16803,10
16804,5
16805,10
16806,6
16807,1
16808,10
16809,4
16810,0
16811,7
16812,5
16813,10
16814,6
16815,5
16816,6
16817,1
16818,1
16819,8
16820,10
16821,10
16822,3
16823,6
16824,8
16825,3
16826,7
16827,4
16828,6
16829,3
16830,6
16831,0
16832,8
16833,1
16834,4
16835,3
16836,8
16837,6
16838,4
16839,6
16840,5
16841,10
16842,8
16843,10
16844,6
16845,10
16846,4
16847,0
16848,6
16849,0
16850,4
16851,0
16852,10
16853,6
16854,10
16855,9
16856,10
16857,5
16858,0
16859,5
16860,10
16861,4
16862,4
16863,4
16864,10
16865,8
16866,0
16867,7
16868,5
16869,4
16870,0
16871,4
16872,4
16873,10
16874,10
16875,9
16876,4
16877,5
16878,0
16879,10
16880,7
16881,10
16882,4
16883,6
16884,9
16885,6
16886,10
16887,9
16888,9
16889,4
16890,4
16891,4
16892,6
16893,9
16894,4
16895,8
16896,7
16897,7
16898,6
16899,10
16900,6
16901,8
16902,0
16903,9
16904,8
16905,6
16906,6
16907,10
16908,1
16909,10
16910,8
16911,5
16912,5
16913,4
16914,5
16915,6
16916,6
16917,0
16918,6
16919,0
16920,0
16921,10
16922,6
16923,4
16924,6
16925,5
16926,6
16927,3
16928,7
16929,6
16930,3
16931,2
16932,6
16933,10
16934,2
16935,10
16936,9
16937,8
16938,2
16939,6
16940,3
16941,4
16942,10
16943,6
16944,9
16945,9
16946,8
16947,3
16948,7
16949,6
16950,4
16951,6
16952,5
16953,4
16954,0
16955,8
16956,5
16957,2
16958,8
16959,9
16960,5
16961,7
16962,4
16963,0
16964,3
16965,0
16966,9
16967,9
16968,3
16969,4
16970,5
16971,3
16972,10
16973,8
16974,0
16975,10
16976,3
16977,10
16978,4
16979,8
16980,6
16981,9
16982,9
16983,8
16984,7
16985,4
16986,6
16987,10
16988,7
16989,2
16990,8
16991,6
16992,0
16993,8
16994,4
16995,5
16996,0
16997,6
16998,8
16999,10
17000,0
17001,6
17002,6
17003,10
17004,7
17005,3
17006,7
17007,10
17008,6
17009,2
17010,5
17011,9
17012,8
17013,10
17014,9
17015,7
17016,8
17017,5
17018,5
17019,5
17020,10
17021,7
17022,6
17023,2
17024,0
17025,8
17026,10
17027,4
17028,10
17029,4
17030,7
17031,0
17032,0
17033,1
17034,5
17035,4
17036,5
17037,9
17038,9
17039,1
17040,0
17041,6
17042,5
17043,8
17044,4
17045,4
17046,1
17047,10
17048,4
17049,0
17050,6
17051,5
17052,7
17053,7
17054,6
17055,0
17056,10
17057,10
17058,0
17059,6
17060,6
17061,6
17062,10
17063,5
17064,5
17065,4
17066,10
17067,0
17068,9
17069,3
17070,7
17071,5
17072,1
17073,4
17074,10
17075,2
17076,0
17077,8
17078,6
17079,10
17080,10
17081,8
17082,9
17083,10
17084,6
17085,10
17086,4
17087,9
17088,8
17089,6
17090,7
17091,10
17092,0
17093,10
17094,8
17095,8
17096,8
17097,0
17098,9
17099,5
17100,10
17101,6
17102,7
17103,2
17104,7
17105,0
17106,6
17107,0
17108,9
17109,4
17110,10
17111,0
17112,10
17113,6
17114,6
17115,5
17116,10
17117,5
17118,8
17119,10
17120,9
17121,9
17122,10
17123,4
17124,4
17125,7
17126,6
17127,6
17128,7
17129,6
17130,1
17131,6
17132,0
17133,10
17134,5
17135,2
17136,2
17137,3
17138,2
17139,5
17140,7
17141,7
17142,1
17143,8
17144,5
17145,5
17146,4
17147,10
17148,8
17149,4
17150,5
17151,4
17152,4
17153,9
17154,1
17155,6
17156,9
17157,4
17158,7
17159,6
17160,5
17161,6
17162,10
17163,6
17164,8
17165,10
17166,3
17167,10
17168,3
17169,6
17170,4
17171,4
17172,4
17173,0
17174,6
17175,5
17176,4
17177,9
17178,7
17179,4
17180,3
17181,4
17182,4
17183,6
17184,1
17185,10
17186,10
17187,6
17188,10
17189,8
17190,2
17191,6
17192,5
17193,8
17194,10
17195,0
17196,7
17197,8
17198,4
17199,8
17200,5
17201,10
17202,2
17203,0
17204,7
17205,6
17206,1
17207,10
17208,4
17209,6
17210,5
17211,3
17212,10
17213,6
17214,5
17215,6
17216,0
17217,5
17218,8
17219,7
17220,8
17221,0
17222,8
17223,4
17224,2
17225,4
17226,3
17227,1
17228,9
17229,6
17230,8
17231,8
17232,6
17233,6
17234,4
17235,6
17236,6
17237,10
17238,5
17239,6
17240,6
17241,2
17242,1
17243,6
17244,4
17245,8
17246,7
17247,3
17248,6
17249,5
17250,2
17251,6
17252,10
17253,5
17254,8
17255,7
17256,6
17257,7
17258,4
17259,4
17260,8
17261,2
17262,8
17263,10
17264,5
17265,6
17266,7
17267,4
17268,6
17269,5
17270,7
17271,0
17272,4
17273,6
17274,1
17275,10
17276,8
17277,10
17278,4
17279,4
17280,4
17281,4
17282,6
17283,5
17284,7
17285,5
17286,1
17287,3
17288,7
17289,6
17290,10
17291,10
17292,6
17293,6
17294,6
17295,5
17296,8
17297,6
17298,5
17299,10
17300,6
17301,4
17302,10
17303,10
17304,5
17305,9
17306,9
17307,7
17308,7
17309,10
17310,3
17311,6
17312,7
17313,0
17314,7
17315,6
17316,5
17317,10
17318,8
17319,0
17320,7
17321,5
17322,6
17323,7
17324,4
17325,8
17326,10
17327,0
17328,5
17329,10
17330,9
17331,10
17332,0
17333,10
17334,5
17335,9
17336,10
17337,9
17338,0
17339,6
17340,8
17341,7
17342,3
17343,8
17344,4
17345,9
17346,8
17347,5
17348,5
17349,5
17350,10
17351,5
17352,5
17353,6
17354,7
17355,1
17356,6
17357,4
17358,7
17359,10
17360,7
17361,9
17362,4
17363,3
17364,6
17365,5
17366,6
17367,3
17368,6
17369,7
17370,6
17371,7
17372,9
17373,5
17374,8
17375,10
17376,10
17377,6
17378,4
17379,4
17380,7
17381,5
17382,4
17383,6
17384,4
17385,5
17386,9
17387,6
17388,6
17389,3
17390,5
17391,9
17392,4
17393,6
17394,10
17395,5
17396,7
17397,5
17398,6
17399,6
17400,8
17401,7
17402,1
17403,5
17404,3
17405,6
17406,5
17407,8
17408,9
17409,6
17410,6
17411,10
17412,2
17413,2
17414,6
17415,6
17416,6
17417,6
17418,7
17419,1
17420,8
17421,2
17422,2
17423,6
17424,2
17425,10
17426,6
17427,4
17428,8
17429,5
17430,3
17431,0
17432,5
17433,4
17434,2
17435,4
17436,4
17437,10
17438,8
17439,0
17440,2
17441,7
17442,1
17443,6
17444,5
17445,6
17446,0
17447,6
17448,8
17449,7
17450,10
17451,10
17452,0
17453,9
17454,8
17455,10
17456,7
17457,5
17458,5
17459,4
17460,6
17461,7
17462,7
17463,4
17464,7
17465,5
17466,9
17467,0
17468,5
17469,10
17470,0
17471,8
17472,10
17473,10
17474,0
17475,8
17476,5
17477,4
17478,5
17479,0
17480,6
17481,9
17482,7
17483,5
17484,2
17485,10
17486,6
17487,4
17488,6
17489,0
17490,10
17491,7
17492,7
17493,5
17494,10
17495,0
17496,6
17497,5
17498,7
17499,9
17500,7
17501,10
17502,4
17503,0
17504,7
17505,8
17506,6
17507,4
17508,6
17509,6
17510,0
17511,7
17512,1
17513,8
17514,2
17515,8
17516,8
17517,4
17518,9
17519,7
17520,5
17521,8
17522,0
17523,2
17524,8
17525,10
17526,0
17527,8
17528,5
17529,8
17530,4
17531,10
17532,10
17533,7
17534,8
17535,6
17536,5
17537,3
17538,8
17539,5
17540,9
17541,7
17542,2
17543,6
17544,6
17545,6
17546,8
17547,9
17548,0
17549,1
17550,10
17551,8
17552,5
17553,10
17554,10
17555,10
17556,1
17557,10
17558,5
17559,10
17560,10
17561,4
17562,0
17563,4
17564,5
17565,6
17566,5
17567,5
17568,6
17569,8
17570,10
17571,4
17572,4
17573,10
17574,4
17575,6
17576,6
17577,5
17578,1
17579,2
17580,5
17581,6
17582,0
17583,8
17584,5
17585,10
17586,3
17587,6
17588,6
17589,10
17590,6
17591,7
17592,6
17593,10
17594,8
17595,0
17596,8
17597,10
17598,5
17599,10
17600,6
17601,8
17602,10
17603,0
17604,5
17605,5
17606,0
17607,10
17608,10
17609,10
17610,9
17611,7
17612,6
17613,9
17614,9
17615,3
17616,9
17617,6
17618,10
17619,4
17620,5
17621,2
17622,8
17623,7
17624,6
17625,5
17626,9
17627,6
17628,1
17629,10
17630,7
17631,8
17632,8
17633,8
17634,7
17635,10
17636,10
17637,0
17638,10
17639,6
17640,7
17641,5
17642,6
17643,4
17644,6
17645,5
17646,4
17647,5
17648,5
17649,6
17650,4
17651,6
17652,0
17653,0
17654,5
17655,10
17656,6
17657,10
17658,6
17659,9
17660,6
17661,6
17662,6
17663,8
17664,0
17665,8
17666,8
17667,5
17668,9
17669,7
17670,5
17671,7
17672,6
17673,10
17674,5
17675,1
17676,5
17677,7
17678,2
17679,5
17680,1
17681,7
17682,0
17683,0
17684,9
17685,4
17686,8
17687,10
17688,0
17689,6
17690,5
17691,1
17692,5
17693,7
17694,2
17695,1
17696,5
17697,6
17698,5
17699,7
17700,6
17701,6
17702,9
17703,6
17704,2
17705,4
17706,7
17707,4
17708,6
17709,8
17710,4
17711,4
17712,5
17713,4
17714,6
17715,6
17716,6
17717,6
17718,4
17719,6
17720,6
17721,4
17722,10
17723,9
17724,6
17725,5
17726,6
17727,6
17728,6
17729,6
17730,8
17731,6
17732,6
17733,4
17734,4
17735,4
17736,5
17737,9
17738,3
17739,5
17740,6
17741,9
17742,8
17743,8
17744,1
17745,5
17746,6
17747,9
17748,4
17749,2
17750,2
17751,10
17752,3
17753,6
17754,10
17755,5
17756,2
17757,6
17758,5
17759,7
17760,0
17761,3
17762,0
17763,0
17764,10
17765,1
17766,2
17767,8
17768,10
17769,6
17770,4
17771,5
17772,10
17773,5
17774,4
17775,4
17776,4
17777,7
